Country Name,Country ISO3,Year,Indicator Name,Indicator Code,Value
Nigeria,NGA,2010,"Enrolment in pre-primary education, both sexes (number)",SE.PRE.ENRL,2020668
Nigeria,NGA,2009,"Enrolment in pre-primary education, both sexes (number)",SE.PRE.ENRL,1904611
Nigeria,NGA,2008,"Enrolment in pre-primary education, both sexes (number)",SE.PRE.ENRL,1740013
Nigeria,NGA,2005,"Enrolment in pre-primary education, both sexes (number)",SE.PRE.ENRL,1815337
Nigeria,NGA,2004,"Enrolment in pre-primary education, both sexes (number)",SE.PRE.ENRL,1790937
Nigeria,NGA,2003,"Enrolment in pre-primary education, both sexes (number)",SE.PRE.ENRL,1402260
Nigeria,NGA,2001,"Enrolment in pre-primary education, both sexes (number)",SE.PRE.ENRL,938717
Nigeria,NGA,2010,"Enrolment in pre-primary education, female (number)",SE.PRE.ENRL.FE,981192
Nigeria,NGA,2009,"Enrolment in pre-primary education, female (number)",SE.PRE.ENRL.FE,850818
Nigeria,NGA,2008,"Enrolment in pre-primary education, female (number)",SE.PRE.ENRL.FE,871739
Nigeria,NGA,2005,"Enrolment in pre-primary education, female (number)",SE.PRE.ENRL.FE,883325
Nigeria,NGA,2004,"Enrolment in pre-primary education, female (number)",SE.PRE.ENRL.FE,876396
Nigeria,NGA,2003,"Enrolment in pre-primary education, female (number)",SE.PRE.ENRL.FE,669714
Nigeria,NGA,2001,"Enrolment in pre-primary education, female (number)",SE.PRE.ENRL.FE,446099
Nigeria,NGA,2010,Percentage of enrolment in pre-primary education in private institutions (%),SE.PRE.PRIV.ZS,27.46221
Nigeria,NGA,2009,Percentage of enrolment in pre-primary education in private institutions (%),SE.PRE.PRIV.ZS,21.76418
Nigeria,NGA,2008,Percentage of enrolment in pre-primary education in private institutions (%),SE.PRE.PRIV.ZS,21.87397
Nigeria,NGA,2008,"Teachers in pre-primary education, both sexes (number)",SE.PRE.TCHR,60189
Nigeria,NGA,2008,"Teachers in pre-primary education, female (number)",SE.PRE.TCHR.FE,39005
Nigeria,NGA,2008,Percentage of teachers in pre-primary education who are female (%),SE.PRE.TCHR.FE.ZS,64.8042
Nigeria,NGA,2016,"Enrolment in primary education, female (number)",SE.PRM.ENRL.FE,12155241
Nigeria,NGA,2014,"Enrolment in primary education, female (number)",SE.PRM.ENRL.FE,12545408
Nigeria,NGA,2013,"Enrolment in primary education, female (number)",SE.PRM.ENRL.FE,12657191
Nigeria,NGA,2012,"Enrolment in primary education, female (number)",SE.PRM.ENRL.FE,12006534
Nigeria,NGA,2011,"Enrolment in primary education, female (number)",SE.PRM.ENRL.FE,11196466
Nigeria,NGA,2010,"Enrolment in primary education, female (number)",SE.PRM.ENRL.FE,10060007
Nigeria,NGA,2009,"Enrolment in primary education, female (number)",SE.PRM.ENRL.FE,9712962
Nigeria,NGA,2008,"Enrolment in primary education, female (number)",SE.PRM.ENRL.FE,9230924
Nigeria,NGA,2007,"Enrolment in primary education, female (number)",SE.PRM.ENRL.FE,9893864
Nigeria,NGA,2006,"Enrolment in primary education, female (number)",SE.PRM.ENRL.FE,10369793
Nigeria,NGA,2005,"Enrolment in primary education, female (number)",SE.PRM.ENRL.FE,9926359
Nigeria,NGA,2004,"Enrolment in primary education, female (number)",SE.PRM.ENRL.FE,9571016
Nigeria,NGA,2003,"Enrolment in primary education, female (number)",SE.PRM.ENRL.FE,9181043.5
Nigeria,NGA,2002,"Enrolment in primary education, female (number)",SE.PRM.ENRL.FE,8791071
Nigeria,NGA,2001,"Enrolment in primary education, female (number)",SE.PRM.ENRL.FE,8457812
Nigeria,NGA,2000,"Enrolment in primary education, female (number)",SE.PRM.ENRL.FE,8413413
Nigeria,NGA,1999,"Enrolment in primary education, female (number)",SE.PRM.ENRL.FE,7848574
Nigeria,NGA,1996,"Enrolment in primary education, female (number)",SE.PRM.ENRL.FE,6376192
Nigeria,NGA,1995,"Enrolment in primary education, female (number)",SE.PRM.ENRL.FE,7011657
Nigeria,NGA,1994,"Enrolment in primary education, female (number)",SE.PRM.ENRL.FE,7134580
Nigeria,NGA,1993,"Enrolment in primary education, female (number)",SE.PRM.ENRL.FE,6939680
Nigeria,NGA,1992,"Enrolment in primary education, female (number)",SE.PRM.ENRL.FE,6532113
Nigeria,NGA,1991,"Enrolment in primary education, female (number)",SE.PRM.ENRL.FE,6034957
Nigeria,NGA,1990,"Enrolment in primary education, female (number)",SE.PRM.ENRL.FE,5877572
Nigeria,NGA,1989,"Enrolment in primary education, female (number)",SE.PRM.ENRL.FE,5723731
Nigeria,NGA,1988,"Enrolment in primary education, female (number)",SE.PRM.ENRL.FE,5382580
Nigeria,NGA,1987,"Enrolment in primary education, female (number)",SE.PRM.ENRL.FE,5732318
Nigeria,NGA,1986,"Enrolment in primary education, female (number)",SE.PRM.ENRL.FE,5768791
Nigeria,NGA,1985,"Enrolment in primary education, female (number)",SE.PRM.ENRL.FE,6331658
Nigeria,NGA,1984,"Enrolment in primary education, female (number)",SE.PRM.ENRL.FE,6306728
Nigeria,NGA,1983,"Enrolment in primary education, female (number)",SE.PRM.ENRL.FE,6150810
Nigeria,NGA,1982,"Enrolment in primary education, female (number)",SE.PRM.ENRL.FE,5970244
Nigeria,NGA,1981,"Enrolment in primary education, female (number)",SE.PRM.ENRL.FE,5295363
Nigeria,NGA,1980,"Enrolment in primary education, female (number)",SE.PRM.ENRL.FE,4696682
Nigeria,NGA,1979,"Enrolment in primary education, female (number)",SE.PRM.ENRL.FE,4257815
Nigeria,NGA,1978,"Enrolment in primary education, female (number)",SE.PRM.ENRL.FE,3511785
Nigeria,NGA,1977,"Enrolment in primary education, female (number)",SE.PRM.ENRL.FE,2625061
Nigeria,NGA,1976,"Enrolment in primary education, female (number)",SE.PRM.ENRL.FE,1964038
Nigeria,NGA,1973,"Enrolment in primary education, female (number)",SE.PRM.ENRL.FE,1863566
Nigeria,NGA,1972,"Enrolment in primary education, female (number)",SE.PRM.ENRL.FE,1716331
Nigeria,NGA,1971,"Enrolment in primary education, female (number)",SE.PRM.ENRL.FE,1495495
Nigeria,NGA,1970,"Enrolment in primary education, female (number)",SE.PRM.ENRL.FE,1299598
Nigeria,NGA,2010,"Teachers in primary education, female (number)",SE.PRM.TCHR.FE,276704
Nigeria,NGA,2007,"Teachers in primary education, female (number)",SE.PRM.TCHR.FE,225403
Nigeria,NGA,2006,"Teachers in primary education, female (number)",SE.PRM.TCHR.FE,285503
Nigeria,NGA,2005,"Teachers in primary education, female (number)",SE.PRM.TCHR.FE,304738
Nigeria,NGA,2004,"Teachers in primary education, female (number)",SE.PRM.TCHR.FE,303296
Nigeria,NGA,2003,"Teachers in primary education, female (number)",SE.PRM.TCHR.FE,281192
Nigeria,NGA,2002,"Teachers in primary education, female (number)",SE.PRM.TCHR.FE,242391
Nigeria,NGA,2001,"Teachers in primary education, female (number)",SE.PRM.TCHR.FE,231417
Nigeria,NGA,2000,"Teachers in primary education, female (number)",SE.PRM.TCHR.FE,213641
Nigeria,NGA,1999,"Teachers in primary education, female (number)",SE.PRM.TCHR.FE,207513
Nigeria,NGA,1996,"Teachers in primary education, female (number)",SE.PRM.TCHR.FE,199797
Nigeria,NGA,1995,"Teachers in primary education, female (number)",SE.PRM.TCHR.FE,197931
Nigeria,NGA,1994,"Teachers in primary education, female (number)",SE.PRM.TCHR.FE,201905
Nigeria,NGA,1993,"Teachers in primary education, female (number)",SE.PRM.TCHR.FE,191831
Nigeria,NGA,1992,"Teachers in primary education, female (number)",SE.PRM.TCHR.FE,172562
Nigeria,NGA,1991,"Teachers in primary education, female (number)",SE.PRM.TCHR.FE,150847
Nigeria,NGA,1990,"Teachers in primary education, female (number)",SE.PRM.TCHR.FE,142416
Nigeria,NGA,1989,"Teachers in primary education, female (number)",SE.PRM.TCHR.FE,153242
Nigeria,NGA,1987,"Teachers in primary education, female (number)",SE.PRM.TCHR.FE,107634
Nigeria,NGA,1986,"Teachers in primary education, female (number)",SE.PRM.TCHR.FE,125628
Nigeria,NGA,1982,"Teachers in primary education, female (number)",SE.PRM.TCHR.FE,121497
Nigeria,NGA,1981,"Teachers in primary education, female (number)",SE.PRM.TCHR.FE,118491
Nigeria,NGA,1976,"Teachers in primary education, female (number)",SE.PRM.TCHR.FE,40398
Nigeria,NGA,1973,"Teachers in primary education, female (number)",SE.PRM.TCHR.FE,36482
Nigeria,NGA,1972,"Teachers in primary education, female (number)",SE.PRM.TCHR.FE,34312
Nigeria,NGA,1971,"Teachers in primary education, female (number)",SE.PRM.TCHR.FE,26116
Nigeria,NGA,1970,"Teachers in primary education, female (number)",SE.PRM.TCHR.FE,24409
Nigeria,NGA,2020,Theoretical duration of lower secondary education (years),SE.SEC.DURS.LO,3
Nigeria,NGA,2019,Theoretical duration of lower secondary education (years),SE.SEC.DURS.LO,3
Nigeria,NGA,2018,Theoretical duration of lower secondary education (years),SE.SEC.DURS.LO,3
Nigeria,NGA,2017,Theoretical duration of lower secondary education (years),SE.SEC.DURS.LO,3
Nigeria,NGA,2016,Theoretical duration of lower secondary education (years),SE.SEC.DURS.LO,3
Nigeria,NGA,2015,Theoretical duration of lower secondary education (years),SE.SEC.DURS.LO,3
Nigeria,NGA,2014,Theoretical duration of lower secondary education (years),SE.SEC.DURS.LO,3
Nigeria,NGA,2013,Theoretical duration of lower secondary education (years),SE.SEC.DURS.LO,3
Nigeria,NGA,2012,Theoretical duration of lower secondary education (years),SE.SEC.DURS.LO,3
Nigeria,NGA,2011,Theoretical duration of lower secondary education (years),SE.SEC.DURS.LO,3
Nigeria,NGA,2010,Theoretical duration of lower secondary education (years),SE.SEC.DURS.LO,3
Nigeria,NGA,2009,Theoretical duration of lower secondary education (years),SE.SEC.DURS.LO,3
Nigeria,NGA,2008,Theoretical duration of lower secondary education (years),SE.SEC.DURS.LO,3
Nigeria,NGA,2007,Theoretical duration of lower secondary education (years),SE.SEC.DURS.LO,3
Nigeria,NGA,2006,Theoretical duration of lower secondary education (years),SE.SEC.DURS.LO,3
Nigeria,NGA,2005,Theoretical duration of lower secondary education (years),SE.SEC.DURS.LO,3
Nigeria,NGA,2004,Theoretical duration of lower secondary education (years),SE.SEC.DURS.LO,3
Nigeria,NGA,2003,Theoretical duration of lower secondary education (years),SE.SEC.DURS.LO,3
Nigeria,NGA,2002,Theoretical duration of lower secondary education (years),SE.SEC.DURS.LO,3
Nigeria,NGA,2001,Theoretical duration of lower secondary education (years),SE.SEC.DURS.LO,3
Nigeria,NGA,2000,Theoretical duration of lower secondary education (years),SE.SEC.DURS.LO,3
Nigeria,NGA,1999,Theoretical duration of lower secondary education (years),SE.SEC.DURS.LO,3
Nigeria,NGA,1998,Theoretical duration of lower secondary education (years),SE.SEC.DURS.LO,3
Nigeria,NGA,1997,Theoretical duration of lower secondary education (years),SE.SEC.DURS.LO,3
Nigeria,NGA,1996,Theoretical duration of lower secondary education (years),SE.SEC.DURS.LO,3
Nigeria,NGA,1995,Theoretical duration of lower secondary education (years),SE.SEC.DURS.LO,3
Nigeria,NGA,1994,Theoretical duration of lower secondary education (years),SE.SEC.DURS.LO,3
Nigeria,NGA,1993,Theoretical duration of lower secondary education (years),SE.SEC.DURS.LO,3
Nigeria,NGA,1992,Theoretical duration of lower secondary education (years),SE.SEC.DURS.LO,3
Nigeria,NGA,1991,Theoretical duration of lower secondary education (years),SE.SEC.DURS.LO,3
Nigeria,NGA,1990,Theoretical duration of lower secondary education (years),SE.SEC.DURS.LO,3
Nigeria,NGA,1989,Theoretical duration of lower secondary education (years),SE.SEC.DURS.LO,3
Nigeria,NGA,1988,Theoretical duration of lower secondary education (years),SE.SEC.DURS.LO,3
Nigeria,NGA,1987,Theoretical duration of lower secondary education (years),SE.SEC.DURS.LO,3
Nigeria,NGA,1986,Theoretical duration of lower secondary education (years),SE.SEC.DURS.LO,3
Nigeria,NGA,1985,Theoretical duration of lower secondary education (years),SE.SEC.DURS.LO,5
Nigeria,NGA,1984,Theoretical duration of lower secondary education (years),SE.SEC.DURS.LO,5
Nigeria,NGA,1983,Theoretical duration of lower secondary education (years),SE.SEC.DURS.LO,5
Nigeria,NGA,1982,Theoretical duration of lower secondary education (years),SE.SEC.DURS.LO,5
Nigeria,NGA,1981,Theoretical duration of lower secondary education (years),SE.SEC.DURS.LO,5
Nigeria,NGA,1980,Theoretical duration of lower secondary education (years),SE.SEC.DURS.LO,5
Nigeria,NGA,1979,Theoretical duration of lower secondary education (years),SE.SEC.DURS.LO,5
Nigeria,NGA,1978,Theoretical duration of lower secondary education (years),SE.SEC.DURS.LO,5
Nigeria,NGA,1977,Theoretical duration of lower secondary education (years),SE.SEC.DURS.LO,5
Nigeria,NGA,1976,Theoretical duration of lower secondary education (years),SE.SEC.DURS.LO,5
Nigeria,NGA,1975,Theoretical duration of lower secondary education (years),SE.SEC.DURS.LO,5
Nigeria,NGA,1974,Theoretical duration of lower secondary education (years),SE.SEC.DURS.LO,5
Nigeria,NGA,1973,Theoretical duration of lower secondary education (years),SE.SEC.DURS.LO,5
Nigeria,NGA,1972,Theoretical duration of lower secondary education (years),SE.SEC.DURS.LO,5
Nigeria,NGA,1971,Theoretical duration of lower secondary education (years),SE.SEC.DURS.LO,5
Nigeria,NGA,1970,Theoretical duration of lower secondary education (years),SE.SEC.DURS.LO,5
Nigeria,NGA,2020,Theoretical duration of upper secondary education (years),SE.SEC.DURS.UP,3
Nigeria,NGA,2019,Theoretical duration of upper secondary education (years),SE.SEC.DURS.UP,3
Nigeria,NGA,2018,Theoretical duration of upper secondary education (years),SE.SEC.DURS.UP,3
Nigeria,NGA,2017,Theoretical duration of upper secondary education (years),SE.SEC.DURS.UP,3
Nigeria,NGA,2016,Theoretical duration of upper secondary education (years),SE.SEC.DURS.UP,3
Nigeria,NGA,2015,Theoretical duration of upper secondary education (years),SE.SEC.DURS.UP,3
Nigeria,NGA,2014,Theoretical duration of upper secondary education (years),SE.SEC.DURS.UP,3
Nigeria,NGA,2013,Theoretical duration of upper secondary education (years),SE.SEC.DURS.UP,3
Nigeria,NGA,2012,Theoretical duration of upper secondary education (years),SE.SEC.DURS.UP,3
Nigeria,NGA,2011,Theoretical duration of upper secondary education (years),SE.SEC.DURS.UP,3
Nigeria,NGA,2010,Theoretical duration of upper secondary education (years),SE.SEC.DURS.UP,3
Nigeria,NGA,2009,Theoretical duration of upper secondary education (years),SE.SEC.DURS.UP,3
Nigeria,NGA,2008,Theoretical duration of upper secondary education (years),SE.SEC.DURS.UP,3
Nigeria,NGA,2007,Theoretical duration of upper secondary education (years),SE.SEC.DURS.UP,3
Nigeria,NGA,2006,Theoretical duration of upper secondary education (years),SE.SEC.DURS.UP,3
Nigeria,NGA,2005,Theoretical duration of upper secondary education (years),SE.SEC.DURS.UP,3
Nigeria,NGA,2004,Theoretical duration of upper secondary education (years),SE.SEC.DURS.UP,3
Nigeria,NGA,2003,Theoretical duration of upper secondary education (years),SE.SEC.DURS.UP,3
Nigeria,NGA,2002,Theoretical duration of upper secondary education (years),SE.SEC.DURS.UP,3
Nigeria,NGA,2001,Theoretical duration of upper secondary education (years),SE.SEC.DURS.UP,3
Nigeria,NGA,2000,Theoretical duration of upper secondary education (years),SE.SEC.DURS.UP,3
Nigeria,NGA,1999,Theoretical duration of upper secondary education (years),SE.SEC.DURS.UP,3
Nigeria,NGA,1998,Theoretical duration of upper secondary education (years),SE.SEC.DURS.UP,3
Nigeria,NGA,1997,Theoretical duration of upper secondary education (years),SE.SEC.DURS.UP,3
Nigeria,NGA,1996,Theoretical duration of upper secondary education (years),SE.SEC.DURS.UP,3
Nigeria,NGA,1995,Theoretical duration of upper secondary education (years),SE.SEC.DURS.UP,3
Nigeria,NGA,1994,Theoretical duration of upper secondary education (years),SE.SEC.DURS.UP,3
Nigeria,NGA,1993,Theoretical duration of upper secondary education (years),SE.SEC.DURS.UP,3
Nigeria,NGA,1992,Theoretical duration of upper secondary education (years),SE.SEC.DURS.UP,3
Nigeria,NGA,1991,Theoretical duration of upper secondary education (years),SE.SEC.DURS.UP,3
Nigeria,NGA,1990,Theoretical duration of upper secondary education (years),SE.SEC.DURS.UP,3
Nigeria,NGA,1989,Theoretical duration of upper secondary education (years),SE.SEC.DURS.UP,3
Nigeria,NGA,1988,Theoretical duration of upper secondary education (years),SE.SEC.DURS.UP,3
Nigeria,NGA,1987,Theoretical duration of upper secondary education (years),SE.SEC.DURS.UP,3
Nigeria,NGA,1986,Theoretical duration of upper secondary education (years),SE.SEC.DURS.UP,3
Nigeria,NGA,1985,Theoretical duration of upper secondary education (years),SE.SEC.DURS.UP,2
Nigeria,NGA,1984,Theoretical duration of upper secondary education (years),SE.SEC.DURS.UP,2
Nigeria,NGA,1983,Theoretical duration of upper secondary education (years),SE.SEC.DURS.UP,2
Nigeria,NGA,1982,Theoretical duration of upper secondary education (years),SE.SEC.DURS.UP,2
Nigeria,NGA,1981,Theoretical duration of upper secondary education (years),SE.SEC.DURS.UP,2
Nigeria,NGA,1980,Theoretical duration of upper secondary education (years),SE.SEC.DURS.UP,2
Nigeria,NGA,1979,Theoretical duration of upper secondary education (years),SE.SEC.DURS.UP,2
Nigeria,NGA,1978,Theoretical duration of upper secondary education (years),SE.SEC.DURS.UP,2
Nigeria,NGA,1977,Theoretical duration of upper secondary education (years),SE.SEC.DURS.UP,2
Nigeria,NGA,1976,Theoretical duration of upper secondary education (years),SE.SEC.DURS.UP,2
Nigeria,NGA,1975,Theoretical duration of upper secondary education (years),SE.SEC.DURS.UP,2
Nigeria,NGA,1974,Theoretical duration of upper secondary education (years),SE.SEC.DURS.UP,2
Nigeria,NGA,1973,Theoretical duration of upper secondary education (years),SE.SEC.DURS.UP,2
Nigeria,NGA,1972,Theoretical duration of upper secondary education (years),SE.SEC.DURS.UP,2
Nigeria,NGA,1971,Theoretical duration of upper secondary education (years),SE.SEC.DURS.UP,2
Nigeria,NGA,1970,Theoretical duration of upper secondary education (years),SE.SEC.DURS.UP,2
Nigeria,NGA,2016,"Enrolment in secondary education, female (number)",SE.SEC.ENRL.FE,4804058
Nigeria,NGA,2015,"Enrolment in secondary education, female (number)",SE.SEC.ENRL.FE,5215586
Nigeria,NGA,2014,"Enrolment in secondary education, female (number)",SE.SEC.ENRL.FE,4862930
Nigeria,NGA,2013,"Enrolment in secondary education, female (number)",SE.SEC.ENRL.FE,5867044
Nigeria,NGA,2012,"Enrolment in secondary education, female (number)",SE.SEC.ENRL.FE,4785456
Nigeria,NGA,2011,"Enrolment in secondary education, female (number)",SE.SEC.ENRL.FE,4338701
Nigeria,NGA,2010,"Enrolment in secondary education, female (number)",SE.SEC.ENRL.FE,4151615
Nigeria,NGA,2009,"Enrolment in secondary education, female (number)",SE.SEC.ENRL.FE,3578726
Nigeria,NGA,2008,"Enrolment in secondary education, female (number)",SE.SEC.ENRL.FE,3078889
Nigeria,NGA,2007,"Enrolment in secondary education, female (number)",SE.SEC.ENRL.FE,2594286
Nigeria,NGA,2006,"Enrolment in secondary education, female (number)",SE.SEC.ENRL.FE,2841933
Nigeria,NGA,2005,"Enrolment in secondary education, female (number)",SE.SEC.ENRL.FE,2854156
Nigeria,NGA,2004,"Enrolment in secondary education, female (number)",SE.SEC.ENRL.FE,2739914
Nigeria,NGA,2002,"Enrolment in secondary education, female (number)",SE.SEC.ENRL.FE,2176142
Nigeria,NGA,2001,"Enrolment in secondary education, female (number)",SE.SEC.ENRL.FE,2054112
Nigeria,NGA,2000,"Enrolment in secondary education, female (number)",SE.SEC.ENRL.FE,1842215
Nigeria,NGA,1999,"Enrolment in secondary education, female (number)",SE.SEC.ENRL.FE,1797976
Nigeria,NGA,1990,"Enrolment in secondary education, female (number)",SE.SEC.ENRL.FE,1340018
Nigeria,NGA,1989,"Enrolment in secondary education, female (number)",SE.SEC.ENRL.FE,1282522
Nigeria,NGA,1987,"Enrolment in secondary education, female (number)",SE.SEC.ENRL.FE,1333718
Nigeria,NGA,1986,"Enrolment in secondary education, female (number)",SE.SEC.ENRL.FE,1231139
Nigeria,NGA,1984,"Enrolment in secondary education, female (number)",SE.SEC.ENRL.FE,867142
Nigeria,NGA,1983,"Enrolment in secondary education, female (number)",SE.SEC.ENRL.FE,832752
Nigeria,NGA,1982,"Enrolment in secondary education, female (number)",SE.SEC.ENRL.FE,821784
Nigeria,NGA,1981,"Enrolment in secondary education, female (number)",SE.SEC.ENRL.FE,623257
Nigeria,NGA,1980,"Enrolment in secondary education, female (number)",SE.SEC.ENRL.FE,456711
Nigeria,NGA,1979,"Enrolment in secondary education, female (number)",SE.SEC.ENRL.FE,379998
Nigeria,NGA,1978,"Enrolment in secondary education, female (number)",SE.SEC.ENRL.FE,311173
Nigeria,NGA,1977,"Enrolment in secondary education, female (number)",SE.SEC.ENRL.FE,240164
Nigeria,NGA,1973,"Enrolment in secondary education, female (number)",SE.SEC.ENRL.FE,178008
Nigeria,NGA,1972,"Enrolment in secondary education, female (number)",SE.SEC.ENRL.FE,145823
Nigeria,NGA,1971,"Enrolment in secondary education, female (number)",SE.SEC.ENRL.FE,126637
Nigeria,NGA,1970,"Enrolment in secondary education, female (number)",SE.SEC.ENRL.FE,114272
Nigeria,NGA,1990,Share of all students in secondary education enrolled in vocational programmes (%),SE.SEC.ENRL.VO.ZS,6.93481
Nigeria,NGA,1989,Share of all students in secondary education enrolled in vocational programmes (%),SE.SEC.ENRL.VO.ZS,7.67318
Nigeria,NGA,1985,Share of all students in secondary education enrolled in vocational programmes (%),SE.SEC.ENRL.VO.ZS,10.99579
Nigeria,NGA,1984,Share of all students in secondary education enrolled in vocational programmes (%),SE.SEC.ENRL.VO.ZS,11.30015
Nigeria,NGA,1983,Share of all students in secondary education enrolled in vocational programmes (%),SE.SEC.ENRL.VO.ZS,13.06567
Nigeria,NGA,1982,Share of all students in secondary education enrolled in vocational programmes (%),SE.SEC.ENRL.VO.ZS,14.9295
Nigeria,NGA,1981,Share of all students in secondary education enrolled in vocational programmes (%),SE.SEC.ENRL.VO.ZS,16.6979
Nigeria,NGA,1980,Share of all students in secondary education enrolled in vocational programmes (%),SE.SEC.ENRL.VO.ZS,17.69264
Nigeria,NGA,1979,Share of all students in secondary education enrolled in vocational programmes (%),SE.SEC.ENRL.VO.ZS,19.22568
Nigeria,NGA,1978,Share of all students in secondary education enrolled in vocational programmes (%),SE.SEC.ENRL.VO.ZS,19.23152
Nigeria,NGA,1977,Share of all students in secondary education enrolled in vocational programmes (%),SE.SEC.ENRL.VO.ZS,19.31899
Nigeria,NGA,1973,Share of all students in secondary education enrolled in vocational programmes (%),SE.SEC.ENRL.VO.ZS,16.33614
Nigeria,NGA,1972,Share of all students in secondary education enrolled in vocational programmes (%),SE.SEC.ENRL.VO.ZS,11.3781
Nigeria,NGA,1971,Share of all students in secondary education enrolled in vocational programmes (%),SE.SEC.ENRL.VO.ZS,18.22486
Nigeria,NGA,1970,Share of all students in secondary education enrolled in vocational programmes (%),SE.SEC.ENRL.VO.ZS,17.68738
Nigeria,NGA,2016,"Gross enrolment ratio, lower secondary, both sexes (%)",SE.SEC.ENRR.LO,45.03229
Nigeria,NGA,2015,"Gross enrolment ratio, lower secondary, both sexes (%)",SE.SEC.ENRR.LO,49.25794
Nigeria,NGA,2014,"Gross enrolment ratio, lower secondary, both sexes (%)",SE.SEC.ENRR.LO,51.11837
Nigeria,NGA,2013,"Gross enrolment ratio, lower secondary, both sexes (%)",SE.SEC.ENRR.LO,52.53624
Nigeria,NGA,2012,"Gross enrolment ratio, lower secondary, both sexes (%)",SE.SEC.ENRR.LO,46.39627
Nigeria,NGA,2011,"Gross enrolment ratio, lower secondary, both sexes (%)",SE.SEC.ENRR.LO,46.38366
Nigeria,NGA,2010,"Gross enrolment ratio, lower secondary, both sexes (%)",SE.SEC.ENRR.LO,46.69975
Nigeria,NGA,2009,"Gross enrolment ratio, lower secondary, both sexes (%)",SE.SEC.ENRR.LO,42.5262
Nigeria,NGA,2008,"Gross enrolment ratio, lower secondary, both sexes (%)",SE.SEC.ENRR.LO,38.75751
Nigeria,NGA,2007,"Gross enrolment ratio, lower secondary, both sexes (%)",SE.SEC.ENRR.LO,35.66476
Nigeria,NGA,2006,"Gross enrolment ratio, lower secondary, both sexes (%)",SE.SEC.ENRR.LO,38.52905
Nigeria,NGA,2005,"Gross enrolment ratio, lower secondary, both sexes (%)",SE.SEC.ENRR.LO,38.20795
Nigeria,NGA,2004,"Gross enrolment ratio, lower secondary, both sexes (%)",SE.SEC.ENRR.LO,37.73387
Nigeria,NGA,2002,"Gross enrolment ratio, lower secondary, both sexes (%)",SE.SEC.ENRR.LO,32.92242
Nigeria,NGA,2001,"Gross enrolment ratio, lower secondary, both sexes (%)",SE.SEC.ENRR.LO,29.28479
Nigeria,NGA,2000,"Gross enrolment ratio, lower secondary, both sexes (%)",SE.SEC.ENRR.LO,26.35695
Nigeria,NGA,1999,"Gross enrolment ratio, lower secondary, both sexes (%)",SE.SEC.ENRR.LO,25.78506
Nigeria,NGA,2016,"Gross enrolment ratio, lower secondary, female (%)",SE.SEC.ENRR.LO.FE,43.15586
Nigeria,NGA,2015,"Gross enrolment ratio, lower secondary, female (%)",SE.SEC.ENRR.LO.FE,47.41042
Nigeria,NGA,2014,"Gross enrolment ratio, lower secondary, female (%)",SE.SEC.ENRR.LO.FE,48.51905
Nigeria,NGA,2013,"Gross enrolment ratio, lower secondary, female (%)",SE.SEC.ENRR.LO.FE,51.07959
Nigeria,NGA,2012,"Gross enrolment ratio, lower secondary, female (%)",SE.SEC.ENRR.LO.FE,45.09514
Nigeria,NGA,2011,"Gross enrolment ratio, lower secondary, female (%)",SE.SEC.ENRR.LO.FE,43.17131
Nigeria,NGA,2010,"Gross enrolment ratio, lower secondary, female (%)",SE.SEC.ENRR.LO.FE,43.71145
Nigeria,NGA,2009,"Gross enrolment ratio, lower secondary, female (%)",SE.SEC.ENRR.LO.FE,39.41304
Nigeria,NGA,2008,"Gross enrolment ratio, lower secondary, female (%)",SE.SEC.ENRR.LO.FE,35.72489
Nigeria,NGA,2007,"Gross enrolment ratio, lower secondary, female (%)",SE.SEC.ENRR.LO.FE,31.53237
Nigeria,NGA,2006,"Gross enrolment ratio, lower secondary, female (%)",SE.SEC.ENRR.LO.FE,34.91943
Nigeria,NGA,2005,"Gross enrolment ratio, lower secondary, female (%)",SE.SEC.ENRR.LO.FE,35.13027
Nigeria,NGA,2004,"Gross enrolment ratio, lower secondary, female (%)",SE.SEC.ENRR.LO.FE,33.55702
Nigeria,NGA,2002,"Gross enrolment ratio, lower secondary, female (%)",SE.SEC.ENRR.LO.FE,27.29618
Nigeria,NGA,2001,"Gross enrolment ratio, lower secondary, female (%)",SE.SEC.ENRR.LO.FE,26.49634
Nigeria,NGA,2000,"Gross enrolment ratio, lower secondary, female (%)",SE.SEC.ENRR.LO.FE,23.81583
Nigeria,NGA,1999,"Gross enrolment ratio, lower secondary, female (%)",SE.SEC.ENRR.LO.FE,25.00502
Nigeria,NGA,2016,"Gross enrolment ratio, lower secondary, male (%)",SE.SEC.ENRR.LO.MA,46.84006
Nigeria,NGA,2015,"Gross enrolment ratio, lower secondary, male (%)",SE.SEC.ENRR.LO.MA,51.0395
Nigeria,NGA,2014,"Gross enrolment ratio, lower secondary, male (%)",SE.SEC.ENRR.LO.MA,53.6271
Nigeria,NGA,2013,"Gross enrolment ratio, lower secondary, male (%)",SE.SEC.ENRR.LO.MA,53.94318
Nigeria,NGA,2012,"Gross enrolment ratio, lower secondary, male (%)",SE.SEC.ENRR.LO.MA,47.65379
Nigeria,NGA,2011,"Gross enrolment ratio, lower secondary, male (%)",SE.SEC.ENRR.LO.MA,49.49019
Nigeria,NGA,2010,"Gross enrolment ratio, lower secondary, male (%)",SE.SEC.ENRR.LO.MA,49.59146
Nigeria,NGA,2009,"Gross enrolment ratio, lower secondary, male (%)",SE.SEC.ENRR.LO.MA,45.54019
Nigeria,NGA,2008,"Gross enrolment ratio, lower secondary, male (%)",SE.SEC.ENRR.LO.MA,41.69436
Nigeria,NGA,2007,"Gross enrolment ratio, lower secondary, male (%)",SE.SEC.ENRR.LO.MA,39.66702
Nigeria,NGA,2006,"Gross enrolment ratio, lower secondary, male (%)",SE.SEC.ENRR.LO.MA,42.02512
Nigeria,NGA,2005,"Gross enrolment ratio, lower secondary, male (%)",SE.SEC.ENRR.LO.MA,41.18983
Nigeria,NGA,2004,"Gross enrolment ratio, lower secondary, male (%)",SE.SEC.ENRR.LO.MA,41.78143
Nigeria,NGA,2002,"Gross enrolment ratio, lower secondary, male (%)",SE.SEC.ENRR.LO.MA,38.37289
Nigeria,NGA,2001,"Gross enrolment ratio, lower secondary, male (%)",SE.SEC.ENRR.LO.MA,31.98527
Nigeria,NGA,2000,"Gross enrolment ratio, lower secondary, male (%)",SE.SEC.ENRR.LO.MA,28.81795
Nigeria,NGA,1999,"Gross enrolment ratio, lower secondary, male (%)",SE.SEC.ENRR.LO.MA,26.54045
Nigeria,NGA,2016,"Gross enrolment ratio, upper secondary, both sexes (%)",SE.SEC.ENRR.UP,38.6128
Nigeria,NGA,2015,"Gross enrolment ratio, upper secondary, both sexes (%)",SE.SEC.ENRR.UP,44.01192
Nigeria,NGA,2014,"Gross enrolment ratio, upper secondary, both sexes (%)",SE.SEC.ENRR.UP,39.49027
Nigeria,NGA,2013,"Gross enrolment ratio, upper secondary, both sexes (%)",SE.SEC.ENRR.UP,60.2867
Nigeria,NGA,2012,"Gross enrolment ratio, upper secondary, both sexes (%)",SE.SEC.ENRR.UP,48.04969
Nigeria,NGA,2011,"Gross enrolment ratio, upper secondary, both sexes (%)",SE.SEC.ENRR.UP,44.64424
Nigeria,NGA,2010,"Gross enrolment ratio, upper secondary, both sexes (%)",SE.SEC.ENRR.UP,41.48859
Nigeria,NGA,2009,"Gross enrolment ratio, upper secondary, both sexes (%)",SE.SEC.ENRR.UP,35.62535
Nigeria,NGA,2008,"Gross enrolment ratio, upper secondary, both sexes (%)",SE.SEC.ENRR.UP,31.71317
Nigeria,NGA,2007,"Gross enrolment ratio, upper secondary, both sexes (%)",SE.SEC.ENRR.UP,27.75419
Nigeria,NGA,2006,"Gross enrolment ratio, upper secondary, both sexes (%)",SE.SEC.ENRR.UP,30.06726
Nigeria,NGA,2005,"Gross enrolment ratio, upper secondary, both sexes (%)",SE.SEC.ENRR.UP,31.46059
Nigeria,NGA,2004,"Gross enrolment ratio, upper secondary, both sexes (%)",SE.SEC.ENRR.UP,32.05535
Nigeria,NGA,2002,"Gross enrolment ratio, upper secondary, both sexes (%)",SE.SEC.ENRR.UP,26.05751
Nigeria,NGA,2001,"Gross enrolment ratio, upper secondary, both sexes (%)",SE.SEC.ENRR.UP,24.61748
Nigeria,NGA,2000,"Gross enrolment ratio, upper secondary, both sexes (%)",SE.SEC.ENRR.UP,22.7309
Nigeria,NGA,1999,"Gross enrolment ratio, upper secondary, both sexes (%)",SE.SEC.ENRR.UP,21.13883
Nigeria,NGA,2016,"Gross enrolment ratio, upper secondary, female (%)",SE.SEC.ENRR.UP.FE,36.11593
Nigeria,NGA,2015,"Gross enrolment ratio, upper secondary, female (%)",SE.SEC.ENRR.UP.FE,41.61411
Nigeria,NGA,2014,"Gross enrolment ratio, upper secondary, female (%)",SE.SEC.ENRR.UP.FE,36.86174
Nigeria,NGA,2013,"Gross enrolment ratio, upper secondary, female (%)",SE.SEC.ENRR.UP.FE,56.21369
Nigeria,NGA,2012,"Gross enrolment ratio, upper secondary, female (%)",SE.SEC.ENRR.UP.FE,44.79184
Nigeria,NGA,2011,"Gross enrolment ratio, upper secondary, female (%)",SE.SEC.ENRR.UP.FE,40.47467
Nigeria,NGA,2010,"Gross enrolment ratio, upper secondary, female (%)",SE.SEC.ENRR.UP.FE,38.4221
Nigeria,NGA,2009,"Gross enrolment ratio, upper secondary, female (%)",SE.SEC.ENRR.UP.FE,33.201
Nigeria,NGA,2008,"Gross enrolment ratio, upper secondary, female (%)",SE.SEC.ENRR.UP.FE,28.22259
Nigeria,NGA,2007,"Gross enrolment ratio, upper secondary, female (%)",SE.SEC.ENRR.UP.FE,23.50788
Nigeria,NGA,2006,"Gross enrolment ratio, upper secondary, female (%)",SE.SEC.ENRR.UP.FE,26.58748
Nigeria,NGA,2005,"Gross enrolment ratio, upper secondary, female (%)",SE.SEC.ENRR.UP.FE,27.97231
Nigeria,NGA,2004,"Gross enrolment ratio, upper secondary, female (%)",SE.SEC.ENRR.UP.FE,28.29405
Nigeria,NGA,2002,"Gross enrolment ratio, upper secondary, female (%)",SE.SEC.ENRR.UP.FE,23.68068
Nigeria,NGA,2001,"Gross enrolment ratio, upper secondary, female (%)",SE.SEC.ENRR.UP.FE,22.4126
Nigeria,NGA,2000,"Gross enrolment ratio, upper secondary, female (%)",SE.SEC.ENRR.UP.FE,20.97592
Nigeria,NGA,1999,"Gross enrolment ratio, upper secondary, female (%)",SE.SEC.ENRR.UP.FE,19.54987
Nigeria,NGA,2016,"Gross enrolment ratio, upper secondary, male (%)",SE.SEC.ENRR.UP.MA,41.02789
Nigeria,NGA,2015,"Gross enrolment ratio, upper secondary, male (%)",SE.SEC.ENRR.UP.MA,46.33286
Nigeria,NGA,2014,"Gross enrolment ratio, upper secondary, male (%)",SE.SEC.ENRR.UP.MA,42.03593
Nigeria,NGA,2013,"Gross enrolment ratio, upper secondary, male (%)",SE.SEC.ENRR.UP.MA,64.23327
Nigeria,NGA,2012,"Gross enrolment ratio, upper secondary, male (%)",SE.SEC.ENRR.UP.MA,51.20801
Nigeria,NGA,2011,"Gross enrolment ratio, upper secondary, male (%)",SE.SEC.ENRR.UP.MA,48.68848
Nigeria,NGA,2010,"Gross enrolment ratio, upper secondary, male (%)",SE.SEC.ENRR.UP.MA,44.4635
Nigeria,NGA,2009,"Gross enrolment ratio, upper secondary, male (%)",SE.SEC.ENRR.UP.MA,37.97746
Nigeria,NGA,2008,"Gross enrolment ratio, upper secondary, male (%)",SE.SEC.ENRR.UP.MA,35.0999
Nigeria,NGA,2007,"Gross enrolment ratio, upper secondary, male (%)",SE.SEC.ENRR.UP.MA,31.87453
Nigeria,NGA,2006,"Gross enrolment ratio, upper secondary, male (%)",SE.SEC.ENRR.UP.MA,33.44399
Nigeria,NGA,2005,"Gross enrolment ratio, upper secondary, male (%)",SE.SEC.ENRR.UP.MA,34.84532
Nigeria,NGA,2004,"Gross enrolment ratio, upper secondary, male (%)",SE.SEC.ENRR.UP.MA,35.70406
Nigeria,NGA,2002,"Gross enrolment ratio, upper secondary, male (%)",SE.SEC.ENRR.UP.MA,28.3617
Nigeria,NGA,2001,"Gross enrolment ratio, upper secondary, male (%)",SE.SEC.ENRR.UP.MA,26.75445
Nigeria,NGA,2000,"Gross enrolment ratio, upper secondary, male (%)",SE.SEC.ENRR.UP.MA,24.43189
Nigeria,NGA,1999,"Gross enrolment ratio, upper secondary, male (%)",SE.SEC.ENRR.UP.MA,22.67929
Nigeria,NGA,1999,"Gross graduation ratio from first degree programmes (ISCED 6 and 7) in tertiary education, female (%)",SE.TER.CMPL.FE.ZS,1.6724
Nigeria,NGA,1999,"Gross graduation ratio from first degree programmes (ISCED 6 and 7) in tertiary education, male (%)",SE.TER.CMPL.MA.ZS,1.71679
Nigeria,NGA,1999,"Gross graduation ratio from first degree programmes (ISCED 6 and 7) in tertiary education, both sexes (%)",SE.TER.CMPL.ZS,1.69488
Nigeria,NGA,2011,"Enrolment in tertiary education, all programmes, both sexes (number)",SE.TER.ENRL,1513371
Nigeria,NGA,2010,"Enrolment in tertiary education, all programmes, both sexes (number)",SE.TER.ENRL,1394585
Nigeria,NGA,2005,"Enrolment in tertiary education, all programmes, both sexes (number)",SE.TER.ENRL,1391527
Nigeria,NGA,2004,"Enrolment in tertiary education, all programmes, both sexes (number)",SE.TER.ENRL,1289656
Nigeria,NGA,2003,"Enrolment in tertiary education, all programmes, both sexes (number)",SE.TER.ENRL,1234219
Nigeria,NGA,1999,"Enrolment in tertiary education, all programmes, both sexes (number)",SE.TER.ENRL,699109
Nigeria,NGA,1989,"Enrolment in tertiary education, all programmes, both sexes (number)",SE.TER.ENRL,335824
Nigeria,NGA,1988,"Enrolment in tertiary education, all programmes, both sexes (number)",SE.TER.ENRL,304536
Nigeria,NGA,1987,"Enrolment in tertiary education, all programmes, both sexes (number)",SE.TER.ENRL,267862
Nigeria,NGA,1986,"Enrolment in tertiary education, all programmes, both sexes (number)",SE.TER.ENRL,266679
Nigeria,NGA,1985,"Enrolment in tertiary education, all programmes, both sexes (number)",SE.TER.ENRL,240889
Nigeria,NGA,1984,"Enrolment in tertiary education, all programmes, both sexes (number)",SE.TER.ENRL,208051
Nigeria,NGA,1983,"Enrolment in tertiary education, all programmes, both sexes (number)",SE.TER.ENRL,193731
Nigeria,NGA,1982,"Enrolment in tertiary education, all programmes, both sexes (number)",SE.TER.ENRL,176904
Nigeria,NGA,1981,"Enrolment in tertiary education, all programmes, both sexes (number)",SE.TER.ENRL,150072
Nigeria,NGA,1980,"Enrolment in tertiary education, all programmes, both sexes (number)",SE.TER.ENRL,115166
Nigeria,NGA,1979,"Enrolment in tertiary education, all programmes, both sexes (number)",SE.TER.ENRL,97530
Nigeria,NGA,1978,"Enrolment in tertiary education, all programmes, both sexes (number)",SE.TER.ENRL,68382
Nigeria,NGA,1977,"Enrolment in tertiary education, all programmes, both sexes (number)",SE.TER.ENRL,58953
Nigeria,NGA,1976,"Enrolment in tertiary education, all programmes, both sexes (number)",SE.TER.ENRL,44964
Nigeria,NGA,1975,"Enrolment in tertiary education, all programmes, both sexes (number)",SE.TER.ENRL,39562
Nigeria,NGA,2011,"Enrolment in tertiary education, all programmes, female (number)",SE.TER.ENRL.FE,608519
Nigeria,NGA,2010,"Enrolment in tertiary education, all programmes, female (number)",SE.TER.ENRL.FE,583329
Nigeria,NGA,2005,"Enrolment in tertiary education, all programmes, female (number)",SE.TER.ENRL.FE,566507
Nigeria,NGA,2004,"Enrolment in tertiary education, all programmes, female (number)",SE.TER.ENRL.FE,525034
Nigeria,NGA,2003,"Enrolment in tertiary education, all programmes, female (number)",SE.TER.ENRL.FE,493683
Nigeria,NGA,1999,"Enrolment in tertiary education, all programmes, female (number)",SE.TER.ENRL.FE,302016
Nigeria,NGA,1989,"Enrolment in tertiary education, all programmes, female (number)",SE.TER.ENRL.FE,81315
Nigeria,NGA,1988,"Enrolment in tertiary education, all programmes, female (number)",SE.TER.ENRL.FE,76507
Nigeria,NGA,1987,"Enrolment in tertiary education, all programmes, female (number)",SE.TER.ENRL.FE,75647
Nigeria,NGA,1986,"Enrolment in tertiary education, all programmes, female (number)",SE.TER.ENRL.FE,70724
Nigeria,NGA,1985,"Enrolment in tertiary education, all programmes, female (number)",SE.TER.ENRL.FE,62033
Nigeria,NGA,2011,Percentage of enrolment in tertiary education in private institutions (%),SE.TER.PRIV.ZS,6.38303
Nigeria,NGA,2010,Percentage of enrolment in tertiary education in private institutions (%),SE.TER.PRIV.ZS,5.92721
Nigeria,NGA,2011,"Teachers in tertiary education programmes, both sexes (number)",SE.TER.TCHR,66975
Nigeria,NGA,2010,"Teachers in tertiary education programmes, both sexes (number)",SE.TER.TCHR,56653
Nigeria,NGA,2004,"Teachers in tertiary education programmes, both sexes (number)",SE.TER.TCHR,37031
Nigeria,NGA,1999,"Teachers in tertiary education programmes, both sexes (number)",SE.TER.TCHR,52386
Nigeria,NGA,1989,"Teachers in tertiary education programmes, both sexes (number)",SE.TER.TCHR,19601
Nigeria,NGA,1986,"Teachers in tertiary education programmes, both sexes (number)",SE.TER.TCHR,18010
Nigeria,NGA,1982,"Teachers in tertiary education programmes, both sexes (number)",SE.TER.TCHR,14417
Nigeria,NGA,1981,"Teachers in tertiary education programmes, both sexes (number)",SE.TER.TCHR,10742
Nigeria,NGA,2011,"Teachers in tertiary education programmes, female (number)",SE.TER.TCHR.FE,18397
Nigeria,NGA,2010,"Teachers in tertiary education programmes, female (number)",SE.TER.TCHR.FE,6586
Nigeria,NGA,2004,"Teachers in tertiary education programmes, female (number)",SE.TER.TCHR.FE,6347
Nigeria,NGA,1999,"Teachers in tertiary education programmes, female (number)",SE.TER.TCHR.FE,16460
Nigeria,NGA,1986,"Teachers in tertiary education programmes, female (number)",SE.TER.TCHR.FE,2326
Nigeria,NGA,2011,"Gross enrolment ratio, primary to tertiary, both sexes (%)",SE.TOT.ENRR,56.05754
Nigeria,NGA,2010,"Gross enrolment ratio, primary to tertiary, both sexes (%)",SE.TOT.ENRR,53.01466
Nigeria,NGA,2005,"Gross enrolment ratio, primary to tertiary, both sexes (%)",SE.TOT.ENRR,56.01944
Nigeria,NGA,2004,"Gross enrolment ratio, primary to tertiary, both sexes (%)",SE.TOT.ENRR,55.50821
Nigeria,NGA,2002,"Gross enrolment ratio, primary to tertiary, both sexes (%)",SE.TOT.ENRR,51.95532
Nigeria,NGA,2001,"Gross enrolment ratio, primary to tertiary, both sexes (%)",SE.TOT.ENRR,49.99106
Nigeria,NGA,2000,"Gross enrolment ratio, primary to tertiary, both sexes (%)",SE.TOT.ENRR,50.2172
Nigeria,NGA,1999,"Gross enrolment ratio, primary to tertiary, both sexes (%)",SE.TOT.ENRR,48.00714
Nigeria,NGA,1989,"Gross enrolment ratio, primary to tertiary, both sexes (%)",SE.TOT.ENRR,44.98289
Nigeria,NGA,1987,"Gross enrolment ratio, primary to tertiary, both sexes (%)",SE.TOT.ENRR,48.74071
Nigeria,NGA,1986,"Gross enrolment ratio, primary to tertiary, both sexes (%)",SE.TOT.ENRR,50.29094
Nigeria,NGA,1985,"Gross enrolment ratio, primary to tertiary, both sexes (%)",SE.TOT.ENRR,55.56399
Nigeria,NGA,1984,"Gross enrolment ratio, primary to tertiary, both sexes (%)",SE.TOT.ENRR,57.47074
Nigeria,NGA,1983,"Gross enrolment ratio, primary to tertiary, both sexes (%)",SE.TOT.ENRR,56.36848
Nigeria,NGA,1982,"Gross enrolment ratio, primary to tertiary, both sexes (%)",SE.TOT.ENRR,54.35386
Nigeria,NGA,1981,"Gross enrolment ratio, primary to tertiary, both sexes (%)",SE.TOT.ENRR,48.55213
Nigeria,NGA,1980,"Gross enrolment ratio, primary to tertiary, both sexes (%)",SE.TOT.ENRR,43.77288
Nigeria,NGA,1979,"Gross enrolment ratio, primary to tertiary, both sexes (%)",SE.TOT.ENRR,40.55775
Nigeria,NGA,1978,"Gross enrolment ratio, primary to tertiary, both sexes (%)",SE.TOT.ENRR,34.2642
Nigeria,NGA,1977,"Gross enrolment ratio, primary to tertiary, both sexes (%)",SE.TOT.ENRR,27.16375
Nigeria,NGA,2015,"Population, ages 3-5, female",SP.POP.0305.FE.UN,7552258
Nigeria,NGA,2014,"Population, ages 3-5, female",SP.POP.0305.FE.UN,7494676
Nigeria,NGA,2013,"Population, ages 3-5, female",SP.POP.0305.FE.UN,7432905
Nigeria,NGA,2012,"Population, ages 3-5, female",SP.POP.0305.FE.UN,7364702
Nigeria,NGA,2011,"Population, ages 3-5, female",SP.POP.0305.FE.UN,7286971
Nigeria,NGA,2010,"Population, ages 3-5, female",SP.POP.0305.FE.UN,7197816
Nigeria,NGA,2009,"Population, ages 3-5, female",SP.POP.0305.FE.UN,7096106
Nigeria,NGA,2008,"Population, ages 3-5, female",SP.POP.0305.FE.UN,6983469
Nigeria,NGA,2007,"Population, ages 3-5, female",SP.POP.0305.FE.UN,6864118
Nigeria,NGA,2006,"Population, ages 3-5, female",SP.POP.0305.FE.UN,6743896
Nigeria,NGA,2005,"Population, ages 3-5, female",SP.POP.0305.FE.UN,6626981
Nigeria,NGA,2004,"Population, ages 3-5, female",SP.POP.0305.FE.UN,6515275
Nigeria,NGA,2003,"Population, ages 3-5, female",SP.POP.0305.FE.UN,6407615
Nigeria,NGA,2002,"Population, ages 3-5, female",SP.POP.0305.FE.UN,6301368
Nigeria,NGA,2001,"Population, ages 3-5, female",SP.POP.0305.FE.UN,6192432
Nigeria,NGA,2000,"Population, ages 3-5, female",SP.POP.0305.FE.UN,6077966
Nigeria,NGA,1999,"Population, ages 3-5, female",SP.POP.0305.FE.UN,5956882
Nigeria,NGA,1998,"Population, ages 3-5, female",SP.POP.0305.FE.UN,5830562
Nigeria,NGA,1997,"Population, ages 3-5, female",SP.POP.0305.FE.UN,5701539
Nigeria,NGA,1996,"Population, ages 3-5, female",SP.POP.0305.FE.UN,5573476
Nigeria,NGA,1995,"Population, ages 3-5, female",SP.POP.0305.FE.UN,5448823
Nigeria,NGA,1994,"Population, ages 3-5, female",SP.POP.0305.FE.UN,5329075
Nigeria,NGA,1993,"Population, ages 3-5, female",SP.POP.0305.FE.UN,5212957
Nigeria,NGA,1992,"Population, ages 3-5, female",SP.POP.0305.FE.UN,5096833
Nigeria,NGA,1991,"Population, ages 3-5, female",SP.POP.0305.FE.UN,4975534
Nigeria,NGA,1990,"Population, ages 3-5, female",SP.POP.0305.FE.UN,4845642
Nigeria,NGA,2015,"Population, ages 3-5, male",SP.POP.0305.MA.UN,7733898
Nigeria,NGA,2014,"Population, ages 3-5, male",SP.POP.0305.MA.UN,7674543
Nigeria,NGA,2013,"Population, ages 3-5, male",SP.POP.0305.MA.UN,7611622
Nigeria,NGA,2012,"Population, ages 3-5, male",SP.POP.0305.MA.UN,7542698
Nigeria,NGA,2011,"Population, ages 3-5, male",SP.POP.0305.MA.UN,7464365
Nigeria,NGA,2010,"Population, ages 3-5, male",SP.POP.0305.MA.UN,7374480
Nigeria,NGA,2009,"Population, ages 3-5, male",SP.POP.0305.MA.UN,7271886
Nigeria,NGA,2008,"Population, ages 3-5, male",SP.POP.0305.MA.UN,7158173
Nigeria,NGA,2007,"Population, ages 3-5, male",SP.POP.0305.MA.UN,7037291
Nigeria,NGA,2006,"Population, ages 3-5, male",SP.POP.0305.MA.UN,6914747
Nigeria,NGA,2005,"Population, ages 3-5, male",SP.POP.0305.MA.UN,6794493
Nigeria,NGA,2004,"Population, ages 3-5, male",SP.POP.0305.MA.UN,6678306
Nigeria,NGA,2003,"Population, ages 3-5, male",SP.POP.0305.MA.UN,6565087
Nigeria,NGA,2002,"Population, ages 3-5, male",SP.POP.0305.MA.UN,6452440
Nigeria,NGA,2001,"Population, ages 3-5, male",SP.POP.0305.MA.UN,6336606
Nigeria,NGA,2000,"Population, ages 3-5, male",SP.POP.0305.MA.UN,6215008
Nigeria,NGA,1999,"Population, ages 3-5, male",SP.POP.0305.MA.UN,6086694
Nigeria,NGA,1998,"Population, ages 3-5, male",SP.POP.0305.MA.UN,5953009
Nigeria,NGA,1997,"Population, ages 3-5, male",SP.POP.0305.MA.UN,5816396
Nigeria,NGA,1996,"Population, ages 3-5, male",SP.POP.0305.MA.UN,5680360
Nigeria,NGA,1995,"Population, ages 3-5, male",SP.POP.0305.MA.UN,5547273
Nigeria,NGA,1994,"Population, ages 3-5, male",SP.POP.0305.MA.UN,5418611
Nigeria,NGA,1993,"Population, ages 3-5, male",SP.POP.0305.MA.UN,5293275
Nigeria,NGA,1992,"Population, ages 3-5, male",SP.POP.0305.MA.UN,5168009
Nigeria,NGA,1991,"Population, ages 3-5, male",SP.POP.0305.MA.UN,5038146
Nigeria,NGA,1990,"Population, ages 3-5, male",SP.POP.0305.MA.UN,4900623
Nigeria,NGA,2015,"Population, ages 3-5, total",SP.POP.0305.TO.UN,15286156
Nigeria,NGA,2014,"Population, ages 3-5, total",SP.POP.0305.TO.UN,15169219
Nigeria,NGA,2013,"Population, ages 3-5, total",SP.POP.0305.TO.UN,15044527
Nigeria,NGA,2012,"Population, ages 3-5, total",SP.POP.0305.TO.UN,14907400
Nigeria,NGA,2011,"Population, ages 3-5, total",SP.POP.0305.TO.UN,14751336
Nigeria,NGA,2010,"Population, ages 3-5, total",SP.POP.0305.TO.UN,14572296
Nigeria,NGA,2009,"Population, ages 3-5, total",SP.POP.0305.TO.UN,14367992
Nigeria,NGA,2008,"Population, ages 3-5, total",SP.POP.0305.TO.UN,14141642
Nigeria,NGA,2007,"Population, ages 3-5, total",SP.POP.0305.TO.UN,13901409
Nigeria,NGA,2006,"Population, ages 3-5, total",SP.POP.0305.TO.UN,13658643
Nigeria,NGA,2005,"Population, ages 3-5, total",SP.POP.0305.TO.UN,13421474
Nigeria,NGA,2004,"Population, ages 3-5, total",SP.POP.0305.TO.UN,13193581
Nigeria,NGA,2003,"Population, ages 3-5, total",SP.POP.0305.TO.UN,12972702
Nigeria,NGA,2002,"Population, ages 3-5, total",SP.POP.0305.TO.UN,12753808
Nigeria,NGA,2001,"Population, ages 3-5, total",SP.POP.0305.TO.UN,12529038
Nigeria,NGA,2000,"Population, ages 3-5, total",SP.POP.0305.TO.UN,12292974
Nigeria,NGA,1999,"Population, ages 3-5, total",SP.POP.0305.TO.UN,12043576
Nigeria,NGA,1998,"Population, ages 3-5, total",SP.POP.0305.TO.UN,11783571
Nigeria,NGA,1997,"Population, ages 3-5, total",SP.POP.0305.TO.UN,11517935
Nigeria,NGA,1996,"Population, ages 3-5, total",SP.POP.0305.TO.UN,11253836
Nigeria,NGA,1995,"Population, ages 3-5, total",SP.POP.0305.TO.UN,10996096
Nigeria,NGA,1994,"Population, ages 3-5, total",SP.POP.0305.TO.UN,10747686
Nigeria,NGA,1993,"Population, ages 3-5, total",SP.POP.0305.TO.UN,10506232
Nigeria,NGA,1992,"Population, ages 3-5, total",SP.POP.0305.TO.UN,10264842
Nigeria,NGA,1991,"Population, ages 3-5, total",SP.POP.0305.TO.UN,10013680
Nigeria,NGA,1990,"Population, ages 3-5, total",SP.POP.0305.TO.UN,9746265
Nigeria,NGA,2015,"Population, ages 4-6, female",SP.POP.0406.FE.UN,7403746
Nigeria,NGA,2014,"Population, ages 4-6, female",SP.POP.0406.FE.UN,7337965
Nigeria,NGA,2013,"Population, ages 4-6, female",SP.POP.0406.FE.UN,7268450
Nigeria,NGA,2012,"Population, ages 4-6, female",SP.POP.0406.FE.UN,7192861
Nigeria,NGA,2011,"Population, ages 4-6, female",SP.POP.0406.FE.UN,7107926
Nigeria,NGA,2010,"Population, ages 4-6, female",SP.POP.0406.FE.UN,7011670
Nigeria,NGA,2009,"Population, ages 4-6, female",SP.POP.0406.FE.UN,6902814
Nigeria,NGA,2008,"Population, ages 4-6, female",SP.POP.0406.FE.UN,6783159
Nigeria,NGA,2007,"Population, ages 4-6, female",SP.POP.0406.FE.UN,6657535
Nigeria,NGA,2006,"Population, ages 4-6, female",SP.POP.0406.FE.UN,6532611
Nigeria,NGA,2005,"Population, ages 4-6, female",SP.POP.0406.FE.UN,6413092
Nigeria,NGA,2004,"Population, ages 4-6, female",SP.POP.0406.FE.UN,6301219
Nigeria,NGA,2003,"Population, ages 4-6, female",SP.POP.0406.FE.UN,6195477
Nigeria,NGA,2002,"Population, ages 4-6, female",SP.POP.0406.FE.UN,6092246
Nigeria,NGA,2001,"Population, ages 4-6, female",SP.POP.0406.FE.UN,5986020
Nigeria,NGA,2000,"Population, ages 4-6, female",SP.POP.0406.FE.UN,5872975
Nigeria,NGA,1999,"Population, ages 4-6, female",SP.POP.0406.FE.UN,5751588
Nigeria,NGA,1998,"Population, ages 4-6, female",SP.POP.0406.FE.UN,5623576
Nigeria,NGA,1997,"Population, ages 4-6, female",SP.POP.0406.FE.UN,5492170
Nigeria,NGA,1996,"Population, ages 4-6, female",SP.POP.0406.FE.UN,5362100
Nigeria,NGA,1995,"Population, ages 4-6, female",SP.POP.0406.FE.UN,5236561
Nigeria,NGA,1994,"Population, ages 4-6, female",SP.POP.0406.FE.UN,5117399
Nigeria,NGA,1993,"Population, ages 4-6, female",SP.POP.0406.FE.UN,5003029
Nigeria,NGA,1992,"Population, ages 4-6, female",SP.POP.0406.FE.UN,4889115
Nigeria,NGA,1991,"Population, ages 4-6, female",SP.POP.0406.FE.UN,4769479
Nigeria,NGA,1990,"Population, ages 4-6, female",SP.POP.0406.FE.UN,4640046
Nigeria,NGA,2015,"Population, ages 4-6, male",SP.POP.0406.MA.UN,7581333
Nigeria,NGA,2014,"Population, ages 4-6, male",SP.POP.0406.MA.UN,7514043
Nigeria,NGA,2013,"Population, ages 4-6, male",SP.POP.0406.MA.UN,7443717
Nigeria,NGA,2012,"Population, ages 4-6, male",SP.POP.0406.MA.UN,7367747
Nigeria,NGA,2011,"Population, ages 4-6, male",SP.POP.0406.MA.UN,7282454
Nigeria,NGA,2010,"Population, ages 4-6, male",SP.POP.0406.MA.UN,7185545
Nigeria,NGA,2009,"Population, ages 4-6, male",SP.POP.0406.MA.UN,7075681
Nigeria,NGA,2008,"Population, ages 4-6, male",SP.POP.0406.MA.UN,6954652
Nigeria,NGA,2007,"Population, ages 4-6, male",SP.POP.0406.MA.UN,6827080
Nigeria,NGA,2006,"Population, ages 4-6, male",SP.POP.0406.MA.UN,6699393
Nigeria,NGA,2005,"Population, ages 4-6, male",SP.POP.0406.MA.UN,6576130
Nigeria,NGA,2004,"Population, ages 4-6, male",SP.POP.0406.MA.UN,6459431
Nigeria,NGA,2003,"Population, ages 4-6, male",SP.POP.0406.MA.UN,6347834
Nigeria,NGA,2002,"Population, ages 4-6, male",SP.POP.0406.MA.UN,6237910
Nigeria,NGA,2001,"Population, ages 4-6, male",SP.POP.0406.MA.UN,6124445
Nigeria,NGA,2000,"Population, ages 4-6, male",SP.POP.0406.MA.UN,6003836
Nigeria,NGA,1999,"Population, ages 4-6, male",SP.POP.0406.MA.UN,5874686
Nigeria,NGA,1998,"Population, ages 4-6, male",SP.POP.0406.MA.UN,5738706
Nigeria,NGA,1997,"Population, ages 4-6, male",SP.POP.0406.MA.UN,5599107
Nigeria,NGA,1996,"Population, ages 4-6, male",SP.POP.0406.MA.UN,5460548
Nigeria,NGA,1995,"Population, ages 4-6, male",SP.POP.0406.MA.UN,5326217
Nigeria,NGA,1994,"Population, ages 4-6, male",SP.POP.0406.MA.UN,5197956
Nigeria,NGA,1993,"Population, ages 4-6, male",SP.POP.0406.MA.UN,5074336
Nigeria,NGA,1992,"Population, ages 4-6, male",SP.POP.0406.MA.UN,4951391
Nigeria,NGA,1991,"Population, ages 4-6, male",SP.POP.0406.MA.UN,4823406
Nigeria,NGA,1990,"Population, ages 4-6, male",SP.POP.0406.MA.UN,4686641
Nigeria,NGA,2015,"Population, ages 4-6, total",SP.POP.0406.TO.UN,14985079
Nigeria,NGA,2014,"Population, ages 4-6, total",SP.POP.0406.TO.UN,14852008
Nigeria,NGA,2013,"Population, ages 4-6, total",SP.POP.0406.TO.UN,14712167
Nigeria,NGA,2012,"Population, ages 4-6, total",SP.POP.0406.TO.UN,14560608
Nigeria,NGA,2011,"Population, ages 4-6, total",SP.POP.0406.TO.UN,14390380
Nigeria,NGA,2010,"Population, ages 4-6, total",SP.POP.0406.TO.UN,14197215
Nigeria,NGA,2009,"Population, ages 4-6, total",SP.POP.0406.TO.UN,13978495
Nigeria,NGA,2008,"Population, ages 4-6, total",SP.POP.0406.TO.UN,13737811
Nigeria,NGA,2007,"Population, ages 4-6, total",SP.POP.0406.TO.UN,13484615
Nigeria,NGA,2006,"Population, ages 4-6, total",SP.POP.0406.TO.UN,13232004
Nigeria,NGA,2005,"Population, ages 4-6, total",SP.POP.0406.TO.UN,12989222
Nigeria,NGA,2004,"Population, ages 4-6, total",SP.POP.0406.TO.UN,12760650
Nigeria,NGA,2003,"Population, ages 4-6, total",SP.POP.0406.TO.UN,12543311
Nigeria,NGA,2002,"Population, ages 4-6, total",SP.POP.0406.TO.UN,12330156
Nigeria,NGA,2001,"Population, ages 4-6, total",SP.POP.0406.TO.UN,12110465
Nigeria,NGA,2000,"Population, ages 4-6, total",SP.POP.0406.TO.UN,11876811
Nigeria,NGA,1999,"Population, ages 4-6, total",SP.POP.0406.TO.UN,11626274
Nigeria,NGA,1998,"Population, ages 4-6, total",SP.POP.0406.TO.UN,11362282
Nigeria,NGA,1997,"Population, ages 4-6, total",SP.POP.0406.TO.UN,11091277
Nigeria,NGA,1996,"Population, ages 4-6, total",SP.POP.0406.TO.UN,10822648
Nigeria,NGA,1995,"Population, ages 4-6, total",SP.POP.0406.TO.UN,10562778
Nigeria,NGA,1994,"Population, ages 4-6, total",SP.POP.0406.TO.UN,10315355
Nigeria,NGA,1993,"Population, ages 4-6, total",SP.POP.0406.TO.UN,10077365
Nigeria,NGA,1992,"Population, ages 4-6, total",SP.POP.0406.TO.UN,9840506
Nigeria,NGA,1991,"Population, ages 4-6, total",SP.POP.0406.TO.UN,9592885
Nigeria,NGA,1990,"Population, ages 4-6, total",SP.POP.0406.TO.UN,9326687
Nigeria,NGA,2015,"Population, ages 5-9, female",SP.POP.0509.FE.UN,11889513
Nigeria,NGA,2014,"Population, ages 5-9, female",SP.POP.0509.FE.UN,11752031
Nigeria,NGA,2013,"Population, ages 5-9, female",SP.POP.0509.FE.UN,11607157
Nigeria,NGA,2012,"Population, ages 5-9, female",SP.POP.0509.FE.UN,11453277
Nigeria,NGA,2011,"Population, ages 5-9, female",SP.POP.0509.FE.UN,11288011
Nigeria,NGA,2010,"Population, ages 5-9, female",SP.POP.0509.FE.UN,11110166
Nigeria,NGA,2009,"Population, ages 5-9, female",SP.POP.0509.FE.UN,10918612
Nigeria,NGA,2008,"Population, ages 5-9, female",SP.POP.0509.FE.UN,10715422
Nigeria,NGA,2007,"Population, ages 5-9, female",SP.POP.0509.FE.UN,10506459
Nigeria,NGA,2006,"Population, ages 5-9, female",SP.POP.0509.FE.UN,10299616
Nigeria,NGA,2005,"Population, ages 5-9, female",SP.POP.0509.FE.UN,10100395
Nigeria,NGA,2004,"Population, ages 5-9, female",SP.POP.0509.FE.UN,9911650
Nigeria,NGA,2003,"Population, ages 5-9, female",SP.POP.0509.FE.UN,9731494
Nigeria,NGA,2002,"Population, ages 5-9, female",SP.POP.0509.FE.UN,9554871
Nigeria,NGA,2001,"Population, ages 5-9, female",SP.POP.0509.FE.UN,9374218
Nigeria,NGA,2000,"Population, ages 5-9, female",SP.POP.0509.FE.UN,9184226
Nigeria,NGA,1999,"Population, ages 5-9, female",SP.POP.0509.FE.UN,8982919
Nigeria,NGA,1998,"Population, ages 5-9, female",SP.POP.0509.FE.UN,8772483
Nigeria,NGA,1997,"Population, ages 5-9, female",SP.POP.0509.FE.UN,8556731
Nigeria,NGA,1996,"Population, ages 5-9, female",SP.POP.0509.FE.UN,8341347
Nigeria,NGA,1995,"Population, ages 5-9, female",SP.POP.0509.FE.UN,8130250
Nigeria,NGA,1994,"Population, ages 5-9, female",SP.POP.0509.FE.UN,7925815
Nigeria,NGA,1993,"Population, ages 5-9, female",SP.POP.0509.FE.UN,7726379
Nigeria,NGA,1992,"Population, ages 5-9, female",SP.POP.0509.FE.UN,7527081
Nigeria,NGA,1991,"Population, ages 5-9, female",SP.POP.0509.FE.UN,7320928
Nigeria,NGA,1990,"Population, ages 5-9, female",SP.POP.0509.FE.UN,7103513
Nigeria,NGA,2015,"Population, ages 5-9, male",SP.POP.0509.MA.UN,12179435
Nigeria,NGA,2014,"Population, ages 5-9, male",SP.POP.0509.MA.UN,12040041
Nigeria,NGA,2013,"Population, ages 5-9, male",SP.POP.0509.MA.UN,11894110
Nigeria,NGA,2012,"Population, ages 5-9, male",SP.POP.0509.MA.UN,11739506
Nigeria,NGA,2011,"Population, ages 5-9, male",SP.POP.0509.MA.UN,11573117
Nigeria,NGA,2010,"Population, ages 5-9, male",SP.POP.0509.MA.UN,11393189
Nigeria,NGA,2009,"Population, ages 5-9, male",SP.POP.0509.MA.UN,11198446
Nigeria,NGA,2008,"Population, ages 5-9, male",SP.POP.0509.MA.UN,10990995
Nigeria,NGA,2007,"Population, ages 5-9, male",SP.POP.0509.MA.UN,10776539
Nigeria,NGA,2006,"Population, ages 5-9, male",SP.POP.0509.MA.UN,10562834
Nigeria,NGA,2005,"Population, ages 5-9, male",SP.POP.0509.MA.UN,10355309
Nigeria,NGA,2004,"Population, ages 5-9, male",SP.POP.0509.MA.UN,10156750
Nigeria,NGA,2003,"Population, ages 5-9, male",SP.POP.0509.MA.UN,9965333
Nigeria,NGA,2002,"Population, ages 5-9, male",SP.POP.0509.MA.UN,9776247
Nigeria,NGA,2001,"Population, ages 5-9, male",SP.POP.0509.MA.UN,9582280
Nigeria,NGA,2000,"Population, ages 5-9, male",SP.POP.0509.MA.UN,9378420
Nigeria,NGA,1999,"Population, ages 5-9, male",SP.POP.0509.MA.UN,9162851
Nigeria,NGA,1998,"Population, ages 5-9, male",SP.POP.0509.MA.UN,8937842
Nigeria,NGA,1997,"Population, ages 5-9, male",SP.POP.0509.MA.UN,8707355
Nigeria,NGA,1996,"Population, ages 5-9, male",SP.POP.0509.MA.UN,8477213
Nigeria,NGA,1995,"Population, ages 5-9, male",SP.POP.0509.MA.UN,8251493
Nigeria,NGA,1994,"Population, ages 5-9, male",SP.POP.0509.MA.UN,8032617
Nigeria,NGA,1993,"Population, ages 5-9, male",SP.POP.0509.MA.UN,7819095
Nigeria,NGA,1992,"Population, ages 5-9, male",SP.POP.0509.MA.UN,7606493
Nigeria,NGA,1991,"Population, ages 5-9, male",SP.POP.0509.MA.UN,7388341
Nigeria,NGA,1990,"Population, ages 5-9, male",SP.POP.0509.MA.UN,7160591
Nigeria,NGA,2015,"Population, ages 5-9, total",SP.POP.0509.TO.UN,24068948
Nigeria,NGA,2014,"Population, ages 5-9, total",SP.POP.0509.TO.UN,23792072
Nigeria,NGA,2013,"Population, ages 5-9, total",SP.POP.0509.TO.UN,23501267
Nigeria,NGA,2012,"Population, ages 5-9, total",SP.POP.0509.TO.UN,23192783
Nigeria,NGA,2011,"Population, ages 5-9, total",SP.POP.0509.TO.UN,22861128
Nigeria,NGA,2010,"Population, ages 5-9, total",SP.POP.0509.TO.UN,22503355
Nigeria,NGA,2009,"Population, ages 5-9, total",SP.POP.0509.TO.UN,22117058
Nigeria,NGA,2008,"Population, ages 5-9, total",SP.POP.0509.TO.UN,21706417
Nigeria,NGA,2007,"Population, ages 5-9, total",SP.POP.0509.TO.UN,21282998
Nigeria,NGA,2006,"Population, ages 5-9, total",SP.POP.0509.TO.UN,20862450
Nigeria,NGA,2005,"Population, ages 5-9, total",SP.POP.0509.TO.UN,20455704
Nigeria,NGA,2004,"Population, ages 5-9, total",SP.POP.0509.TO.UN,20068400
Nigeria,NGA,2003,"Population, ages 5-9, total",SP.POP.0509.TO.UN,19696827
Nigeria,NGA,2002,"Population, ages 5-9, total",SP.POP.0509.TO.UN,19331118
Nigeria,NGA,2001,"Population, ages 5-9, total",SP.POP.0509.TO.UN,18956498
Nigeria,NGA,2000,"Population, ages 5-9, total",SP.POP.0509.TO.UN,18562646
Nigeria,NGA,1999,"Population, ages 5-9, total",SP.POP.0509.TO.UN,18145770
Nigeria,NGA,1998,"Population, ages 5-9, total",SP.POP.0509.TO.UN,17710325
Nigeria,NGA,1997,"Population, ages 5-9, total",SP.POP.0509.TO.UN,17264086
Nigeria,NGA,1996,"Population, ages 5-9, total",SP.POP.0509.TO.UN,16818560
Nigeria,NGA,1995,"Population, ages 5-9, total",SP.POP.0509.TO.UN,16381743
Nigeria,NGA,1994,"Population, ages 5-9, total",SP.POP.0509.TO.UN,15958432
Nigeria,NGA,1993,"Population, ages 5-9, total",SP.POP.0509.TO.UN,15545474
Nigeria,NGA,1992,"Population, ages 5-9, total",SP.POP.0509.TO.UN,15133574
Nigeria,NGA,1991,"Population, ages 5-9, total",SP.POP.0509.TO.UN,14709269
Nigeria,NGA,1990,"Population, ages 5-9, total",SP.POP.0509.TO.UN,14264104
Nigeria,NGA,2015,"Population, ages 5-10, female",SP.POP.0510.FE.UN,14141627
Nigeria,NGA,2014,"Population, ages 5-10, female",SP.POP.0510.FE.UN,13968675
Nigeria,NGA,2013,"Population, ages 5-10, female",SP.POP.0510.FE.UN,13786020
Nigeria,NGA,2012,"Population, ages 5-10, female",SP.POP.0510.FE.UN,13592890
Nigeria,NGA,2011,"Population, ages 5-10, female",SP.POP.0510.FE.UN,13388031
Nigeria,NGA,2010,"Population, ages 5-10, female",SP.POP.0510.FE.UN,13171071
Nigeria,NGA,2009,"Population, ages 5-10, female",SP.POP.0510.FE.UN,12941241
Nigeria,NGA,2008,"Population, ages 5-10, female",SP.POP.0510.FE.UN,12700460
Nigeria,NGA,2007,"Population, ages 5-10, female",SP.POP.0510.FE.UN,12454261
Nigeria,NGA,2006,"Population, ages 5-10, female",SP.POP.0510.FE.UN,12209967
Nigeria,NGA,2005,"Population, ages 5-10, female",SP.POP.0510.FE.UN,11972671
Nigeria,NGA,2004,"Population, ages 5-10, female",SP.POP.0510.FE.UN,11745135
Nigeria,NGA,2003,"Population, ages 5-10, female",SP.POP.0510.FE.UN,11525646
Nigeria,NGA,2002,"Population, ages 5-10, female",SP.POP.0510.FE.UN,11309313
Nigeria,NGA,2001,"Population, ages 5-10, female",SP.POP.0510.FE.UN,11088827
Nigeria,NGA,2000,"Population, ages 5-10, female",SP.POP.0510.FE.UN,10859033
Nigeria,NGA,1999,"Population, ages 5-10, female",SP.POP.0510.FE.UN,10618131
Nigeria,NGA,1998,"Population, ages 5-10, female",SP.POP.0510.FE.UN,10368193
Nigeria,NGA,1997,"Population, ages 5-10, female",SP.POP.0510.FE.UN,10112549
Nigeria,NGA,1996,"Population, ages 5-10, female",SP.POP.0510.FE.UN,9856226
Nigeria,NGA,1995,"Population, ages 5-10, female",SP.POP.0510.FE.UN,9602730
Nigeria,NGA,1994,"Population, ages 5-10, female",SP.POP.0510.FE.UN,9354329
Nigeria,NGA,1993,"Population, ages 5-10, female",SP.POP.0510.FE.UN,9109719
Nigeria,NGA,1992,"Population, ages 5-10, female",SP.POP.0510.FE.UN,8864696
Nigeria,NGA,1991,"Population, ages 5-10, female",SP.POP.0510.FE.UN,8613173
Nigeria,NGA,1990,"Population, ages 5-10, female",SP.POP.0510.FE.UN,8351474
Nigeria,NGA,2015,"Population, ages 5-10, male",SP.POP.0510.MA.UN,14489076
Nigeria,NGA,2014,"Population, ages 5-10, male",SP.POP.0510.MA.UN,14313907
Nigeria,NGA,2013,"Population, ages 5-10, male",SP.POP.0510.MA.UN,14129849
Nigeria,NGA,2012,"Population, ages 5-10, male",SP.POP.0510.MA.UN,13935527
Nigeria,NGA,2011,"Population, ages 5-10, male",SP.POP.0510.MA.UN,13728849
Nigeria,NGA,2010,"Population, ages 5-10, male",SP.POP.0510.MA.UN,13508814
Nigeria,NGA,2009,"Population, ages 5-10, male",SP.POP.0510.MA.UN,13274478
Nigeria,NGA,2008,"Population, ages 5-10, male",SP.POP.0510.MA.UN,13027804
Nigeria,NGA,2007,"Population, ages 5-10, male",SP.POP.0510.MA.UN,12774185
Nigeria,NGA,2006,"Population, ages 5-10, male",SP.POP.0510.MA.UN,12520852
Nigeria,NGA,2005,"Population, ages 5-10, male",SP.POP.0510.MA.UN,12272861
Nigeria,NGA,2004,"Population, ages 5-10, male",SP.POP.0510.MA.UN,12032922
Nigeria,NGA,2003,"Population, ages 5-10, male",SP.POP.0510.MA.UN,11799400
Nigeria,NGA,2002,"Population, ages 5-10, male",SP.POP.0510.MA.UN,11567688
Nigeria,NGA,2001,"Population, ages 5-10, male",SP.POP.0510.MA.UN,11330874
Nigeria,NGA,2000,"Population, ages 5-10, male",SP.POP.0510.MA.UN,11084149
Nigeria,NGA,1999,"Population, ages 5-10, male",SP.POP.0510.MA.UN,10825893
Nigeria,NGA,1998,"Population, ages 5-10, male",SP.POP.0510.MA.UN,10558293
Nigeria,NGA,1997,"Population, ages 5-10, male",SP.POP.0510.MA.UN,10284902
Nigeria,NGA,1996,"Population, ages 5-10, male",SP.POP.0510.MA.UN,10010970
Nigeria,NGA,1995,"Population, ages 5-10, male",SP.POP.0510.MA.UN,9740231
Nigeria,NGA,1994,"Population, ages 5-10, male",SP.POP.0510.MA.UN,9475020
Nigeria,NGA,1993,"Population, ages 5-10, male",SP.POP.0510.MA.UN,9214208
Nigeria,NGA,1992,"Population, ages 5-10, male",SP.POP.0510.MA.UN,8954028
Nigeria,NGA,1991,"Population, ages 5-10, male",SP.POP.0510.MA.UN,8688915
Nigeria,NGA,1990,"Population, ages 5-10, male",SP.POP.0510.MA.UN,8415541
Nigeria,NGA,2015,"Population, ages 5-10, total",SP.POP.0510.TO.UN,28630703
Nigeria,NGA,2014,"Population, ages 5-10, total",SP.POP.0510.TO.UN,28282582
Nigeria,NGA,2013,"Population, ages 5-10, total",SP.POP.0510.TO.UN,27915869
Nigeria,NGA,2012,"Population, ages 5-10, total",SP.POP.0510.TO.UN,27528417
Nigeria,NGA,2011,"Population, ages 5-10, total",SP.POP.0510.TO.UN,27116880
Nigeria,NGA,2010,"Population, ages 5-10, total",SP.POP.0510.TO.UN,26679885
Nigeria,NGA,2009,"Population, ages 5-10, total",SP.POP.0510.TO.UN,26215719
Nigeria,NGA,2008,"Population, ages 5-10, total",SP.POP.0510.TO.UN,25728264
Nigeria,NGA,2007,"Population, ages 5-10, total",SP.POP.0510.TO.UN,25228446
Nigeria,NGA,2006,"Population, ages 5-10, total",SP.POP.0510.TO.UN,24730819
Nigeria,NGA,2005,"Population, ages 5-10, total",SP.POP.0510.TO.UN,24245532
Nigeria,NGA,2004,"Population, ages 5-10, total",SP.POP.0510.TO.UN,23778057
Nigeria,NGA,2003,"Population, ages 5-10, total",SP.POP.0510.TO.UN,23325046
Nigeria,NGA,2002,"Population, ages 5-10, total",SP.POP.0510.TO.UN,22877001
Nigeria,NGA,2001,"Population, ages 5-10, total",SP.POP.0510.TO.UN,22419701
Nigeria,NGA,2000,"Population, ages 5-10, total",SP.POP.0510.TO.UN,21943182
Nigeria,NGA,1999,"Population, ages 5-10, total",SP.POP.0510.TO.UN,21444024
Nigeria,NGA,1998,"Population, ages 5-10, total",SP.POP.0510.TO.UN,20926486
Nigeria,NGA,1997,"Population, ages 5-10, total",SP.POP.0510.TO.UN,20397451
Nigeria,NGA,1996,"Population, ages 5-10, total",SP.POP.0510.TO.UN,19867196
Nigeria,NGA,1995,"Population, ages 5-10, total",SP.POP.0510.TO.UN,19342961
Nigeria,NGA,1994,"Population, ages 5-10, total",SP.POP.0510.TO.UN,18829349
Nigeria,NGA,1993,"Population, ages 5-10, total",SP.POP.0510.TO.UN,18323927
Nigeria,NGA,1992,"Population, ages 5-10, total",SP.POP.0510.TO.UN,17818724
Nigeria,NGA,1991,"Population, ages 5-10, total",SP.POP.0510.TO.UN,17302088
Nigeria,NGA,1990,"Population, ages 5-10, total",SP.POP.0510.TO.UN,16767015
Nigeria,NGA,2015,"Population, ages 5-11, female",SP.POP.0511.FE.UN,16355628
Nigeria,NGA,2014,"Population, ages 5-11, female",SP.POP.0511.FE.UN,16144578
Nigeria,NGA,2013,"Population, ages 5-11, female",SP.POP.0511.FE.UN,15920909
Nigeria,NGA,2012,"Population, ages 5-11, female",SP.POP.0511.FE.UN,15685335
Nigeria,NGA,2011,"Population, ages 5-11, female",SP.POP.0511.FE.UN,15438626
Nigeria,NGA,2010,"Population, ages 5-11, female",SP.POP.0511.FE.UN,15181830
Nigeria,NGA,2009,"Population, ages 5-11, female",SP.POP.0511.FE.UN,14914877
Nigeria,NGA,2008,"Population, ages 5-11, female",SP.POP.0511.FE.UN,14639198
Nigeria,NGA,2007,"Population, ages 5-11, female",SP.POP.0511.FE.UN,14359118
Nigeria,NGA,2006,"Population, ages 5-11, female",SP.POP.0511.FE.UN,14080140
Nigeria,NGA,2005,"Population, ages 5-11, female",SP.POP.0511.FE.UN,13806078
Nigeria,NGA,2004,"Population, ages 5-11, female",SP.POP.0511.FE.UN,13539201
Nigeria,NGA,2003,"Population, ages 5-11, female",SP.POP.0511.FE.UN,13278319
Nigeria,NGA,2002,"Population, ages 5-11, female",SP.POP.0511.FE.UN,13019501
Nigeria,NGA,2001,"Population, ages 5-11, female",SP.POP.0511.FE.UN,12756858
Nigeria,NGA,2000,"Population, ages 5-11, female",SP.POP.0511.FE.UN,12486200
Nigeria,NGA,1999,"Population, ages 5-11, female",SP.POP.0511.FE.UN,12206276
Nigeria,NGA,1998,"Population, ages 5-11, female",SP.POP.0511.FE.UN,11918687
Nigeria,NGA,1997,"Population, ages 5-11, female",SP.POP.0511.FE.UN,11625503
Nigeria,NGA,1996,"Population, ages 5-11, female",SP.POP.0511.FE.UN,11329947
Nigeria,NGA,1995,"Population, ages 5-11, female",SP.POP.0511.FE.UN,11034351
Nigeria,NGA,1994,"Population, ages 5-11, female",SP.POP.0511.FE.UN,10740508
Nigeria,NGA,1993,"Population, ages 5-11, female",SP.POP.0511.FE.UN,10447885
Nigeria,NGA,1992,"Population, ages 5-11, female",SP.POP.0511.FE.UN,10153866
Nigeria,NGA,1991,"Population, ages 5-11, female",SP.POP.0511.FE.UN,9854610
Nigeria,NGA,1990,"Population, ages 5-11, female",SP.POP.0511.FE.UN,9548090
Nigeria,NGA,2015,"Population, ages 5-11, male",SP.POP.0511.MA.UN,16760728
Nigeria,NGA,2014,"Population, ages 5-11, male",SP.POP.0511.MA.UN,16547155
Nigeria,NGA,2013,"Population, ages 5-11, male",SP.POP.0511.MA.UN,16321631
Nigeria,NGA,2012,"Population, ages 5-11, male",SP.POP.0511.MA.UN,16084200
Nigeria,NGA,2011,"Population, ages 5-11, male",SP.POP.0511.MA.UN,15834734
Nigeria,NGA,2010,"Population, ages 5-11, male",SP.POP.0511.MA.UN,15573602
Nigeria,NGA,2009,"Population, ages 5-11, male",SP.POP.0511.MA.UN,15300532
Nigeria,NGA,2008,"Population, ages 5-11, male",SP.POP.0511.MA.UN,15017018
Nigeria,NGA,2007,"Population, ages 5-11, male",SP.POP.0511.MA.UN,14727278
Nigeria,NGA,2006,"Population, ages 5-11, male",SP.POP.0511.MA.UN,14436786
Nigeria,NGA,2005,"Population, ages 5-11, male",SP.POP.0511.MA.UN,14149372
Nigeria,NGA,2004,"Population, ages 5-11, male",SP.POP.0511.MA.UN,13867276
Nigeria,NGA,2003,"Population, ages 5-11, male",SP.POP.0511.MA.UN,13589407
Nigeria,NGA,2002,"Population, ages 5-11, male",SP.POP.0511.MA.UN,13312156
Nigeria,NGA,2001,"Population, ages 5-11, male",SP.POP.0511.MA.UN,13030072
Nigeria,NGA,2000,"Population, ages 5-11, male",SP.POP.0511.MA.UN,12739356
Nigeria,NGA,1999,"Population, ages 5-11, male",SP.POP.0511.MA.UN,12438955
Nigeria,NGA,1998,"Population, ages 5-11, male",SP.POP.0511.MA.UN,12130623
Nigeria,NGA,1997,"Population, ages 5-11, male",SP.POP.0511.MA.UN,11816734
Nigeria,NGA,1996,"Population, ages 5-11, male",SP.POP.0511.MA.UN,11500836
Nigeria,NGA,1995,"Population, ages 5-11, male",SP.POP.0511.MA.UN,11185561
Nigeria,NGA,1994,"Population, ages 5-11, male",SP.POP.0511.MA.UN,10872798
Nigeria,NGA,1993,"Population, ages 5-11, male",SP.POP.0511.MA.UN,10562177
Nigeria,NGA,1992,"Population, ages 5-11, male",SP.POP.0511.MA.UN,10251500
Nigeria,NGA,1991,"Population, ages 5-11, male",SP.POP.0511.MA.UN,9937404
Nigeria,NGA,1990,"Population, ages 5-11, male",SP.POP.0511.MA.UN,9618177
Nigeria,NGA,2015,"Population, ages 5-11, total",SP.POP.0511.TO.UN,33116356
Nigeria,NGA,2014,"Population, ages 5-11, total",SP.POP.0511.TO.UN,32691733
Nigeria,NGA,2013,"Population, ages 5-11, total",SP.POP.0511.TO.UN,32242540
Nigeria,NGA,2012,"Population, ages 5-11, total",SP.POP.0511.TO.UN,31769535
Nigeria,NGA,2011,"Population, ages 5-11, total",SP.POP.0511.TO.UN,31273360
Nigeria,NGA,2010,"Population, ages 5-11, total",SP.POP.0511.TO.UN,30755432
Nigeria,NGA,2009,"Population, ages 5-11, total",SP.POP.0511.TO.UN,30215409
Nigeria,NGA,2008,"Population, ages 5-11, total",SP.POP.0511.TO.UN,29656216
Nigeria,NGA,2007,"Population, ages 5-11, total",SP.POP.0511.TO.UN,29086396
Nigeria,NGA,2006,"Population, ages 5-11, total",SP.POP.0511.TO.UN,28516926
Nigeria,NGA,2005,"Population, ages 5-11, total",SP.POP.0511.TO.UN,27955450
Nigeria,NGA,2004,"Population, ages 5-11, total",SP.POP.0511.TO.UN,27406477
Nigeria,NGA,2003,"Population, ages 5-11, total",SP.POP.0511.TO.UN,26867726
Nigeria,NGA,2002,"Population, ages 5-11, total",SP.POP.0511.TO.UN,26331657
Nigeria,NGA,2001,"Population, ages 5-11, total",SP.POP.0511.TO.UN,25786930
Nigeria,NGA,2000,"Population, ages 5-11, total",SP.POP.0511.TO.UN,25225556
Nigeria,NGA,1999,"Population, ages 5-11, total",SP.POP.0511.TO.UN,24645231
Nigeria,NGA,1998,"Population, ages 5-11, total",SP.POP.0511.TO.UN,24049310
Nigeria,NGA,1997,"Population, ages 5-11, total",SP.POP.0511.TO.UN,23442237
Nigeria,NGA,1996,"Population, ages 5-11, total",SP.POP.0511.TO.UN,22830783
Nigeria,NGA,1995,"Population, ages 5-11, total",SP.POP.0511.TO.UN,22219912
Nigeria,NGA,1994,"Population, ages 5-11, total",SP.POP.0511.TO.UN,21613306
Nigeria,NGA,1993,"Population, ages 5-11, total",SP.POP.0511.TO.UN,21010062
Nigeria,NGA,1992,"Population, ages 5-11, total",SP.POP.0511.TO.UN,20405366
Nigeria,NGA,1991,"Population, ages 5-11, total",SP.POP.0511.TO.UN,19792014
Nigeria,NGA,1990,"Population, ages 5-11, total",SP.POP.0511.TO.UN,19166267
Nigeria,NGA,2015,"Population, ages 6-9, female",SP.POP.0609.FE.UN,9422540
Nigeria,NGA,2014,"Population, ages 6-9, female",SP.POP.0609.FE.UN,9306957
Nigeria,NGA,2013,"Population, ages 6-9, female",SP.POP.0609.FE.UN,9185168
Nigeria,NGA,2012,"Population, ages 6-9, female",SP.POP.0609.FE.UN,9056395
Nigeria,NGA,2011,"Population, ages 6-9, female",SP.POP.0609.FE.UN,8919428
Nigeria,NGA,2010,"Population, ages 6-9, female",SP.POP.0609.FE.UN,8773784
Nigeria,NGA,2009,"Population, ages 6-9, female",SP.POP.0609.FE.UN,8618793
Nigeria,NGA,2008,"Population, ages 6-9, female",SP.POP.0609.FE.UN,8455894
Nigeria,NGA,2007,"Population, ages 6-9, female",SP.POP.0609.FE.UN,8289251
Nigeria,NGA,2006,"Population, ages 6-9, female",SP.POP.0609.FE.UN,8124405
Nigeria,NGA,2005,"Population, ages 6-9, female",SP.POP.0609.FE.UN,7965205
Nigeria,NGA,2004,"Population, ages 6-9, female",SP.POP.0609.FE.UN,7813715
Nigeria,NGA,2003,"Population, ages 6-9, female",SP.POP.0609.FE.UN,7668588
Nigeria,NGA,2002,"Population, ages 6-9, female",SP.POP.0609.FE.UN,7526070
Nigeria,NGA,2001,"Population, ages 6-9, female",SP.POP.0609.FE.UN,7380561
Nigeria,NGA,2000,"Population, ages 6-9, female",SP.POP.0609.FE.UN,7228120
Nigeria,NGA,1999,"Population, ages 6-9, female",SP.POP.0609.FE.UN,7067321
Nigeria,NGA,1998,"Population, ages 6-9, female",SP.POP.0609.FE.UN,6899741
Nigeria,NGA,1997,"Population, ages 6-9, female",SP.POP.0609.FE.UN,6728030
Nigeria,NGA,1996,"Population, ages 6-9, female",SP.POP.0609.FE.UN,6556175
Nigeria,NGA,1995,"Population, ages 6-9, female",SP.POP.0609.FE.UN,6386944
Nigeria,NGA,1994,"Population, ages 6-9, female",SP.POP.0609.FE.UN,6222061
Nigeria,NGA,1993,"Population, ages 6-9, female",SP.POP.0609.FE.UN,6060431
Nigeria,NGA,1992,"Population, ages 6-9, female",SP.POP.0609.FE.UN,5898738
Nigeria,NGA,1991,"Population, ages 6-9, female",SP.POP.0609.FE.UN,5732193
Nigeria,NGA,1990,"Population, ages 6-9, female",SP.POP.0609.FE.UN,5557841
Nigeria,NGA,2015,"Population, ages 6-9, male",SP.POP.0609.MA.UN,9653424
Nigeria,NGA,2014,"Population, ages 6-9, male",SP.POP.0609.MA.UN,9536428
Nigeria,NGA,2013,"Population, ages 6-9, male",SP.POP.0609.MA.UN,9413837
Nigeria,NGA,2012,"Population, ages 6-9, male",SP.POP.0609.MA.UN,9284442
Nigeria,NGA,2011,"Population, ages 6-9, male",SP.POP.0609.MA.UN,9146446
Nigeria,NGA,2010,"Population, ages 6-9, male",SP.POP.0609.MA.UN,8998911
Nigeria,NGA,2009,"Population, ages 6-9, male",SP.POP.0609.MA.UN,8841045
Nigeria,NGA,2008,"Population, ages 6-9, male",SP.POP.0609.MA.UN,8674323
Nigeria,NGA,2007,"Population, ages 6-9, male",SP.POP.0609.MA.UN,8502816
Nigeria,NGA,2006,"Population, ages 6-9, male",SP.POP.0609.MA.UN,8332013
Nigeria,NGA,2005,"Population, ages 6-9, male",SP.POP.0609.MA.UN,8165742
Nigeria,NGA,2004,"Population, ages 6-9, male",SP.POP.0609.MA.UN,8006032
Nigeria,NGA,2003,"Population, ages 6-9, male",SP.POP.0609.MA.UN,7851585
Nigeria,NGA,2002,"Population, ages 6-9, male",SP.POP.0609.MA.UN,7698826
Nigeria,NGA,2001,"Population, ages 6-9, male",SP.POP.0609.MA.UN,7542413
Nigeria,NGA,2000,"Population, ages 6-9, male",SP.POP.0609.MA.UN,7378628
Nigeria,NGA,1999,"Population, ages 6-9, male",SP.POP.0609.MA.UN,7206162
Nigeria,NGA,1998,"Population, ages 6-9, male",SP.POP.0609.MA.UN,7026677
Nigeria,NGA,1997,"Population, ages 6-9, male",SP.POP.0609.MA.UN,6842980
Nigeria,NGA,1996,"Population, ages 6-9, male",SP.POP.0609.MA.UN,6659216
Nigeria,NGA,1995,"Population, ages 6-9, male",SP.POP.0609.MA.UN,6478318
Nigeria,NGA,1994,"Population, ages 6-9, male",SP.POP.0609.MA.UN,6302053
Nigeria,NGA,1993,"Population, ages 6-9, male",SP.POP.0609.MA.UN,6129449
Nigeria,NGA,1992,"Population, ages 6-9, male",SP.POP.0609.MA.UN,5957493
Nigeria,NGA,1991,"Population, ages 6-9, male",SP.POP.0609.MA.UN,5781756
Nigeria,NGA,1990,"Population, ages 6-9, male",SP.POP.0609.MA.UN,5599533
Nigeria,NGA,2015,"Population, ages 6-9, total",SP.POP.0609.TO.UN,19075964
Nigeria,NGA,2014,"Population, ages 6-9, total",SP.POP.0609.TO.UN,18843385
Nigeria,NGA,2013,"Population, ages 6-9, total",SP.POP.0609.TO.UN,18599005
Nigeria,NGA,2012,"Population, ages 6-9, total",SP.POP.0609.TO.UN,18340837
Nigeria,NGA,2011,"Population, ages 6-9, total",SP.POP.0609.TO.UN,18065874
Nigeria,NGA,2010,"Population, ages 6-9, total",SP.POP.0609.TO.UN,17772695
Nigeria,NGA,2009,"Population, ages 6-9, total",SP.POP.0609.TO.UN,17459838
Nigeria,NGA,2008,"Population, ages 6-9, total",SP.POP.0609.TO.UN,17130217
Nigeria,NGA,2007,"Population, ages 6-9, total",SP.POP.0609.TO.UN,16792067
Nigeria,NGA,2006,"Population, ages 6-9, total",SP.POP.0609.TO.UN,16456418
Nigeria,NGA,2005,"Population, ages 6-9, total",SP.POP.0609.TO.UN,16130947
Nigeria,NGA,2004,"Population, ages 6-9, total",SP.POP.0609.TO.UN,15819747
Nigeria,NGA,2003,"Population, ages 6-9, total",SP.POP.0609.TO.UN,15520173
Nigeria,NGA,2002,"Population, ages 6-9, total",SP.POP.0609.TO.UN,15224896
Nigeria,NGA,2001,"Population, ages 6-9, total",SP.POP.0609.TO.UN,14922974
Nigeria,NGA,2000,"Population, ages 6-9, total",SP.POP.0609.TO.UN,14606748
Nigeria,NGA,1999,"Population, ages 6-9, total",SP.POP.0609.TO.UN,14273483
Nigeria,NGA,1998,"Population, ages 6-9, total",SP.POP.0609.TO.UN,13926418
Nigeria,NGA,1997,"Population, ages 6-9, total",SP.POP.0609.TO.UN,13571010
Nigeria,NGA,1996,"Population, ages 6-9, total",SP.POP.0609.TO.UN,13215391
Nigeria,NGA,1995,"Population, ages 6-9, total",SP.POP.0609.TO.UN,12865262
Nigeria,NGA,1994,"Population, ages 6-9, total",SP.POP.0609.TO.UN,12524114
Nigeria,NGA,1993,"Population, ages 6-9, total",SP.POP.0609.TO.UN,12189880
Nigeria,NGA,1992,"Population, ages 6-9, total",SP.POP.0609.TO.UN,11856231
Nigeria,NGA,1991,"Population, ages 6-9, total",SP.POP.0609.TO.UN,11513949
Nigeria,NGA,1990,"Population, ages 6-9, total",SP.POP.0609.TO.UN,11157374
Nigeria,NGA,2015,"Population, ages 6-10, female",SP.POP.0610.FE.UN,11674654
Nigeria,NGA,2014,"Population, ages 6-10, female",SP.POP.0610.FE.UN,11523601
Nigeria,NGA,2013,"Population, ages 6-10, female",SP.POP.0610.FE.UN,11364031
Nigeria,NGA,2012,"Population, ages 6-10, female",SP.POP.0610.FE.UN,11196008
Nigeria,NGA,2011,"Population, ages 6-10, female",SP.POP.0610.FE.UN,11019448
Nigeria,NGA,2010,"Population, ages 6-10, female",SP.POP.0610.FE.UN,10834689
Nigeria,NGA,2009,"Population, ages 6-10, female",SP.POP.0610.FE.UN,10641422
Nigeria,NGA,2008,"Population, ages 6-10, female",SP.POP.0610.FE.UN,10440932
Nigeria,NGA,2007,"Population, ages 6-10, female",SP.POP.0610.FE.UN,10237053
Nigeria,NGA,2006,"Population, ages 6-10, female",SP.POP.0610.FE.UN,10034756
Nigeria,NGA,2005,"Population, ages 6-10, female",SP.POP.0610.FE.UN,9837481
Nigeria,NGA,2004,"Population, ages 6-10, female",SP.POP.0610.FE.UN,9647200
Nigeria,NGA,2003,"Population, ages 6-10, female",SP.POP.0610.FE.UN,9462740
Nigeria,NGA,2002,"Population, ages 6-10, female",SP.POP.0610.FE.UN,9280512
Nigeria,NGA,2001,"Population, ages 6-10, female",SP.POP.0610.FE.UN,9095170
Nigeria,NGA,2000,"Population, ages 6-10, female",SP.POP.0610.FE.UN,8902927
Nigeria,NGA,1999,"Population, ages 6-10, female",SP.POP.0610.FE.UN,8702533
Nigeria,NGA,1998,"Population, ages 6-10, female",SP.POP.0610.FE.UN,8495451
Nigeria,NGA,1997,"Population, ages 6-10, female",SP.POP.0610.FE.UN,8283848
Nigeria,NGA,1996,"Population, ages 6-10, female",SP.POP.0610.FE.UN,8071054
Nigeria,NGA,1995,"Population, ages 6-10, female",SP.POP.0610.FE.UN,7859424
Nigeria,NGA,1994,"Population, ages 6-10, female",SP.POP.0610.FE.UN,7650575
Nigeria,NGA,1993,"Population, ages 6-10, female",SP.POP.0610.FE.UN,7443771
Nigeria,NGA,1992,"Population, ages 6-10, female",SP.POP.0610.FE.UN,7236353
Nigeria,NGA,1991,"Population, ages 6-10, female",SP.POP.0610.FE.UN,7024438
Nigeria,NGA,1990,"Population, ages 6-10, female",SP.POP.0610.FE.UN,6805802
Nigeria,NGA,2015,"Population, ages 6-10, male",SP.POP.0610.MA.UN,11963065
Nigeria,NGA,2014,"Population, ages 6-10, male",SP.POP.0610.MA.UN,11810294
Nigeria,NGA,2013,"Population, ages 6-10, male",SP.POP.0610.MA.UN,11649576
Nigeria,NGA,2012,"Population, ages 6-10, male",SP.POP.0610.MA.UN,11480463
Nigeria,NGA,2011,"Population, ages 6-10, male",SP.POP.0610.MA.UN,11302178
Nigeria,NGA,2010,"Population, ages 6-10, male",SP.POP.0610.MA.UN,11114536
Nigeria,NGA,2009,"Population, ages 6-10, male",SP.POP.0610.MA.UN,10917077
Nigeria,NGA,2008,"Population, ages 6-10, male",SP.POP.0610.MA.UN,10711132
Nigeria,NGA,2007,"Population, ages 6-10, male",SP.POP.0610.MA.UN,10500462
Nigeria,NGA,2006,"Population, ages 6-10, male",SP.POP.0610.MA.UN,10290031
Nigeria,NGA,2005,"Population, ages 6-10, male",SP.POP.0610.MA.UN,10083294
Nigeria,NGA,2004,"Population, ages 6-10, male",SP.POP.0610.MA.UN,9882204
Nigeria,NGA,2003,"Population, ages 6-10, male",SP.POP.0610.MA.UN,9685652
Nigeria,NGA,2002,"Population, ages 6-10, male",SP.POP.0610.MA.UN,9490267
Nigeria,NGA,2001,"Population, ages 6-10, male",SP.POP.0610.MA.UN,9291007
Nigeria,NGA,2000,"Population, ages 6-10, male",SP.POP.0610.MA.UN,9084357
Nigeria,NGA,1999,"Population, ages 6-10, male",SP.POP.0610.MA.UN,8869204
Nigeria,NGA,1998,"Population, ages 6-10, male",SP.POP.0610.MA.UN,8647128
Nigeria,NGA,1997,"Population, ages 6-10, male",SP.POP.0610.MA.UN,8420527
Nigeria,NGA,1996,"Population, ages 6-10, male",SP.POP.0610.MA.UN,8192973
Nigeria,NGA,1995,"Population, ages 6-10, male",SP.POP.0610.MA.UN,7967056
Nigeria,NGA,1994,"Population, ages 6-10, male",SP.POP.0610.MA.UN,7744456
Nigeria,NGA,1993,"Population, ages 6-10, male",SP.POP.0610.MA.UN,7524562
Nigeria,NGA,1992,"Population, ages 6-10, male",SP.POP.0610.MA.UN,7305028
Nigeria,NGA,1991,"Population, ages 6-10, male",SP.POP.0610.MA.UN,7082330
Nigeria,NGA,1990,"Population, ages 6-10, male",SP.POP.0610.MA.UN,6854483
Nigeria,NGA,2015,"Population, ages 6-10, total",SP.POP.0610.TO.UN,23637719
Nigeria,NGA,2014,"Population, ages 6-10, total",SP.POP.0610.TO.UN,23333895
Nigeria,NGA,2013,"Population, ages 6-10, total",SP.POP.0610.TO.UN,23013607
Nigeria,NGA,2012,"Population, ages 6-10, total",SP.POP.0610.TO.UN,22676471
Nigeria,NGA,2011,"Population, ages 6-10, total",SP.POP.0610.TO.UN,22321626
Nigeria,NGA,2010,"Population, ages 6-10, total",SP.POP.0610.TO.UN,21949225
Nigeria,NGA,2009,"Population, ages 6-10, total",SP.POP.0610.TO.UN,21558499
Nigeria,NGA,2008,"Population, ages 6-10, total",SP.POP.0610.TO.UN,21152064
Nigeria,NGA,2007,"Population, ages 6-10, total",SP.POP.0610.TO.UN,20737515
Nigeria,NGA,2006,"Population, ages 6-10, total",SP.POP.0610.TO.UN,20324787
Nigeria,NGA,2005,"Population, ages 6-10, total",SP.POP.0610.TO.UN,19920775
Nigeria,NGA,2004,"Population, ages 6-10, total",SP.POP.0610.TO.UN,19529404
Nigeria,NGA,2003,"Population, ages 6-10, total",SP.POP.0610.TO.UN,19148392
Nigeria,NGA,2002,"Population, ages 6-10, total",SP.POP.0610.TO.UN,18770779
Nigeria,NGA,2001,"Population, ages 6-10, total",SP.POP.0610.TO.UN,18386177
Nigeria,NGA,2000,"Population, ages 6-10, total",SP.POP.0610.TO.UN,17987284
Nigeria,NGA,1999,"Population, ages 6-10, total",SP.POP.0610.TO.UN,17571737
Nigeria,NGA,1998,"Population, ages 6-10, total",SP.POP.0610.TO.UN,17142579
Nigeria,NGA,1997,"Population, ages 6-10, total",SP.POP.0610.TO.UN,16704375
Nigeria,NGA,1996,"Population, ages 6-10, total",SP.POP.0610.TO.UN,16264027
Nigeria,NGA,1995,"Population, ages 6-10, total",SP.POP.0610.TO.UN,15826480
Nigeria,NGA,1994,"Population, ages 6-10, total",SP.POP.0610.TO.UN,15395031
Nigeria,NGA,1993,"Population, ages 6-10, total",SP.POP.0610.TO.UN,14968333
Nigeria,NGA,1992,"Population, ages 6-10, total",SP.POP.0610.TO.UN,14541381
Nigeria,NGA,1991,"Population, ages 6-10, total",SP.POP.0610.TO.UN,14106768
Nigeria,NGA,1990,"Population, ages 6-10, total",SP.POP.0610.TO.UN,13660285
Nigeria,NGA,2015,"Population, ages 6-11, female",SP.POP.0611.FE.UN,13888655
Nigeria,NGA,2014,"Population, ages 6-11, female",SP.POP.0611.FE.UN,13699504
Nigeria,NGA,2013,"Population, ages 6-11, female",SP.POP.0611.FE.UN,13498920
Nigeria,NGA,2012,"Population, ages 6-11, female",SP.POP.0611.FE.UN,13288453
Nigeria,NGA,2011,"Population, ages 6-11, female",SP.POP.0611.FE.UN,13070043
Nigeria,NGA,2010,"Population, ages 6-11, female",SP.POP.0611.FE.UN,12845448
Nigeria,NGA,2009,"Population, ages 6-11, female",SP.POP.0611.FE.UN,12615058
Nigeria,NGA,2008,"Population, ages 6-11, female",SP.POP.0611.FE.UN,12379670
Nigeria,NGA,2007,"Population, ages 6-11, female",SP.POP.0611.FE.UN,12141910
Nigeria,NGA,2006,"Population, ages 6-11, female",SP.POP.0611.FE.UN,11904929
Nigeria,NGA,2005,"Population, ages 6-11, female",SP.POP.0611.FE.UN,11670888
Nigeria,NGA,2004,"Population, ages 6-11, female",SP.POP.0611.FE.UN,11441266
Nigeria,NGA,2003,"Population, ages 6-11, female",SP.POP.0611.FE.UN,11215413
Nigeria,NGA,2002,"Population, ages 6-11, female",SP.POP.0611.FE.UN,10990700
Nigeria,NGA,2001,"Population, ages 6-11, female",SP.POP.0611.FE.UN,10763201
Nigeria,NGA,2000,"Population, ages 6-11, female",SP.POP.0611.FE.UN,10530094
Nigeria,NGA,1999,"Population, ages 6-11, female",SP.POP.0611.FE.UN,10290678
Nigeria,NGA,1998,"Population, ages 6-11, female",SP.POP.0611.FE.UN,10045945
Nigeria,NGA,1997,"Population, ages 6-11, female",SP.POP.0611.FE.UN,9796802
Nigeria,NGA,1996,"Population, ages 6-11, female",SP.POP.0611.FE.UN,9544775
Nigeria,NGA,1995,"Population, ages 6-11, female",SP.POP.0611.FE.UN,9291045
Nigeria,NGA,1994,"Population, ages 6-11, female",SP.POP.0611.FE.UN,9036754
Nigeria,NGA,1993,"Population, ages 6-11, female",SP.POP.0611.FE.UN,8781937
Nigeria,NGA,1992,"Population, ages 6-11, female",SP.POP.0611.FE.UN,8525523
Nigeria,NGA,1991,"Population, ages 6-11, female",SP.POP.0611.FE.UN,8265875
Nigeria,NGA,1990,"Population, ages 6-11, female",SP.POP.0611.FE.UN,8002418
Nigeria,NGA,2015,"Population, ages 6-11, male",SP.POP.0611.MA.UN,14234717
Nigeria,NGA,2014,"Population, ages 6-11, male",SP.POP.0611.MA.UN,14043542
Nigeria,NGA,2013,"Population, ages 6-11, male",SP.POP.0611.MA.UN,13841358
Nigeria,NGA,2012,"Population, ages 6-11, male",SP.POP.0611.MA.UN,13629136
Nigeria,NGA,2011,"Population, ages 6-11, male",SP.POP.0611.MA.UN,13408063
Nigeria,NGA,2010,"Population, ages 6-11, male",SP.POP.0611.MA.UN,13179324
Nigeria,NGA,2009,"Population, ages 6-11, male",SP.POP.0611.MA.UN,12943131
Nigeria,NGA,2008,"Population, ages 6-11, male",SP.POP.0611.MA.UN,12700346
Nigeria,NGA,2007,"Population, ages 6-11, male",SP.POP.0611.MA.UN,12453555
Nigeria,NGA,2006,"Population, ages 6-11, male",SP.POP.0611.MA.UN,12205965
Nigeria,NGA,2005,"Population, ages 6-11, male",SP.POP.0611.MA.UN,11959805
Nigeria,NGA,2004,"Population, ages 6-11, male",SP.POP.0611.MA.UN,11716558
Nigeria,NGA,2003,"Population, ages 6-11, male",SP.POP.0611.MA.UN,11475659
Nigeria,NGA,2002,"Population, ages 6-11, male",SP.POP.0611.MA.UN,11234735
Nigeria,NGA,2001,"Population, ages 6-11, male",SP.POP.0611.MA.UN,10990205
Nigeria,NGA,2000,"Population, ages 6-11, male",SP.POP.0611.MA.UN,10739564
Nigeria,NGA,1999,"Population, ages 6-11, male",SP.POP.0611.MA.UN,10482266
Nigeria,NGA,1998,"Population, ages 6-11, male",SP.POP.0611.MA.UN,10219458
Nigeria,NGA,1997,"Population, ages 6-11, male",SP.POP.0611.MA.UN,9952359
Nigeria,NGA,1996,"Population, ages 6-11, male",SP.POP.0611.MA.UN,9682839
Nigeria,NGA,1995,"Population, ages 6-11, male",SP.POP.0611.MA.UN,9412386
Nigeria,NGA,1994,"Population, ages 6-11, male",SP.POP.0611.MA.UN,9142234
Nigeria,NGA,1993,"Population, ages 6-11, male",SP.POP.0611.MA.UN,8872531
Nigeria,NGA,1992,"Population, ages 6-11, male",SP.POP.0611.MA.UN,8602500
Nigeria,NGA,1991,"Population, ages 6-11, male",SP.POP.0611.MA.UN,8330819
Nigeria,NGA,1990,"Population, ages 6-11, male",SP.POP.0611.MA.UN,8057119
Nigeria,NGA,2015,"Population, ages 6-11, total",SP.POP.0611.TO.UN,28123372
Nigeria,NGA,2014,"Population, ages 6-11, total",SP.POP.0611.TO.UN,27743046
Nigeria,NGA,2013,"Population, ages 6-11, total",SP.POP.0611.TO.UN,27340278
Nigeria,NGA,2012,"Population, ages 6-11, total",SP.POP.0611.TO.UN,26917589
Nigeria,NGA,2011,"Population, ages 6-11, total",SP.POP.0611.TO.UN,26478106
Nigeria,NGA,2010,"Population, ages 6-11, total",SP.POP.0611.TO.UN,26024772
Nigeria,NGA,2009,"Population, ages 6-11, total",SP.POP.0611.TO.UN,25558189
Nigeria,NGA,2008,"Population, ages 6-11, total",SP.POP.0611.TO.UN,25080016
Nigeria,NGA,2007,"Population, ages 6-11, total",SP.POP.0611.TO.UN,24595465
Nigeria,NGA,2006,"Population, ages 6-11, total",SP.POP.0611.TO.UN,24110894
Nigeria,NGA,2005,"Population, ages 6-11, total",SP.POP.0611.TO.UN,23630693
Nigeria,NGA,2004,"Population, ages 6-11, total",SP.POP.0611.TO.UN,23157824
Nigeria,NGA,2003,"Population, ages 6-11, total",SP.POP.0611.TO.UN,22691072
Nigeria,NGA,2002,"Population, ages 6-11, total",SP.POP.0611.TO.UN,22225435
Nigeria,NGA,2001,"Population, ages 6-11, total",SP.POP.0611.TO.UN,21753406
Nigeria,NGA,2000,"Population, ages 6-11, total",SP.POP.0611.TO.UN,21269658
Nigeria,NGA,1999,"Population, ages 6-11, total",SP.POP.0611.TO.UN,20772944
Nigeria,NGA,1998,"Population, ages 6-11, total",SP.POP.0611.TO.UN,20265403
Nigeria,NGA,1997,"Population, ages 6-11, total",SP.POP.0611.TO.UN,19749161
Nigeria,NGA,1996,"Population, ages 6-11, total",SP.POP.0611.TO.UN,19227614
Nigeria,NGA,1995,"Population, ages 6-11, total",SP.POP.0611.TO.UN,18703431
Nigeria,NGA,1994,"Population, ages 6-11, total",SP.POP.0611.TO.UN,18178988
Nigeria,NGA,1993,"Population, ages 6-11, total",SP.POP.0611.TO.UN,17654468
Nigeria,NGA,1992,"Population, ages 6-11, total",SP.POP.0611.TO.UN,17128023
Nigeria,NGA,1991,"Population, ages 6-11, total",SP.POP.0611.TO.UN,16596694
Nigeria,NGA,1990,"Population, ages 6-11, total",SP.POP.0611.TO.UN,16059537
Nigeria,NGA,2015,"Population, ages 6-12, female",SP.POP.0612.FE.UN,16060827
Nigeria,NGA,2014,"Population, ages 6-12, female",SP.POP.0612.FE.UN,15831990
Nigeria,NGA,2013,"Population, ages 6-12, female",SP.POP.0612.FE.UN,15588779
Nigeria,NGA,2012,"Population, ages 6-12, female",SP.POP.0612.FE.UN,15334459
Nigeria,NGA,2011,"Population, ages 6-12, female",SP.POP.0612.FE.UN,15073312
Nigeria,NGA,2010,"Population, ages 6-12, female",SP.POP.0612.FE.UN,14808712
Nigeria,NGA,2009,"Population, ages 6-12, female",SP.POP.0612.FE.UN,14541882
Nigeria,NGA,2008,"Population, ages 6-12, female",SP.POP.0612.FE.UN,14272993
Nigeria,NGA,2007,"Population, ages 6-12, female",SP.POP.0612.FE.UN,14003027
Nigeria,NGA,2006,"Population, ages 6-12, female",SP.POP.0612.FE.UN,13732720
Nigeria,NGA,2005,"Population, ages 6-12, female",SP.POP.0612.FE.UN,13462539
Nigeria,NGA,2004,"Population, ages 6-12, female",SP.POP.0612.FE.UN,13193277
Nigeria,NGA,2003,"Population, ages 6-12, female",SP.POP.0612.FE.UN,12924973
Nigeria,NGA,2002,"Population, ages 6-12, female",SP.POP.0612.FE.UN,12656320
Nigeria,NGA,2001,"Population, ages 6-12, female",SP.POP.0612.FE.UN,12385360
Nigeria,NGA,2000,"Population, ages 6-12, female",SP.POP.0612.FE.UN,12110621
Nigeria,NGA,1999,"Population, ages 6-12, female",SP.POP.0612.FE.UN,11832125
Nigeria,NGA,1998,"Population, ages 6-12, female",SP.POP.0612.FE.UN,11550246
Nigeria,NGA,1997,"Population, ages 6-12, female",SP.POP.0612.FE.UN,11264320
Nigeria,NGA,1996,"Population, ages 6-12, female",SP.POP.0612.FE.UN,10973612
Nigeria,NGA,1995,"Population, ages 6-12, female",SP.POP.0612.FE.UN,10677827
Nigeria,NGA,1994,"Population, ages 6-12, female",SP.POP.0612.FE.UN,10377468
Nigeria,NGA,1993,"Population, ages 6-12, female",SP.POP.0612.FE.UN,10073527
Nigeria,NGA,1992,"Population, ages 6-12, female",SP.POP.0612.FE.UN,9766988
Nigeria,NGA,1991,"Population, ages 6-12, female",SP.POP.0612.FE.UN,9459113
Nigeria,NGA,1990,"Population, ages 6-12, female",SP.POP.0612.FE.UN,9151420
Nigeria,NGA,2015,"Population, ages 6-12, male",SP.POP.0612.MA.UN,16464364
Nigeria,NGA,2014,"Population, ages 6-12, male",SP.POP.0612.MA.UN,16233110
Nigeria,NGA,2013,"Population, ages 6-12, male",SP.POP.0612.MA.UN,15987671
Nigeria,NGA,2012,"Population, ages 6-12, male",SP.POP.0612.MA.UN,15730698
Nigeria,NGA,2011,"Population, ages 6-12, male",SP.POP.0612.MA.UN,15465682
Nigeria,NGA,2010,"Population, ages 6-12, male",SP.POP.0612.MA.UN,15195403
Nigeria,NGA,2009,"Population, ages 6-12, male",SP.POP.0612.MA.UN,14920895
Nigeria,NGA,2008,"Population, ages 6-12, male",SP.POP.0612.MA.UN,14642397
Nigeria,NGA,2007,"Population, ages 6-12, male",SP.POP.0612.MA.UN,14360906
Nigeria,NGA,2006,"Population, ages 6-12, male",SP.POP.0612.MA.UN,14077281
Nigeria,NGA,2005,"Population, ages 6-12, male",SP.POP.0612.MA.UN,13792122
Nigeria,NGA,2004,"Population, ages 6-12, male",SP.POP.0612.MA.UN,13506255
Nigeria,NGA,2003,"Population, ages 6-12, male",SP.POP.0612.MA.UN,13219824
Nigeria,NGA,2002,"Population, ages 6-12, male",SP.POP.0612.MA.UN,12931822
Nigeria,NGA,2001,"Population, ages 6-12, male",SP.POP.0612.MA.UN,12640682
Nigeria,NGA,2000,"Population, ages 6-12, male",SP.POP.0612.MA.UN,12345292
Nigeria,NGA,1999,"Population, ages 6-12, male",SP.POP.0612.MA.UN,12045846
Nigeria,NGA,1998,"Population, ages 6-12, male",SP.POP.0612.MA.UN,11742909
Nigeria,NGA,1997,"Population, ages 6-12, male",SP.POP.0612.MA.UN,11436212
Nigeria,NGA,1996,"Population, ages 6-12, male",SP.POP.0612.MA.UN,11125463
Nigeria,NGA,1995,"Population, ages 6-12, male",SP.POP.0612.MA.UN,10810742
Nigeria,NGA,1994,"Population, ages 6-12, male",SP.POP.0612.MA.UN,10492677
Nigeria,NGA,1993,"Population, ages 6-12, male",SP.POP.0612.MA.UN,10172352
Nigeria,NGA,1992,"Population, ages 6-12, male",SP.POP.0612.MA.UN,9850995
Nigeria,NGA,1991,"Population, ages 6-12, male",SP.POP.0612.MA.UN,9530108
Nigeria,NGA,1990,"Population, ages 6-12, male",SP.POP.0612.MA.UN,9211348
Nigeria,NGA,2015,"Population, ages 6-12, total",SP.POP.0612.TO.UN,32525191
Nigeria,NGA,2014,"Population, ages 6-12, total",SP.POP.0612.TO.UN,32065100
Nigeria,NGA,2013,"Population, ages 6-12, total",SP.POP.0612.TO.UN,31576450
Nigeria,NGA,2012,"Population, ages 6-12, total",SP.POP.0612.TO.UN,31065157
Nigeria,NGA,2011,"Population, ages 6-12, total",SP.POP.0612.TO.UN,30538994
Nigeria,NGA,2010,"Population, ages 6-12, total",SP.POP.0612.TO.UN,30004115
Nigeria,NGA,2009,"Population, ages 6-12, total",SP.POP.0612.TO.UN,29462777
Nigeria,NGA,2008,"Population, ages 6-12, total",SP.POP.0612.TO.UN,28915390
Nigeria,NGA,2007,"Population, ages 6-12, total",SP.POP.0612.TO.UN,28363933
Nigeria,NGA,2006,"Population, ages 6-12, total",SP.POP.0612.TO.UN,27810001
Nigeria,NGA,2005,"Population, ages 6-12, total",SP.POP.0612.TO.UN,27254661
Nigeria,NGA,2004,"Population, ages 6-12, total",SP.POP.0612.TO.UN,26699532
Nigeria,NGA,2003,"Population, ages 6-12, total",SP.POP.0612.TO.UN,26144797
Nigeria,NGA,2002,"Population, ages 6-12, total",SP.POP.0612.TO.UN,25588142
Nigeria,NGA,2001,"Population, ages 6-12, total",SP.POP.0612.TO.UN,25026042
Nigeria,NGA,2000,"Population, ages 6-12, total",SP.POP.0612.TO.UN,24455913
Nigeria,NGA,1999,"Population, ages 6-12, total",SP.POP.0612.TO.UN,23877971
Nigeria,NGA,1998,"Population, ages 6-12, total",SP.POP.0612.TO.UN,23293155
Nigeria,NGA,1997,"Population, ages 6-12, total",SP.POP.0612.TO.UN,22700532
Nigeria,NGA,1996,"Population, ages 6-12, total",SP.POP.0612.TO.UN,22099075
Nigeria,NGA,1995,"Population, ages 6-12, total",SP.POP.0612.TO.UN,21488569
Nigeria,NGA,1994,"Population, ages 6-12, total",SP.POP.0612.TO.UN,20870145
Nigeria,NGA,1993,"Population, ages 6-12, total",SP.POP.0612.TO.UN,20245879
Nigeria,NGA,1992,"Population, ages 6-12, total",SP.POP.0612.TO.UN,19617983
Nigeria,NGA,1991,"Population, ages 6-12, total",SP.POP.0612.TO.UN,18989221
Nigeria,NGA,1990,"Population, ages 6-12, total",SP.POP.0612.TO.UN,18362768
Nigeria,NGA,2015,"Population, ages 7-9, female",SP.POP.0709.FE.UN,7002049
Nigeria,NGA,2014,"Population, ages 7-9, female",SP.POP.0709.FE.UN,6911208
Nigeria,NGA,2013,"Population, ages 7-9, female",SP.POP.0709.FE.UN,6815391
Nigeria,NGA,2012,"Population, ages 7-9, female",SP.POP.0709.FE.UN,6714503
Nigeria,NGA,2011,"Population, ages 7-9, female",SP.POP.0709.FE.UN,6608303
Nigeria,NGA,2010,"Population, ages 7-9, female",SP.POP.0709.FE.UN,6496876
Nigeria,NGA,2009,"Population, ages 7-9, female",SP.POP.0709.FE.UN,6379953
Nigeria,NGA,2008,"Population, ages 7-9, female",SP.POP.0709.FE.UN,6258389
Nigeria,NGA,2007,"Population, ages 7-9, female",SP.POP.0709.FE.UN,6134731
Nigeria,NGA,2006,"Population, ages 7-9, female",SP.POP.0709.FE.UN,6012308
Nigeria,NGA,2005,"Population, ages 7-9, female",SP.POP.0709.FE.UN,5893416
Nigeria,NGA,2004,"Population, ages 7-9, female",SP.POP.0709.FE.UN,5779355
Nigeria,NGA,2003,"Population, ages 7-9, female",SP.POP.0709.FE.UN,5669316
Nigeria,NGA,2002,"Population, ages 7-9, female",SP.POP.0709.FE.UN,5560880
Nigeria,NGA,2001,"Population, ages 7-9, female",SP.POP.0709.FE.UN,5450459
Nigeria,NGA,2000,"Population, ages 7-9, female",SP.POP.0709.FE.UN,5335511
Nigeria,NGA,1999,"Population, ages 7-9, female",SP.POP.0709.FE.UN,5215168
Nigeria,NGA,1998,"Population, ages 7-9, female",SP.POP.0709.FE.UN,5090408
Nigeria,NGA,1997,"Population, ages 7-9, female",SP.POP.0709.FE.UN,4962759
Nigeria,NGA,1996,"Population, ages 7-9, female",SP.POP.0709.FE.UN,4834548
Nigeria,NGA,1995,"Population, ages 7-9, female",SP.POP.0709.FE.UN,4707416
Nigeria,NGA,1994,"Population, ages 7-9, female",SP.POP.0709.FE.UN,4582441
Nigeria,NGA,1993,"Population, ages 7-9, female",SP.POP.0709.FE.UN,4459067
Nigeria,NGA,1992,"Population, ages 7-9, female",SP.POP.0709.FE.UN,4335433
Nigeria,NGA,1991,"Population, ages 7-9, female",SP.POP.0709.FE.UN,4208830
Nigeria,NGA,1990,"Population, ages 7-9, female",SP.POP.0709.FE.UN,4077665
Nigeria,NGA,2015,"Population, ages 7-9, male",SP.POP.0709.MA.UN,7174739
Nigeria,NGA,2014,"Population, ages 7-9, male",SP.POP.0709.MA.UN,7082907
Nigeria,NGA,2013,"Population, ages 7-9, male",SP.POP.0709.MA.UN,6986477
Nigeria,NGA,2012,"Population, ages 7-9, male",SP.POP.0709.MA.UN,6885031
Nigeria,NGA,2011,"Population, ages 7-9, male",SP.POP.0709.MA.UN,6777896
Nigeria,NGA,2010,"Population, ages 7-9, male",SP.POP.0709.MA.UN,6664824
Nigeria,NGA,2009,"Population, ages 7-9, male",SP.POP.0709.MA.UN,6545452
Nigeria,NGA,2008,"Population, ages 7-9, male",SP.POP.0709.MA.UN,6420667
Nigeria,NGA,2007,"Population, ages 7-9, male",SP.POP.0709.MA.UN,6292976
Nigeria,NGA,2006,"Population, ages 7-9, male",SP.POP.0709.MA.UN,6165702
Nigeria,NGA,2005,"Population, ages 7-9, male",SP.POP.0709.MA.UN,6041157
Nigeria,NGA,2004,"Population, ages 7-9, male",SP.POP.0709.MA.UN,5920631
Nigeria,NGA,2003,"Population, ages 7-9, male",SP.POP.0709.MA.UN,5803349
Nigeria,NGA,2002,"Population, ages 7-9, male",SP.POP.0709.MA.UN,5687020
Nigeria,NGA,2001,"Population, ages 7-9, male",SP.POP.0709.MA.UN,5568231
Nigeria,NGA,2000,"Population, ages 7-9, male",SP.POP.0709.MA.UN,5444601
Nigeria,NGA,1999,"Population, ages 7-9, male",SP.POP.0709.MA.UN,5315343
Nigeria,NGA,1998,"Population, ages 7-9, male",SP.POP.0709.MA.UN,5181511
Nigeria,NGA,1997,"Population, ages 7-9, male",SP.POP.0709.MA.UN,5044773
Nigeria,NGA,1996,"Population, ages 7-9, male",SP.POP.0709.MA.UN,4907612
Nigeria,NGA,1995,"Population, ages 7-9, male",SP.POP.0709.MA.UN,4771812
Nigeria,NGA,1994,"Population, ages 7-9, male",SP.POP.0709.MA.UN,4638493
Nigeria,NGA,1993,"Population, ages 7-9, male",SP.POP.0709.MA.UN,4507175
Nigeria,NGA,1992,"Population, ages 7-9, male",SP.POP.0709.MA.UN,4376188
Nigeria,NGA,1991,"Population, ages 7-9, male",SP.POP.0709.MA.UN,4243049
Nigeria,NGA,1990,"Population, ages 7-9, male",SP.POP.0709.MA.UN,4106314
Nigeria,NGA,2015,"Population, ages 7-9, total",SP.POP.0709.TO.UN,14176788
Nigeria,NGA,2014,"Population, ages 7-9, total",SP.POP.0709.TO.UN,13994115
Nigeria,NGA,2013,"Population, ages 7-9, total",SP.POP.0709.TO.UN,13801868
Nigeria,NGA,2012,"Population, ages 7-9, total",SP.POP.0709.TO.UN,13599534
Nigeria,NGA,2011,"Population, ages 7-9, total",SP.POP.0709.TO.UN,13386199
Nigeria,NGA,2010,"Population, ages 7-9, total",SP.POP.0709.TO.UN,13161700
Nigeria,NGA,2009,"Population, ages 7-9, total",SP.POP.0709.TO.UN,12925405
Nigeria,NGA,2008,"Population, ages 7-9, total",SP.POP.0709.TO.UN,12679056
Nigeria,NGA,2007,"Population, ages 7-9, total",SP.POP.0709.TO.UN,12427707
Nigeria,NGA,2006,"Population, ages 7-9, total",SP.POP.0709.TO.UN,12178010
Nigeria,NGA,2005,"Population, ages 7-9, total",SP.POP.0709.TO.UN,11934573
Nigeria,NGA,2004,"Population, ages 7-9, total",SP.POP.0709.TO.UN,11699986
Nigeria,NGA,2003,"Population, ages 7-9, total",SP.POP.0709.TO.UN,11472665
Nigeria,NGA,2002,"Population, ages 7-9, total",SP.POP.0709.TO.UN,11247900
Nigeria,NGA,2001,"Population, ages 7-9, total",SP.POP.0709.TO.UN,11018690
Nigeria,NGA,2000,"Population, ages 7-9, total",SP.POP.0709.TO.UN,10780112
Nigeria,NGA,1999,"Population, ages 7-9, total",SP.POP.0709.TO.UN,10530511
Nigeria,NGA,1998,"Population, ages 7-9, total",SP.POP.0709.TO.UN,10271919
Nigeria,NGA,1997,"Population, ages 7-9, total",SP.POP.0709.TO.UN,10007532
Nigeria,NGA,1996,"Population, ages 7-9, total",SP.POP.0709.TO.UN,9742160
Nigeria,NGA,1995,"Population, ages 7-9, total",SP.POP.0709.TO.UN,9479228
Nigeria,NGA,1994,"Population, ages 7-9, total",SP.POP.0709.TO.UN,9220934
Nigeria,NGA,1993,"Population, ages 7-9, total",SP.POP.0709.TO.UN,8966242
Nigeria,NGA,1992,"Population, ages 7-9, total",SP.POP.0709.TO.UN,8711621
Nigeria,NGA,1991,"Population, ages 7-9, total",SP.POP.0709.TO.UN,8451879
Nigeria,NGA,1990,"Population, ages 7-9, total",SP.POP.0709.TO.UN,8183979
Nigeria,NGA,2015,"Population, ages 7-10, female",SP.POP.0710.FE.UN,9254163
Nigeria,NGA,2014,"Population, ages 7-10, female",SP.POP.0710.FE.UN,9127852
Nigeria,NGA,2013,"Population, ages 7-10, female",SP.POP.0710.FE.UN,8994254
Nigeria,NGA,2012,"Population, ages 7-10, female",SP.POP.0710.FE.UN,8854116
Nigeria,NGA,2011,"Population, ages 7-10, female",SP.POP.0710.FE.UN,8708323
Nigeria,NGA,2010,"Population, ages 7-10, female",SP.POP.0710.FE.UN,8557781
Nigeria,NGA,2009,"Population, ages 7-10, female",SP.POP.0710.FE.UN,8402582
Nigeria,NGA,2008,"Population, ages 7-10, female",SP.POP.0710.FE.UN,8243427
Nigeria,NGA,2007,"Population, ages 7-10, female",SP.POP.0710.FE.UN,8082533
Nigeria,NGA,2006,"Population, ages 7-10, female",SP.POP.0710.FE.UN,7922659
Nigeria,NGA,2005,"Population, ages 7-10, female",SP.POP.0710.FE.UN,7765692
Nigeria,NGA,2004,"Population, ages 7-10, female",SP.POP.0710.FE.UN,7612840
Nigeria,NGA,2003,"Population, ages 7-10, female",SP.POP.0710.FE.UN,7463468
Nigeria,NGA,2002,"Population, ages 7-10, female",SP.POP.0710.FE.UN,7315322
Nigeria,NGA,2001,"Population, ages 7-10, female",SP.POP.0710.FE.UN,7165068
Nigeria,NGA,2000,"Population, ages 7-10, female",SP.POP.0710.FE.UN,7010318
Nigeria,NGA,1999,"Population, ages 7-10, female",SP.POP.0710.FE.UN,6850380
Nigeria,NGA,1998,"Population, ages 7-10, female",SP.POP.0710.FE.UN,6686118
Nigeria,NGA,1997,"Population, ages 7-10, female",SP.POP.0710.FE.UN,6518577
Nigeria,NGA,1996,"Population, ages 7-10, female",SP.POP.0710.FE.UN,6349427
Nigeria,NGA,1995,"Population, ages 7-10, female",SP.POP.0710.FE.UN,6179896
Nigeria,NGA,1994,"Population, ages 7-10, female",SP.POP.0710.FE.UN,6010955
Nigeria,NGA,1993,"Population, ages 7-10, female",SP.POP.0710.FE.UN,5842407
Nigeria,NGA,1992,"Population, ages 7-10, female",SP.POP.0710.FE.UN,5673048
Nigeria,NGA,1991,"Population, ages 7-10, female",SP.POP.0710.FE.UN,5501075
Nigeria,NGA,1990,"Population, ages 7-10, female",SP.POP.0710.FE.UN,5325626
Nigeria,NGA,2015,"Population, ages 7-10, male",SP.POP.0710.MA.UN,9484380
Nigeria,NGA,2014,"Population, ages 7-10, male",SP.POP.0710.MA.UN,9356773
Nigeria,NGA,2013,"Population, ages 7-10, male",SP.POP.0710.MA.UN,9222216
Nigeria,NGA,2012,"Population, ages 7-10, male",SP.POP.0710.MA.UN,9081052
Nigeria,NGA,2011,"Population, ages 7-10, male",SP.POP.0710.MA.UN,8933628
Nigeria,NGA,2010,"Population, ages 7-10, male",SP.POP.0710.MA.UN,8780449
Nigeria,NGA,2009,"Population, ages 7-10, male",SP.POP.0710.MA.UN,8621484
Nigeria,NGA,2008,"Population, ages 7-10, male",SP.POP.0710.MA.UN,8457476
Nigeria,NGA,2007,"Population, ages 7-10, male",SP.POP.0710.MA.UN,8290622
Nigeria,NGA,2006,"Population, ages 7-10, male",SP.POP.0710.MA.UN,8123720
Nigeria,NGA,2005,"Population, ages 7-10, male",SP.POP.0710.MA.UN,7958709
Nigeria,NGA,2004,"Population, ages 7-10, male",SP.POP.0710.MA.UN,7796803
Nigeria,NGA,2003,"Population, ages 7-10, male",SP.POP.0710.MA.UN,7637416
Nigeria,NGA,2002,"Population, ages 7-10, male",SP.POP.0710.MA.UN,7478461
Nigeria,NGA,2001,"Population, ages 7-10, male",SP.POP.0710.MA.UN,7316825
Nigeria,NGA,2000,"Population, ages 7-10, male",SP.POP.0710.MA.UN,7150330
Nigeria,NGA,1999,"Population, ages 7-10, male",SP.POP.0710.MA.UN,6978385
Nigeria,NGA,1998,"Population, ages 7-10, male",SP.POP.0710.MA.UN,6801962
Nigeria,NGA,1997,"Population, ages 7-10, male",SP.POP.0710.MA.UN,6622320
Nigeria,NGA,1996,"Population, ages 7-10, male",SP.POP.0710.MA.UN,6441369
Nigeria,NGA,1995,"Population, ages 7-10, male",SP.POP.0710.MA.UN,6260550
Nigeria,NGA,1994,"Population, ages 7-10, male",SP.POP.0710.MA.UN,6080896
Nigeria,NGA,1993,"Population, ages 7-10, male",SP.POP.0710.MA.UN,5902288
Nigeria,NGA,1992,"Population, ages 7-10, male",SP.POP.0710.MA.UN,5723723
Nigeria,NGA,1991,"Population, ages 7-10, male",SP.POP.0710.MA.UN,5543623
Nigeria,NGA,1990,"Population, ages 7-10, male",SP.POP.0710.MA.UN,5361264
Nigeria,NGA,2015,"Population, ages 7-10, total",SP.POP.0710.TO.UN,18738543
Nigeria,NGA,2014,"Population, ages 7-10, total",SP.POP.0710.TO.UN,18484625
Nigeria,NGA,2013,"Population, ages 7-10, total",SP.POP.0710.TO.UN,18216470
Nigeria,NGA,2012,"Population, ages 7-10, total",SP.POP.0710.TO.UN,17935168
Nigeria,NGA,2011,"Population, ages 7-10, total",SP.POP.0710.TO.UN,17641951
Nigeria,NGA,2010,"Population, ages 7-10, total",SP.POP.0710.TO.UN,17338230
Nigeria,NGA,2009,"Population, ages 7-10, total",SP.POP.0710.TO.UN,17024066
Nigeria,NGA,2008,"Population, ages 7-10, total",SP.POP.0710.TO.UN,16700903
Nigeria,NGA,2007,"Population, ages 7-10, total",SP.POP.0710.TO.UN,16373155
Nigeria,NGA,2006,"Population, ages 7-10, total",SP.POP.0710.TO.UN,16046379
Nigeria,NGA,2005,"Population, ages 7-10, total",SP.POP.0710.TO.UN,15724401
Nigeria,NGA,2004,"Population, ages 7-10, total",SP.POP.0710.TO.UN,15409643
Nigeria,NGA,2003,"Population, ages 7-10, total",SP.POP.0710.TO.UN,15100884
Nigeria,NGA,2002,"Population, ages 7-10, total",SP.POP.0710.TO.UN,14793783
Nigeria,NGA,2001,"Population, ages 7-10, total",SP.POP.0710.TO.UN,14481893
Nigeria,NGA,2000,"Population, ages 7-10, total",SP.POP.0710.TO.UN,14160648
Nigeria,NGA,1999,"Population, ages 7-10, total",SP.POP.0710.TO.UN,13828765
Nigeria,NGA,1998,"Population, ages 7-10, total",SP.POP.0710.TO.UN,13488080
Nigeria,NGA,1997,"Population, ages 7-10, total",SP.POP.0710.TO.UN,13140897
Nigeria,NGA,1996,"Population, ages 7-10, total",SP.POP.0710.TO.UN,12790796
Nigeria,NGA,1995,"Population, ages 7-10, total",SP.POP.0710.TO.UN,12440446
Nigeria,NGA,1994,"Population, ages 7-10, total",SP.POP.0710.TO.UN,12091851
Nigeria,NGA,1993,"Population, ages 7-10, total",SP.POP.0710.TO.UN,11744695
Nigeria,NGA,1992,"Population, ages 7-10, total",SP.POP.0710.TO.UN,11396771
Nigeria,NGA,1991,"Population, ages 7-10, total",SP.POP.0710.TO.UN,11044698
Nigeria,NGA,1990,"Population, ages 7-10, total",SP.POP.0710.TO.UN,10686890
Nigeria,NGA,2015,"Population, ages 7-11, female",SP.POP.0711.FE.UN,11468164
Nigeria,NGA,2014,"Population, ages 7-11, female",SP.POP.0711.FE.UN,11303755
Nigeria,NGA,2013,"Population, ages 7-11, female",SP.POP.0711.FE.UN,11129143
Nigeria,NGA,2012,"Population, ages 7-11, female",SP.POP.0711.FE.UN,10946561
Nigeria,NGA,2011,"Population, ages 7-11, female",SP.POP.0711.FE.UN,10758918
Nigeria,NGA,2010,"Population, ages 7-11, female",SP.POP.0711.FE.UN,10568540
Nigeria,NGA,2009,"Population, ages 7-11, female",SP.POP.0711.FE.UN,10376218
Nigeria,NGA,2008,"Population, ages 7-11, female",SP.POP.0711.FE.UN,10182165
Nigeria,NGA,2007,"Population, ages 7-11, female",SP.POP.0711.FE.UN,9987390
Nigeria,NGA,2006,"Population, ages 7-11, female",SP.POP.0711.FE.UN,9792832
Nigeria,NGA,2005,"Population, ages 7-11, female",SP.POP.0711.FE.UN,9599099
Nigeria,NGA,2004,"Population, ages 7-11, female",SP.POP.0711.FE.UN,9406906
Nigeria,NGA,2003,"Population, ages 7-11, female",SP.POP.0711.FE.UN,9216141
Nigeria,NGA,2002,"Population, ages 7-11, female",SP.POP.0711.FE.UN,9025510
Nigeria,NGA,2001,"Population, ages 7-11, female",SP.POP.0711.FE.UN,8833099
Nigeria,NGA,2000,"Population, ages 7-11, female",SP.POP.0711.FE.UN,8637485
Nigeria,NGA,1999,"Population, ages 7-11, female",SP.POP.0711.FE.UN,8438525
Nigeria,NGA,1998,"Population, ages 7-11, female",SP.POP.0711.FE.UN,8236612
Nigeria,NGA,1997,"Population, ages 7-11, female",SP.POP.0711.FE.UN,8031531
Nigeria,NGA,1996,"Population, ages 7-11, female",SP.POP.0711.FE.UN,7823148
Nigeria,NGA,1995,"Population, ages 7-11, female",SP.POP.0711.FE.UN,7611517
Nigeria,NGA,1994,"Population, ages 7-11, female",SP.POP.0711.FE.UN,7397134
Nigeria,NGA,1993,"Population, ages 7-11, female",SP.POP.0711.FE.UN,7180573
Nigeria,NGA,1992,"Population, ages 7-11, female",SP.POP.0711.FE.UN,6962218
Nigeria,NGA,1991,"Population, ages 7-11, female",SP.POP.0711.FE.UN,6742512
Nigeria,NGA,1990,"Population, ages 7-11, female",SP.POP.0711.FE.UN,6522242
Nigeria,NGA,2015,"Population, ages 7-11, male",SP.POP.0711.MA.UN,11756032
Nigeria,NGA,2014,"Population, ages 7-11, male",SP.POP.0711.MA.UN,11590021
Nigeria,NGA,2013,"Population, ages 7-11, male",SP.POP.0711.MA.UN,11413998
Nigeria,NGA,2012,"Population, ages 7-11, male",SP.POP.0711.MA.UN,11229725
Nigeria,NGA,2011,"Population, ages 7-11, male",SP.POP.0711.MA.UN,11039513
Nigeria,NGA,2010,"Population, ages 7-11, male",SP.POP.0711.MA.UN,10845237
Nigeria,NGA,2009,"Population, ages 7-11, male",SP.POP.0711.MA.UN,10647538
Nigeria,NGA,2008,"Population, ages 7-11, male",SP.POP.0711.MA.UN,10446690
Nigeria,NGA,2007,"Population, ages 7-11, male",SP.POP.0711.MA.UN,10243715
Nigeria,NGA,2006,"Population, ages 7-11, male",SP.POP.0711.MA.UN,10039654
Nigeria,NGA,2005,"Population, ages 7-11, male",SP.POP.0711.MA.UN,9835220
Nigeria,NGA,2004,"Population, ages 7-11, male",SP.POP.0711.MA.UN,9631157
Nigeria,NGA,2003,"Population, ages 7-11, male",SP.POP.0711.MA.UN,9427423
Nigeria,NGA,2002,"Population, ages 7-11, male",SP.POP.0711.MA.UN,9222929
Nigeria,NGA,2001,"Population, ages 7-11, male",SP.POP.0711.MA.UN,9016023
Nigeria,NGA,2000,"Population, ages 7-11, male",SP.POP.0711.MA.UN,8805537
Nigeria,NGA,1999,"Population, ages 7-11, male",SP.POP.0711.MA.UN,8591447
Nigeria,NGA,1998,"Population, ages 7-11, male",SP.POP.0711.MA.UN,8374292
Nigeria,NGA,1997,"Population, ages 7-11, male",SP.POP.0711.MA.UN,8154152
Nigeria,NGA,1996,"Population, ages 7-11, male",SP.POP.0711.MA.UN,7931235
Nigeria,NGA,1995,"Population, ages 7-11, male",SP.POP.0711.MA.UN,7705880
Nigeria,NGA,1994,"Population, ages 7-11, male",SP.POP.0711.MA.UN,7478674
Nigeria,NGA,1993,"Population, ages 7-11, male",SP.POP.0711.MA.UN,7250257
Nigeria,NGA,1992,"Population, ages 7-11, male",SP.POP.0711.MA.UN,7021195
Nigeria,NGA,1991,"Population, ages 7-11, male",SP.POP.0711.MA.UN,6792112
Nigeria,NGA,1990,"Population, ages 7-11, male",SP.POP.0711.MA.UN,6563900
Nigeria,NGA,2015,"Population, ages 7-11, total",SP.POP.0711.TO.UN,23224196
Nigeria,NGA,2014,"Population, ages 7-11, total",SP.POP.0711.TO.UN,22893776
Nigeria,NGA,2013,"Population, ages 7-11, total",SP.POP.0711.TO.UN,22543141
Nigeria,NGA,2012,"Population, ages 7-11, total",SP.POP.0711.TO.UN,22176286
Nigeria,NGA,2011,"Population, ages 7-11, total",SP.POP.0711.TO.UN,21798431
Nigeria,NGA,2010,"Population, ages 7-11, total",SP.POP.0711.TO.UN,21413777
Nigeria,NGA,2009,"Population, ages 7-11, total",SP.POP.0711.TO.UN,21023756
Nigeria,NGA,2008,"Population, ages 7-11, total",SP.POP.0711.TO.UN,20628855
Nigeria,NGA,2007,"Population, ages 7-11, total",SP.POP.0711.TO.UN,20231105
Nigeria,NGA,2006,"Population, ages 7-11, total",SP.POP.0711.TO.UN,19832486
Nigeria,NGA,2005,"Population, ages 7-11, total",SP.POP.0711.TO.UN,19434319
Nigeria,NGA,2004,"Population, ages 7-11, total",SP.POP.0711.TO.UN,19038063
Nigeria,NGA,2003,"Population, ages 7-11, total",SP.POP.0711.TO.UN,18643564
Nigeria,NGA,2002,"Population, ages 7-11, total",SP.POP.0711.TO.UN,18248439
Nigeria,NGA,2001,"Population, ages 7-11, total",SP.POP.0711.TO.UN,17849122
Nigeria,NGA,2000,"Population, ages 7-11, total",SP.POP.0711.TO.UN,17443022
Nigeria,NGA,1999,"Population, ages 7-11, total",SP.POP.0711.TO.UN,17029972
Nigeria,NGA,1998,"Population, ages 7-11, total",SP.POP.0711.TO.UN,16610904
Nigeria,NGA,1997,"Population, ages 7-11, total",SP.POP.0711.TO.UN,16185683
Nigeria,NGA,1996,"Population, ages 7-11, total",SP.POP.0711.TO.UN,15754383
Nigeria,NGA,1995,"Population, ages 7-11, total",SP.POP.0711.TO.UN,15317397
Nigeria,NGA,1994,"Population, ages 7-11, total",SP.POP.0711.TO.UN,14875808
Nigeria,NGA,1993,"Population, ages 7-11, total",SP.POP.0711.TO.UN,14430830
Nigeria,NGA,1992,"Population, ages 7-11, total",SP.POP.0711.TO.UN,13983413
Nigeria,NGA,1991,"Population, ages 7-11, total",SP.POP.0711.TO.UN,13534624
Nigeria,NGA,1990,"Population, ages 7-11, total",SP.POP.0711.TO.UN,13086142
Nigeria,NGA,2015,"Population, ages 7-12, female",SP.POP.0712.FE.UN,13640336
Nigeria,NGA,2014,"Population, ages 7-12, female",SP.POP.0712.FE.UN,13436241
Nigeria,NGA,2013,"Population, ages 7-12, female",SP.POP.0712.FE.UN,13219002
Nigeria,NGA,2012,"Population, ages 7-12, female",SP.POP.0712.FE.UN,12992567
Nigeria,NGA,2011,"Population, ages 7-12, female",SP.POP.0712.FE.UN,12762187
Nigeria,NGA,2010,"Population, ages 7-12, female",SP.POP.0712.FE.UN,12531804
Nigeria,NGA,2009,"Population, ages 7-12, female",SP.POP.0712.FE.UN,12303042
Nigeria,NGA,2008,"Population, ages 7-12, female",SP.POP.0712.FE.UN,12075488
Nigeria,NGA,2007,"Population, ages 7-12, female",SP.POP.0712.FE.UN,11848507
Nigeria,NGA,2006,"Population, ages 7-12, female",SP.POP.0712.FE.UN,11620623
Nigeria,NGA,2005,"Population, ages 7-12, female",SP.POP.0712.FE.UN,11390750
Nigeria,NGA,2004,"Population, ages 7-12, female",SP.POP.0712.FE.UN,11158917
Nigeria,NGA,2003,"Population, ages 7-12, female",SP.POP.0712.FE.UN,10925701
Nigeria,NGA,2002,"Population, ages 7-12, female",SP.POP.0712.FE.UN,10691130
Nigeria,NGA,2001,"Population, ages 7-12, female",SP.POP.0712.FE.UN,10455258
Nigeria,NGA,2000,"Population, ages 7-12, female",SP.POP.0712.FE.UN,10218012
Nigeria,NGA,1999,"Population, ages 7-12, female",SP.POP.0712.FE.UN,9979972
Nigeria,NGA,1998,"Population, ages 7-12, female",SP.POP.0712.FE.UN,9740913
Nigeria,NGA,1997,"Population, ages 7-12, female",SP.POP.0712.FE.UN,9499049
Nigeria,NGA,1996,"Population, ages 7-12, female",SP.POP.0712.FE.UN,9251985
Nigeria,NGA,1995,"Population, ages 7-12, female",SP.POP.0712.FE.UN,8998299
Nigeria,NGA,1994,"Population, ages 7-12, female",SP.POP.0712.FE.UN,8737848
Nigeria,NGA,1993,"Population, ages 7-12, female",SP.POP.0712.FE.UN,8472163
Nigeria,NGA,1992,"Population, ages 7-12, female",SP.POP.0712.FE.UN,8203683
Nigeria,NGA,1991,"Population, ages 7-12, female",SP.POP.0712.FE.UN,7935750
Nigeria,NGA,1990,"Population, ages 7-12, female",SP.POP.0712.FE.UN,7671244
Nigeria,NGA,2015,"Population, ages 7-12, male",SP.POP.0712.MA.UN,13985679
Nigeria,NGA,2014,"Population, ages 7-12, male",SP.POP.0712.MA.UN,13779589
Nigeria,NGA,2013,"Population, ages 7-12, male",SP.POP.0712.MA.UN,13560311
Nigeria,NGA,2012,"Population, ages 7-12, male",SP.POP.0712.MA.UN,13331287
Nigeria,NGA,2011,"Population, ages 7-12, male",SP.POP.0712.MA.UN,13097132
Nigeria,NGA,2010,"Population, ages 7-12, male",SP.POP.0712.MA.UN,12861316
Nigeria,NGA,2009,"Population, ages 7-12, male",SP.POP.0712.MA.UN,12625302
Nigeria,NGA,2008,"Population, ages 7-12, male",SP.POP.0712.MA.UN,12388741
Nigeria,NGA,2007,"Population, ages 7-12, male",SP.POP.0712.MA.UN,12151066
Nigeria,NGA,2006,"Population, ages 7-12, male",SP.POP.0712.MA.UN,11910970
Nigeria,NGA,2005,"Population, ages 7-12, male",SP.POP.0712.MA.UN,11667537
Nigeria,NGA,2004,"Population, ages 7-12, male",SP.POP.0712.MA.UN,11420854
Nigeria,NGA,2003,"Population, ages 7-12, male",SP.POP.0712.MA.UN,11171588
Nigeria,NGA,2002,"Population, ages 7-12, male",SP.POP.0712.MA.UN,10920016
Nigeria,NGA,2001,"Population, ages 7-12, male",SP.POP.0712.MA.UN,10666500
Nigeria,NGA,2000,"Population, ages 7-12, male",SP.POP.0712.MA.UN,10411265
Nigeria,NGA,1999,"Population, ages 7-12, male",SP.POP.0712.MA.UN,10155027
Nigeria,NGA,1998,"Population, ages 7-12, male",SP.POP.0712.MA.UN,9897743
Nigeria,NGA,1997,"Population, ages 7-12, male",SP.POP.0712.MA.UN,9638005
Nigeria,NGA,1996,"Population, ages 7-12, male",SP.POP.0712.MA.UN,9373859
Nigeria,NGA,1995,"Population, ages 7-12, male",SP.POP.0712.MA.UN,9104236
Nigeria,NGA,1994,"Population, ages 7-12, male",SP.POP.0712.MA.UN,8829117
Nigeria,NGA,1993,"Population, ages 7-12, male",SP.POP.0712.MA.UN,8550078
Nigeria,NGA,1992,"Population, ages 7-12, male",SP.POP.0712.MA.UN,8269690
Nigeria,NGA,1991,"Population, ages 7-12, male",SP.POP.0712.MA.UN,7991401
Nigeria,NGA,1990,"Population, ages 7-12, male",SP.POP.0712.MA.UN,7718129
Nigeria,NGA,2015,"Population, ages 7-12, total",SP.POP.0712.TO.UN,27626015
Nigeria,NGA,2014,"Population, ages 7-12, total",SP.POP.0712.TO.UN,27215830
Nigeria,NGA,2013,"Population, ages 7-12, total",SP.POP.0712.TO.UN,26779313
Nigeria,NGA,2012,"Population, ages 7-12, total",SP.POP.0712.TO.UN,26323854
Nigeria,NGA,2011,"Population, ages 7-12, total",SP.POP.0712.TO.UN,25859319
Nigeria,NGA,2010,"Population, ages 7-12, total",SP.POP.0712.TO.UN,25393120
Nigeria,NGA,2009,"Population, ages 7-12, total",SP.POP.0712.TO.UN,24928344
Nigeria,NGA,2008,"Population, ages 7-12, total",SP.POP.0712.TO.UN,24464229
Nigeria,NGA,2007,"Population, ages 7-12, total",SP.POP.0712.TO.UN,23999573
Nigeria,NGA,2006,"Population, ages 7-12, total",SP.POP.0712.TO.UN,23531593
Nigeria,NGA,2005,"Population, ages 7-12, total",SP.POP.0712.TO.UN,23058287
Nigeria,NGA,2004,"Population, ages 7-12, total",SP.POP.0712.TO.UN,22579771
Nigeria,NGA,2003,"Population, ages 7-12, total",SP.POP.0712.TO.UN,22097289
Nigeria,NGA,2002,"Population, ages 7-12, total",SP.POP.0712.TO.UN,21611146
Nigeria,NGA,2001,"Population, ages 7-12, total",SP.POP.0712.TO.UN,21121758
Nigeria,NGA,2000,"Population, ages 7-12, total",SP.POP.0712.TO.UN,20629277
Nigeria,NGA,1999,"Population, ages 7-12, total",SP.POP.0712.TO.UN,20134999
Nigeria,NGA,1998,"Population, ages 7-12, total",SP.POP.0712.TO.UN,19638656
Nigeria,NGA,1997,"Population, ages 7-12, total",SP.POP.0712.TO.UN,19137054
Nigeria,NGA,1996,"Population, ages 7-12, total",SP.POP.0712.TO.UN,18625844
Nigeria,NGA,1995,"Population, ages 7-12, total",SP.POP.0712.TO.UN,18102535
Nigeria,NGA,1994,"Population, ages 7-12, total",SP.POP.0712.TO.UN,17566965
Nigeria,NGA,1993,"Population, ages 7-12, total",SP.POP.0712.TO.UN,17022241
Nigeria,NGA,1992,"Population, ages 7-12, total",SP.POP.0712.TO.UN,16473373
Nigeria,NGA,1991,"Population, ages 7-12, total",SP.POP.0712.TO.UN,15927151
Nigeria,NGA,1990,"Population, ages 7-12, total",SP.POP.0712.TO.UN,15389373
Nigeria,NGA,2015,"Population, ages 7-13, female",SP.POP.0713.FE.UN,15764359
Nigeria,NGA,2014,"Population, ages 7-13, female",SP.POP.0713.FE.UN,15520531
Nigeria,NGA,2013,"Population, ages 7-13, female",SP.POP.0713.FE.UN,15261520
Nigeria,NGA,2012,"Population, ages 7-13, female",SP.POP.0713.FE.UN,14992553
Nigeria,NGA,2011,"Population, ages 7-13, female",SP.POP.0713.FE.UN,14720594
Nigeria,NGA,2010,"Population, ages 7-13, female",SP.POP.0713.FE.UN,14450757
Nigeria,NGA,2009,"Population, ages 7-13, female",SP.POP.0713.FE.UN,14185311
Nigeria,NGA,2008,"Population, ages 7-13, female",SP.POP.0713.FE.UN,13923367
Nigeria,NGA,2007,"Population, ages 7-13, female",SP.POP.0713.FE.UN,13662973
Nigeria,NGA,2006,"Population, ages 7-13, female",SP.POP.0713.FE.UN,13400722
Nigeria,NGA,2005,"Population, ages 7-13, female",SP.POP.0713.FE.UN,13134171
Nigeria,NGA,2004,"Population, ages 7-13, female",SP.POP.0713.FE.UN,12862819
Nigeria,NGA,2003,"Population, ages 7-13, female",SP.POP.0713.FE.UN,12587776
Nigeria,NGA,2002,"Population, ages 7-13, female",SP.POP.0713.FE.UN,12310049
Nigeria,NGA,2001,"Population, ages 7-13, female",SP.POP.0713.FE.UN,12031158
Nigeria,NGA,2000,"Population, ages 7-13, female",SP.POP.0713.FE.UN,11752047
Nigeria,NGA,1999,"Population, ages 7-13, female",SP.POP.0713.FE.UN,11473856
Nigeria,NGA,1998,"Population, ages 7-13, female",SP.POP.0713.FE.UN,11195945
Nigeria,NGA,1997,"Population, ages 7-13, female",SP.POP.0713.FE.UN,10915428
Nigeria,NGA,1996,"Population, ages 7-13, female",SP.POP.0713.FE.UN,10628314
Nigeria,NGA,1995,"Population, ages 7-13, female",SP.POP.0713.FE.UN,10332169
Nigeria,NGA,1994,"Population, ages 7-13, female",SP.POP.0713.FE.UN,10026382
Nigeria,NGA,1993,"Population, ages 7-13, female",SP.POP.0713.FE.UN,9713258
Nigeria,NGA,1992,"Population, ages 7-13, female",SP.POP.0713.FE.UN,9396980
Nigeria,NGA,1991,"Population, ages 7-13, female",SP.POP.0713.FE.UN,9083312
Nigeria,NGA,1990,"Population, ages 7-13, female",SP.POP.0713.FE.UN,8776876
Nigeria,NGA,2015,"Population, ages 7-13, male",SP.POP.0713.MA.UN,16166491
Nigeria,NGA,2014,"Population, ages 7-13, male",SP.POP.0713.MA.UN,15920063
Nigeria,NGA,2013,"Population, ages 7-13, male",SP.POP.0713.MA.UN,15658131
Nigeria,NGA,2012,"Population, ages 7-13, male",SP.POP.0713.MA.UN,15385394
Nigeria,NGA,2011,"Population, ages 7-13, male",SP.POP.0713.MA.UN,15108175
Nigeria,NGA,2010,"Population, ages 7-13, male",SP.POP.0713.MA.UN,14831117
Nigeria,NGA,2009,"Population, ages 7-13, male",SP.POP.0713.MA.UN,14556318
Nigeria,NGA,2008,"Population, ages 7-13, male",SP.POP.0713.MA.UN,14282966
Nigeria,NGA,2007,"Population, ages 7-13, male",SP.POP.0713.MA.UN,14009224
Nigeria,NGA,2006,"Population, ages 7-13, male",SP.POP.0713.MA.UN,13731924
Nigeria,NGA,2005,"Population, ages 7-13, male",SP.POP.0713.MA.UN,13448851
Nigeria,NGA,2004,"Population, ages 7-13, male",SP.POP.0713.MA.UN,13159596
Nigeria,NGA,2003,"Population, ages 7-13, male",SP.POP.0713.MA.UN,12865380
Nigeria,NGA,2002,"Population, ages 7-13, male",SP.POP.0713.MA.UN,12567514
Nigeria,NGA,2001,"Population, ages 7-13, male",SP.POP.0713.MA.UN,12267879
Nigeria,NGA,2000,"Population, ages 7-13, male",SP.POP.0713.MA.UN,11967774
Nigeria,NGA,1999,"Population, ages 7-13, male",SP.POP.0713.MA.UN,11668490
Nigeria,NGA,1998,"Population, ages 7-13, male",SP.POP.0713.MA.UN,11369595
Nigeria,NGA,1997,"Population, ages 7-13, male",SP.POP.0713.MA.UN,11068647
Nigeria,NGA,1996,"Population, ages 7-13, male",SP.POP.0713.MA.UN,10762171
Nigeria,NGA,1995,"Population, ages 7-13, male",SP.POP.0713.MA.UN,10448138
Nigeria,NGA,1994,"Population, ages 7-13, male",SP.POP.0713.MA.UN,10126092
Nigeria,NGA,1993,"Population, ages 7-13, male",SP.POP.0713.MA.UN,9798361
Nigeria,NGA,1992,"Population, ages 7-13, male",SP.POP.0713.MA.UN,9469184
Nigeria,NGA,1991,"Population, ages 7-13, male",SP.POP.0713.MA.UN,9144321
Nigeria,NGA,1990,"Population, ages 7-13, male",SP.POP.0713.MA.UN,8828349
Nigeria,NGA,2015,"Population, ages 7-13, total",SP.POP.0713.TO.UN,31930850
Nigeria,NGA,2014,"Population, ages 7-13, total",SP.POP.0713.TO.UN,31440594
Nigeria,NGA,2013,"Population, ages 7-13, total",SP.POP.0713.TO.UN,30919651
Nigeria,NGA,2012,"Population, ages 7-13, total",SP.POP.0713.TO.UN,30377947
Nigeria,NGA,2011,"Population, ages 7-13, total",SP.POP.0713.TO.UN,29828769
Nigeria,NGA,2010,"Population, ages 7-13, total",SP.POP.0713.TO.UN,29281874
Nigeria,NGA,2009,"Population, ages 7-13, total",SP.POP.0713.TO.UN,28741629
Nigeria,NGA,2008,"Population, ages 7-13, total",SP.POP.0713.TO.UN,28206333
Nigeria,NGA,2007,"Population, ages 7-13, total",SP.POP.0713.TO.UN,27672197
Nigeria,NGA,2006,"Population, ages 7-13, total",SP.POP.0713.TO.UN,27132646
Nigeria,NGA,2005,"Population, ages 7-13, total",SP.POP.0713.TO.UN,26583022
Nigeria,NGA,2004,"Population, ages 7-13, total",SP.POP.0713.TO.UN,26022415
Nigeria,NGA,2003,"Population, ages 7-13, total",SP.POP.0713.TO.UN,25453156
Nigeria,NGA,2002,"Population, ages 7-13, total",SP.POP.0713.TO.UN,24877563
Nigeria,NGA,2001,"Population, ages 7-13, total",SP.POP.0713.TO.UN,24299037
Nigeria,NGA,2000,"Population, ages 7-13, total",SP.POP.0713.TO.UN,23719821
Nigeria,NGA,1999,"Population, ages 7-13, total",SP.POP.0713.TO.UN,23142346
Nigeria,NGA,1998,"Population, ages 7-13, total",SP.POP.0713.TO.UN,22565540
Nigeria,NGA,1997,"Population, ages 7-13, total",SP.POP.0713.TO.UN,21984075
Nigeria,NGA,1996,"Population, ages 7-13, total",SP.POP.0713.TO.UN,21390485
Nigeria,NGA,1995,"Population, ages 7-13, total",SP.POP.0713.TO.UN,20780307
Nigeria,NGA,1994,"Population, ages 7-13, total",SP.POP.0713.TO.UN,20152474
Nigeria,NGA,1993,"Population, ages 7-13, total",SP.POP.0713.TO.UN,19511619
Nigeria,NGA,1992,"Population, ages 7-13, total",SP.POP.0713.TO.UN,18866164
Nigeria,NGA,1991,"Population, ages 7-13, total",SP.POP.0713.TO.UN,18227633
Nigeria,NGA,1990,"Population, ages 7-13, total",SP.POP.0713.TO.UN,17605225
Nigeria,NGA,2015,"Population, ages 10-14, female",SP.POP.1014.FE.UN,10834304
Nigeria,NGA,2014,"Population, ages 10-14, female",SP.POP.1014.FE.UN,10642536
Nigeria,NGA,2013,"Population, ages 10-14, female",SP.POP.1014.FE.UN,10439960
Nigeria,NGA,2012,"Population, ages 10-14, female",SP.POP.1014.FE.UN,10232338
Nigeria,NGA,2011,"Population, ages 10-14, female",SP.POP.1014.FE.UN,10027400
Nigeria,NGA,2010,"Population, ages 10-14, female",SP.POP.1014.FE.UN,9830525
Nigeria,NGA,2009,"Population, ages 10-14, female",SP.POP.1014.FE.UN,9644507
Nigeria,NGA,2008,"Population, ages 10-14, female",SP.POP.1014.FE.UN,9467463
Nigeria,NGA,2007,"Population, ages 10-14, female",SP.POP.1014.FE.UN,9294352
Nigeria,NGA,2006,"Population, ages 10-14, female",SP.POP.1014.FE.UN,9117649
Nigeria,NGA,2005,"Population, ages 10-14, female",SP.POP.1014.FE.UN,8932052
Nigeria,NGA,2004,"Population, ages 10-14, female",SP.POP.1014.FE.UN,8735598
Nigeria,NGA,2003,"Population, ages 10-14, female",SP.POP.1014.FE.UN,8530396
Nigeria,NGA,2002,"Population, ages 10-14, female",SP.POP.1014.FE.UN,8320078
Nigeria,NGA,2001,"Population, ages 10-14, female",SP.POP.1014.FE.UN,8110090
Nigeria,NGA,2000,"Population, ages 10-14, female",SP.POP.1014.FE.UN,7904184
Nigeria,NGA,1999,"Population, ages 10-14, female",SP.POP.1014.FE.UN,7704563
Nigeria,NGA,1998,"Population, ages 10-14, female",SP.POP.1014.FE.UN,7509597
Nigeria,NGA,1997,"Population, ages 10-14, female",SP.POP.1014.FE.UN,7314711
Nigeria,NGA,1996,"Population, ages 10-14, female",SP.POP.1014.FE.UN,7113328
Nigeria,NGA,1995,"Population, ages 10-14, female",SP.POP.1014.FE.UN,6901287
Nigeria,NGA,1994,"Population, ages 10-14, female",SP.POP.1014.FE.UN,6676799
Nigeria,NGA,1993,"Population, ages 10-14, female",SP.POP.1014.FE.UN,6443092
Nigeria,NGA,1992,"Population, ages 10-14, female",SP.POP.1014.FE.UN,6207160
Nigeria,NGA,1991,"Population, ages 10-14, female",SP.POP.1014.FE.UN,5978729
Nigeria,NGA,1990,"Population, ages 10-14, female",SP.POP.1014.FE.UN,5764912
Nigeria,NGA,2015,"Population, ages 10-14, male",SP.POP.1014.MA.UN,11119395
Nigeria,NGA,2014,"Population, ages 10-14, male",SP.POP.1014.MA.UN,10925118
Nigeria,NGA,2013,"Population, ages 10-14, male",SP.POP.1014.MA.UN,10719045
Nigeria,NGA,2012,"Population, ages 10-14, male",SP.POP.1014.MA.UN,10506729
Nigeria,NGA,2011,"Population, ages 10-14, male",SP.POP.1014.MA.UN,10295705
Nigeria,NGA,2010,"Population, ages 10-14, male",SP.POP.1014.MA.UN,10091228
Nigeria,NGA,2009,"Population, ages 10-14, male",SP.POP.1014.MA.UN,9896019
Nigeria,NGA,2008,"Population, ages 10-14, male",SP.POP.1014.MA.UN,9708253
Nigeria,NGA,2007,"Population, ages 10-14, male",SP.POP.1014.MA.UN,9523089
Nigeria,NGA,2006,"Population, ages 10-14, male",SP.POP.1014.MA.UN,9333301
Nigeria,NGA,2005,"Population, ages 10-14, male",SP.POP.1014.MA.UN,9133851
Nigeria,NGA,2004,"Population, ages 10-14, male",SP.POP.1014.MA.UN,8922903
Nigeria,NGA,2003,"Population, ages 10-14, male",SP.POP.1014.MA.UN,8702673
Nigeria,NGA,2002,"Population, ages 10-14, male",SP.POP.1014.MA.UN,8477031
Nigeria,NGA,2001,"Population, ages 10-14, male",SP.POP.1014.MA.UN,8251689
Nigeria,NGA,2000,"Population, ages 10-14, male",SP.POP.1014.MA.UN,8030648
Nigeria,NGA,1999,"Population, ages 10-14, male",SP.POP.1014.MA.UN,7816204
Nigeria,NGA,1998,"Population, ages 10-14, male",SP.POP.1014.MA.UN,7606872
Nigeria,NGA,1997,"Population, ages 10-14, male",SP.POP.1014.MA.UN,7398420
Nigeria,NGA,1996,"Population, ages 10-14, male",SP.POP.1014.MA.UN,7184667
Nigeria,NGA,1995,"Population, ages 10-14, male",SP.POP.1014.MA.UN,6961733
Nigeria,NGA,1994,"Population, ages 10-14, male",SP.POP.1014.MA.UN,6727976
Nigeria,NGA,1993,"Population, ages 10-14, male",SP.POP.1014.MA.UN,6486554
Nigeria,NGA,1992,"Population, ages 10-14, male",SP.POP.1014.MA.UN,6244224
Nigeria,NGA,1991,"Population, ages 10-14, male",SP.POP.1014.MA.UN,6010348
Nigeria,NGA,1990,"Population, ages 10-14, male",SP.POP.1014.MA.UN,5791747
Nigeria,NGA,2015,"Population, ages 10-14, total",SP.POP.1014.TO.UN,21953699
Nigeria,NGA,2014,"Population, ages 10-14, total",SP.POP.1014.TO.UN,21567654
Nigeria,NGA,2013,"Population, ages 10-14, total",SP.POP.1014.TO.UN,21159005
Nigeria,NGA,2012,"Population, ages 10-14, total",SP.POP.1014.TO.UN,20739067
Nigeria,NGA,2011,"Population, ages 10-14, total",SP.POP.1014.TO.UN,20323105
Nigeria,NGA,2010,"Population, ages 10-14, total",SP.POP.1014.TO.UN,19921753
Nigeria,NGA,2009,"Population, ages 10-14, total",SP.POP.1014.TO.UN,19540526
Nigeria,NGA,2008,"Population, ages 10-14, total",SP.POP.1014.TO.UN,19175716
Nigeria,NGA,2007,"Population, ages 10-14, total",SP.POP.1014.TO.UN,18817441
Nigeria,NGA,2006,"Population, ages 10-14, total",SP.POP.1014.TO.UN,18450950
Nigeria,NGA,2005,"Population, ages 10-14, total",SP.POP.1014.TO.UN,18065903
Nigeria,NGA,2004,"Population, ages 10-14, total",SP.POP.1014.TO.UN,17658501
Nigeria,NGA,2003,"Population, ages 10-14, total",SP.POP.1014.TO.UN,17233069
Nigeria,NGA,2002,"Population, ages 10-14, total",SP.POP.1014.TO.UN,16797109
Nigeria,NGA,2001,"Population, ages 10-14, total",SP.POP.1014.TO.UN,16361779
Nigeria,NGA,2000,"Population, ages 10-14, total",SP.POP.1014.TO.UN,15934832
Nigeria,NGA,1999,"Population, ages 10-14, total",SP.POP.1014.TO.UN,15520767
Nigeria,NGA,1998,"Population, ages 10-14, total",SP.POP.1014.TO.UN,15116469
Nigeria,NGA,1997,"Population, ages 10-14, total",SP.POP.1014.TO.UN,14713131
Nigeria,NGA,1996,"Population, ages 10-14, total",SP.POP.1014.TO.UN,14297995
Nigeria,NGA,1995,"Population, ages 10-14, total",SP.POP.1014.TO.UN,13863020
Nigeria,NGA,1994,"Population, ages 10-14, total",SP.POP.1014.TO.UN,13404775
Nigeria,NGA,1993,"Population, ages 10-14, total",SP.POP.1014.TO.UN,12929646
Nigeria,NGA,1992,"Population, ages 10-14, total",SP.POP.1014.TO.UN,12451384
Nigeria,NGA,1991,"Population, ages 10-14, total",SP.POP.1014.TO.UN,11989077
Nigeria,NGA,1990,"Population, ages 10-14, total",SP.POP.1014.TO.UN,11556659
Nigeria,NGA,2015,"Population, ages 10-15, female",SP.POP.1015.FE.UN,12854962
Nigeria,NGA,2014,"Population, ages 10-15, female",SP.POP.1015.FE.UN,12625359
Nigeria,NGA,2013,"Population, ages 10-15, female",SP.POP.1015.FE.UN,12385687
Nigeria,NGA,2012,"Population, ages 10-15, female",SP.POP.1015.FE.UN,12141374
Nigeria,NGA,2011,"Population, ages 10-15, female",SP.POP.1015.FE.UN,11899587
Nigeria,NGA,2010,"Population, ages 10-15, female",SP.POP.1015.FE.UN,11665296
Nigeria,NGA,2009,"Population, ages 10-15, female",SP.POP.1015.FE.UN,11441199
Nigeria,NGA,2008,"Population, ages 10-15, female",SP.POP.1015.FE.UN,11225578
Nigeria,NGA,2007,"Population, ages 10-15, female",SP.POP.1015.FE.UN,11013545
Nigeria,NGA,2006,"Population, ages 10-15, female",SP.POP.1015.FE.UN,10797810
Nigeria,NGA,2005,"Population, ages 10-15, female",SP.POP.1015.FE.UN,10573216
Nigeria,NGA,2004,"Population, ages 10-15, female",SP.POP.1015.FE.UN,10337969
Nigeria,NGA,2003,"Population, ages 10-15, female",SP.POP.1015.FE.UN,10094059
Nigeria,NGA,2002,"Population, ages 10-15, female",SP.POP.1015.FE.UN,9844642
Nigeria,NGA,2001,"Population, ages 10-15, female",SP.POP.1015.FE.UN,9594510
Nigeria,NGA,2000,"Population, ages 10-15, female",SP.POP.1015.FE.UN,9347009
Nigeria,NGA,1999,"Population, ages 10-15, female",SP.POP.1015.FE.UN,9104217
Nigeria,NGA,1998,"Population, ages 10-15, female",SP.POP.1015.FE.UN,8864858
Nigeria,NGA,1997,"Population, ages 10-15, female",SP.POP.1015.FE.UN,8625029
Nigeria,NGA,1996,"Population, ages 10-15, female",SP.POP.1015.FE.UN,8379089
Nigeria,NGA,1995,"Population, ages 10-15, female",SP.POP.1015.FE.UN,8123615
Nigeria,NGA,1994,"Population, ages 10-15, female",SP.POP.1015.FE.UN,7857042
Nigeria,NGA,1993,"Population, ages 10-15, female",SP.POP.1015.FE.UN,7582604
Nigeria,NGA,1992,"Population, ages 10-15, female",SP.POP.1015.FE.UN,7307553
Nigeria,NGA,1991,"Population, ages 10-15, female",SP.POP.1015.FE.UN,7041840
Nigeria,NGA,1990,"Population, ages 10-15, female",SP.POP.1015.FE.UN,6792739
Nigeria,NGA,2015,"Population, ages 10-15, male",SP.POP.1015.MA.UN,13194507
Nigeria,NGA,2014,"Population, ages 10-15, male",SP.POP.1015.MA.UN,12961211
Nigeria,NGA,2013,"Population, ages 10-15, male",SP.POP.1015.MA.UN,12716549
Nigeria,NGA,2012,"Population, ages 10-15, male",SP.POP.1015.MA.UN,12465761
Nigeria,NGA,2011,"Population, ages 10-15, male",SP.POP.1015.MA.UN,12215851
Nigeria,NGA,2010,"Population, ages 10-15, male",SP.POP.1015.MA.UN,11971698
Nigeria,NGA,2009,"Population, ages 10-15, male",SP.POP.1015.MA.UN,11735943
Nigeria,NGA,2008,"Population, ages 10-15, male",SP.POP.1015.MA.UN,11506940
Nigeria,NGA,2007,"Population, ages 10-15, male",SP.POP.1015.MA.UN,11280035
Nigeria,NGA,2006,"Population, ages 10-15, male",SP.POP.1015.MA.UN,11048282
Nigeria,NGA,2005,"Population, ages 10-15, male",SP.POP.1015.MA.UN,10806831
Nigeria,NGA,2004,"Population, ages 10-15, male",SP.POP.1015.MA.UN,10554034
Nigeria,NGA,2003,"Population, ages 10-15, male",SP.POP.1015.MA.UN,10292022
Nigeria,NGA,2002,"Population, ages 10-15, male",SP.POP.1015.MA.UN,10024268
Nigeria,NGA,2001,"Population, ages 10-15, male",SP.POP.1015.MA.UN,9755919
Nigeria,NGA,2000,"Population, ages 10-15, male",SP.POP.1015.MA.UN,9490643
Nigeria,NGA,1999,"Population, ages 10-15, male",SP.POP.1015.MA.UN,9230633
Nigeria,NGA,1998,"Population, ages 10-15, male",SP.POP.1015.MA.UN,8974758
Nigeria,NGA,1997,"Population, ages 10-15, male",SP.POP.1015.MA.UN,8719468
Nigeria,NGA,1996,"Population, ages 10-15, male",SP.POP.1015.MA.UN,8459523
Nigeria,NGA,1995,"Population, ages 10-15, male",SP.POP.1015.MA.UN,8191769
Nigeria,NGA,1994,"Population, ages 10-15, male",SP.POP.1015.MA.UN,7914822
Nigeria,NGA,1993,"Population, ages 10-15, male",SP.POP.1015.MA.UN,7631831
Nigeria,NGA,1992,"Population, ages 10-15, male",SP.POP.1015.MA.UN,7349687
Nigeria,NGA,1991,"Population, ages 10-15, male",SP.POP.1015.MA.UN,7077814
Nigeria,NGA,1990,"Population, ages 10-15, male",SP.POP.1015.MA.UN,6823083
Nigeria,NGA,2015,"Population, ages 10-15, total",SP.POP.1015.TO.UN,26049469
Nigeria,NGA,2014,"Population, ages 10-15, total",SP.POP.1015.TO.UN,25586570
Nigeria,NGA,2013,"Population, ages 10-15, total",SP.POP.1015.TO.UN,25102236
Nigeria,NGA,2012,"Population, ages 10-15, total",SP.POP.1015.TO.UN,24607135
Nigeria,NGA,2011,"Population, ages 10-15, total",SP.POP.1015.TO.UN,24115438
Nigeria,NGA,2010,"Population, ages 10-15, total",SP.POP.1015.TO.UN,23636994
Nigeria,NGA,2009,"Population, ages 10-15, total",SP.POP.1015.TO.UN,23177142
Nigeria,NGA,2008,"Population, ages 10-15, total",SP.POP.1015.TO.UN,22732518
Nigeria,NGA,2007,"Population, ages 10-15, total",SP.POP.1015.TO.UN,22293580
Nigeria,NGA,2006,"Population, ages 10-15, total",SP.POP.1015.TO.UN,21846092
Nigeria,NGA,2005,"Population, ages 10-15, total",SP.POP.1015.TO.UN,21380047
Nigeria,NGA,2004,"Population, ages 10-15, total",SP.POP.1015.TO.UN,20892003
Nigeria,NGA,2003,"Population, ages 10-15, total",SP.POP.1015.TO.UN,20386081
Nigeria,NGA,2002,"Population, ages 10-15, total",SP.POP.1015.TO.UN,19868910
Nigeria,NGA,2001,"Population, ages 10-15, total",SP.POP.1015.TO.UN,19350429
Nigeria,NGA,2000,"Population, ages 10-15, total",SP.POP.1015.TO.UN,18837652
Nigeria,NGA,1999,"Population, ages 10-15, total",SP.POP.1015.TO.UN,18334850
Nigeria,NGA,1998,"Population, ages 10-15, total",SP.POP.1015.TO.UN,17839616
Nigeria,NGA,1997,"Population, ages 10-15, total",SP.POP.1015.TO.UN,17344497
Nigeria,NGA,1996,"Population, ages 10-15, total",SP.POP.1015.TO.UN,16838612
Nigeria,NGA,1995,"Population, ages 10-15, total",SP.POP.1015.TO.UN,16315384
Nigeria,NGA,1994,"Population, ages 10-15, total",SP.POP.1015.TO.UN,15771864
Nigeria,NGA,1993,"Population, ages 10-15, total",SP.POP.1015.TO.UN,15214435
Nigeria,NGA,1992,"Population, ages 10-15, total",SP.POP.1015.TO.UN,14657240
Nigeria,NGA,1991,"Population, ages 10-15, total",SP.POP.1015.TO.UN,14119654
Nigeria,NGA,1990,"Population, ages 10-15, total",SP.POP.1015.TO.UN,13615822
Nigeria,NGA,2015,"Population, ages 10-16, female",SP.POP.1016.FE.UN,14823489
Nigeria,NGA,2014,"Population, ages 10-16, female",SP.POP.1016.FE.UN,14557242
Nigeria,NGA,2013,"Population, ages 10-16, female",SP.POP.1016.FE.UN,14283155
Nigeria,NGA,2012,"Population, ages 10-16, female",SP.POP.1016.FE.UN,14005466
Nigeria,NGA,2011,"Population, ages 10-16, female",SP.POP.1016.FE.UN,13729550
Nigeria,NGA,2010,"Population, ages 10-16, female",SP.POP.1016.FE.UN,13459122
Nigeria,NGA,2009,"Population, ages 10-16, female",SP.POP.1016.FE.UN,13196386
Nigeria,NGA,2008,"Population, ages 10-16, female",SP.POP.1016.FE.UN,12940139
Nigeria,NGA,2007,"Population, ages 10-16, female",SP.POP.1016.FE.UN,12686428
Nigeria,NGA,2006,"Population, ages 10-16, female",SP.POP.1016.FE.UN,12429361
Nigeria,NGA,2005,"Population, ages 10-16, female",SP.POP.1016.FE.UN,12164723
Nigeria,NGA,2004,"Population, ages 10-16, female",SP.POP.1016.FE.UN,11891262
Nigeria,NGA,2003,"Population, ages 10-16, female",SP.POP.1016.FE.UN,11610499
Nigeria,NGA,2002,"Population, ages 10-16, female",SP.POP.1016.FE.UN,11324341
Nigeria,NGA,2001,"Population, ages 10-16, female",SP.POP.1016.FE.UN,11035796
Nigeria,NGA,2000,"Population, ages 10-16, female",SP.POP.1016.FE.UN,10747050
Nigeria,NGA,1999,"Population, ages 10-16, female",SP.POP.1016.FE.UN,10459697
Nigeria,NGA,1998,"Population, ages 10-16, female",SP.POP.1016.FE.UN,10173216
Nigeria,NGA,1997,"Population, ages 10-16, female",SP.POP.1016.FE.UN,9885293
Nigeria,NGA,1996,"Population, ages 10-16, female",SP.POP.1016.FE.UN,9592526
Nigeria,NGA,1995,"Population, ages 10-16, female",SP.POP.1016.FE.UN,9293135
Nigeria,NGA,1994,"Population, ages 10-16, female",SP.POP.1016.FE.UN,8986127
Nigeria,NGA,1993,"Population, ages 10-16, female",SP.POP.1016.FE.UN,8674353
Nigeria,NGA,1992,"Population, ages 10-16, female",SP.POP.1016.FE.UN,8364580
Nigeria,NGA,1991,"Population, ages 10-16, female",SP.POP.1016.FE.UN,8065898
Nigeria,NGA,1990,"Population, ages 10-16, female",SP.POP.1016.FE.UN,7784947
Nigeria,NGA,2015,"Population, ages 10-16, male",SP.POP.1016.MA.UN,15216332
Nigeria,NGA,2014,"Population, ages 10-16, male",SP.POP.1016.MA.UN,14944921
Nigeria,NGA,2013,"Population, ages 10-16, male",SP.POP.1016.MA.UN,14664050
Nigeria,NGA,2012,"Population, ages 10-16, male",SP.POP.1016.MA.UN,14377803
Nigeria,NGA,2011,"Population, ages 10-16, male",SP.POP.1016.MA.UN,14091453
Nigeria,NGA,2010,"Population, ages 10-16, male",SP.POP.1016.MA.UN,13808674
Nigeria,NGA,2009,"Population, ages 10-16, male",SP.POP.1016.MA.UN,13531640
Nigeria,NGA,2008,"Population, ages 10-16, male",SP.POP.1016.MA.UN,13259231
Nigeria,NGA,2007,"Population, ages 10-16, male",SP.POP.1016.MA.UN,12987758
Nigeria,NGA,2006,"Population, ages 10-16, male",SP.POP.1016.MA.UN,12711698
Nigeria,NGA,2005,"Population, ages 10-16, male",SP.POP.1016.MA.UN,12427180
Nigeria,NGA,2004,"Population, ages 10-16, male",SP.POP.1016.MA.UN,12133106
Nigeria,NGA,2003,"Population, ages 10-16, male",SP.POP.1016.MA.UN,11831182
Nigeria,NGA,2002,"Population, ages 10-16, male",SP.POP.1016.MA.UN,11523722
Nigeria,NGA,2001,"Population, ages 10-16, male",SP.POP.1016.MA.UN,11214206
Nigeria,NGA,2000,"Population, ages 10-16, male",SP.POP.1016.MA.UN,10905220
Nigeria,NGA,1999,"Population, ages 10-16, male",SP.POP.1016.MA.UN,10598504
Nigeria,NGA,1998,"Population, ages 10-16, male",SP.POP.1016.MA.UN,10293664
Nigeria,NGA,1997,"Population, ages 10-16, male",SP.POP.1016.MA.UN,9988726
Nigeria,NGA,1996,"Population, ages 10-16, male",SP.POP.1016.MA.UN,9680654
Nigeria,NGA,1995,"Population, ages 10-16, male",SP.POP.1016.MA.UN,9367900
Nigeria,NGA,1994,"Population, ages 10-16, male",SP.POP.1016.MA.UN,9049687
Nigeria,NGA,1993,"Population, ages 10-16, male",SP.POP.1016.MA.UN,8728766
Nigeria,NGA,1992,"Population, ages 10-16, male",SP.POP.1016.MA.UN,8411392
Nigeria,NGA,1991,"Population, ages 10-16, male",SP.POP.1016.MA.UN,8105925
Nigeria,NGA,1990,"Population, ages 10-16, male",SP.POP.1016.MA.UN,7818473
Nigeria,NGA,2015,"Population, ages 10-16, total",SP.POP.1016.TO.UN,30039821
Nigeria,NGA,2014,"Population, ages 10-16, total",SP.POP.1016.TO.UN,29502163
Nigeria,NGA,2013,"Population, ages 10-16, total",SP.POP.1016.TO.UN,28947205
Nigeria,NGA,2012,"Population, ages 10-16, total",SP.POP.1016.TO.UN,28383269
Nigeria,NGA,2011,"Population, ages 10-16, total",SP.POP.1016.TO.UN,27821003
Nigeria,NGA,2010,"Population, ages 10-16, total",SP.POP.1016.TO.UN,27267796
Nigeria,NGA,2009,"Population, ages 10-16, total",SP.POP.1016.TO.UN,26728026
Nigeria,NGA,2008,"Population, ages 10-16, total",SP.POP.1016.TO.UN,26199370
Nigeria,NGA,2007,"Population, ages 10-16, total",SP.POP.1016.TO.UN,25674186
Nigeria,NGA,2006,"Population, ages 10-16, total",SP.POP.1016.TO.UN,25141059
Nigeria,NGA,2005,"Population, ages 10-16, total",SP.POP.1016.TO.UN,24591903
Nigeria,NGA,2004,"Population, ages 10-16, total",SP.POP.1016.TO.UN,24024368
Nigeria,NGA,2003,"Population, ages 10-16, total",SP.POP.1016.TO.UN,23441681
Nigeria,NGA,2002,"Population, ages 10-16, total",SP.POP.1016.TO.UN,22848063
Nigeria,NGA,2001,"Population, ages 10-16, total",SP.POP.1016.TO.UN,22250002
Nigeria,NGA,2000,"Population, ages 10-16, total",SP.POP.1016.TO.UN,21652270
Nigeria,NGA,1999,"Population, ages 10-16, total",SP.POP.1016.TO.UN,21058201
Nigeria,NGA,1998,"Population, ages 10-16, total",SP.POP.1016.TO.UN,20466880
Nigeria,NGA,1997,"Population, ages 10-16, total",SP.POP.1016.TO.UN,19874019
Nigeria,NGA,1996,"Population, ages 10-16, total",SP.POP.1016.TO.UN,19273180
Nigeria,NGA,1995,"Population, ages 10-16, total",SP.POP.1016.TO.UN,18661035
Nigeria,NGA,1994,"Population, ages 10-16, total",SP.POP.1016.TO.UN,18035814
Nigeria,NGA,1993,"Population, ages 10-16, total",SP.POP.1016.TO.UN,17403119
Nigeria,NGA,1992,"Population, ages 10-16, total",SP.POP.1016.TO.UN,16775972
Nigeria,NGA,1991,"Population, ages 10-16, total",SP.POP.1016.TO.UN,16171823
Nigeria,NGA,1990,"Population, ages 10-16, total",SP.POP.1016.TO.UN,15603420
Nigeria,NGA,2015,"Population, ages 10-17, female",SP.POP.1017.FE.UN,16743001
Nigeria,NGA,2014,"Population, ages 10-17, female",SP.POP.1017.FE.UN,16440805
Nigeria,NGA,2013,"Population, ages 10-17, female",SP.POP.1017.FE.UN,16133681
Nigeria,NGA,2012,"Population, ages 10-17, female",SP.POP.1017.FE.UN,15824255
Nigeria,NGA,2011,"Population, ages 10-17, female",SP.POP.1017.FE.UN,15515529
Nigeria,NGA,2010,"Population, ages 10-17, female",SP.POP.1017.FE.UN,15209555
Nigeria,NGA,2009,"Population, ages 10-17, female",SP.POP.1017.FE.UN,14907859
Nigeria,NGA,2008,"Population, ages 10-17, female",SP.POP.1017.FE.UN,14609905
Nigeria,NGA,2007,"Population, ages 10-17, female",SP.POP.1017.FE.UN,14313051
Nigeria,NGA,2006,"Population, ages 10-17, female",SP.POP.1017.FE.UN,14013347
Nigeria,NGA,2005,"Population, ages 10-17, female",SP.POP.1017.FE.UN,13707909
Nigeria,NGA,2004,"Population, ages 10-17, female",SP.POP.1017.FE.UN,13396195
Nigeria,NGA,2003,"Population, ages 10-17, female",SP.POP.1017.FE.UN,13079115
Nigeria,NGA,2002,"Population, ages 10-17, female",SP.POP.1017.FE.UN,12757017
Nigeria,NGA,2001,"Population, ages 10-17, female",SP.POP.1017.FE.UN,12430669
Nigeria,NGA,2000,"Population, ages 10-17, female",SP.POP.1017.FE.UN,12100787
Nigeria,NGA,1999,"Population, ages 10-17, female",SP.POP.1017.FE.UN,11768324
Nigeria,NGA,1998,"Population, ages 10-17, female",SP.POP.1017.FE.UN,11433697
Nigeria,NGA,1997,"Population, ages 10-17, female",SP.POP.1017.FE.UN,11096634
Nigeria,NGA,1996,"Population, ages 10-17, female",SP.POP.1017.FE.UN,10756614
Nigeria,NGA,1995,"Population, ages 10-17, female",SP.POP.1017.FE.UN,10413931
Nigeria,NGA,1994,"Population, ages 10-17, female",SP.POP.1017.FE.UN,10068351
Nigeria,NGA,1993,"Population, ages 10-17, female",SP.POP.1017.FE.UN,9722127
Nigeria,NGA,1992,"Population, ages 10-17, female",SP.POP.1017.FE.UN,9381081
Nigeria,NGA,1991,"Population, ages 10-17, female",SP.POP.1017.FE.UN,9052768
Nigeria,NGA,1990,"Population, ages 10-17, female",SP.POP.1017.FE.UN,8742714
Nigeria,NGA,2015,"Population, ages 10-17, male",SP.POP.1017.MA.UN,17186944
Nigeria,NGA,2014,"Population, ages 10-17, male",SP.POP.1017.MA.UN,16877848
Nigeria,NGA,2013,"Population, ages 10-17, male",SP.POP.1017.MA.UN,16561884
Nigeria,NGA,2012,"Population, ages 10-17, male",SP.POP.1017.MA.UN,16241575
Nigeria,NGA,2011,"Population, ages 10-17, male",SP.POP.1017.MA.UN,15919896
Nigeria,NGA,2010,"Population, ages 10-17, male",SP.POP.1017.MA.UN,15598923
Nigeria,NGA,2009,"Population, ages 10-17, male",SP.POP.1017.MA.UN,15280182
Nigeria,NGA,2008,"Population, ages 10-17, male",SP.POP.1017.MA.UN,14963237
Nigeria,NGA,2007,"Population, ages 10-17, male",SP.POP.1017.MA.UN,14645732
Nigeria,NGA,2006,"Population, ages 10-17, male",SP.POP.1017.MA.UN,14324101
Nigeria,NGA,2005,"Population, ages 10-17, male",SP.POP.1017.MA.UN,13995828
Nigeria,NGA,2004,"Population, ages 10-17, male",SP.POP.1017.MA.UN,13660535
Nigeria,NGA,2003,"Population, ages 10-17, male",SP.POP.1017.MA.UN,13319356
Nigeria,NGA,2002,"Population, ages 10-17, male",SP.POP.1017.MA.UN,12973144
Nigeria,NGA,2001,"Population, ages 10-17, male",SP.POP.1017.MA.UN,12623254
Nigeria,NGA,2000,"Population, ages 10-17, male",SP.POP.1017.MA.UN,12270893
Nigeria,NGA,1999,"Population, ages 10-17, male",SP.POP.1017.MA.UN,11917183
Nigeria,NGA,1998,"Population, ages 10-17, male",SP.POP.1017.MA.UN,11562646
Nigeria,NGA,1997,"Population, ages 10-17, male",SP.POP.1017.MA.UN,11207309
Nigeria,NGA,1996,"Population, ages 10-17, male",SP.POP.1017.MA.UN,10850950
Nigeria,NGA,1995,"Population, ages 10-17, male",SP.POP.1017.MA.UN,10494036
Nigeria,NGA,1994,"Population, ages 10-17, male",SP.POP.1017.MA.UN,10136582
Nigeria,NGA,1993,"Population, ages 10-17, male",SP.POP.1017.MA.UN,9780725
Nigeria,NGA,1992,"Population, ages 10-17, male",SP.POP.1017.MA.UN,9431627
Nigeria,NGA,1991,"Population, ages 10-17, male",SP.POP.1017.MA.UN,9095919
Nigeria,NGA,1990,"Population, ages 10-17, male",SP.POP.1017.MA.UN,8778473
Nigeria,NGA,2015,"Population, ages 10-17, total",SP.POP.1017.TO.UN,33929945
Nigeria,NGA,2014,"Population, ages 10-17, total",SP.POP.1017.TO.UN,33318653
Nigeria,NGA,2013,"Population, ages 10-17, total",SP.POP.1017.TO.UN,32695565
Nigeria,NGA,2012,"Population, ages 10-17, total",SP.POP.1017.TO.UN,32065830
Nigeria,NGA,2011,"Population, ages 10-17, total",SP.POP.1017.TO.UN,31435425
Nigeria,NGA,2010,"Population, ages 10-17, total",SP.POP.1017.TO.UN,30808478
Nigeria,NGA,2009,"Population, ages 10-17, total",SP.POP.1017.TO.UN,30188041
Nigeria,NGA,2008,"Population, ages 10-17, total",SP.POP.1017.TO.UN,29573142
Nigeria,NGA,2007,"Population, ages 10-17, total",SP.POP.1017.TO.UN,28958783
Nigeria,NGA,2006,"Population, ages 10-17, total",SP.POP.1017.TO.UN,28337448
Nigeria,NGA,2005,"Population, ages 10-17, total",SP.POP.1017.TO.UN,27703737
Nigeria,NGA,2004,"Population, ages 10-17, total",SP.POP.1017.TO.UN,27056730
Nigeria,NGA,2003,"Population, ages 10-17, total",SP.POP.1017.TO.UN,26398471
Nigeria,NGA,2002,"Population, ages 10-17, total",SP.POP.1017.TO.UN,25730161
Nigeria,NGA,2001,"Population, ages 10-17, total",SP.POP.1017.TO.UN,25053923
Nigeria,NGA,2000,"Population, ages 10-17, total",SP.POP.1017.TO.UN,24371680
Nigeria,NGA,1999,"Population, ages 10-17, total",SP.POP.1017.TO.UN,23685507
Nigeria,NGA,1998,"Population, ages 10-17, total",SP.POP.1017.TO.UN,22996343
Nigeria,NGA,1997,"Population, ages 10-17, total",SP.POP.1017.TO.UN,22303943
Nigeria,NGA,1996,"Population, ages 10-17, total",SP.POP.1017.TO.UN,21607564
Nigeria,NGA,1995,"Population, ages 10-17, total",SP.POP.1017.TO.UN,20907967
Nigeria,NGA,1994,"Population, ages 10-17, total",SP.POP.1017.TO.UN,20204933
Nigeria,NGA,1993,"Population, ages 10-17, total",SP.POP.1017.TO.UN,19502852
Nigeria,NGA,1992,"Population, ages 10-17, total",SP.POP.1017.TO.UN,18812708
Nigeria,NGA,1991,"Population, ages 10-17, total",SP.POP.1017.TO.UN,18148687
Nigeria,NGA,1990,"Population, ages 10-17, total",SP.POP.1017.TO.UN,17521187
Nigeria,NGA,2015,"Population, ages 10-18, female",SP.POP.1018.FE.UN,18618835
Nigeria,NGA,2014,"Population, ages 10-18, female",SP.POP.1018.FE.UN,18280435
Nigeria,NGA,2013,"Population, ages 10-18, female",SP.POP.1018.FE.UN,17939390
Nigeria,NGA,2012,"Population, ages 10-18, female",SP.POP.1018.FE.UN,17597025
Nigeria,NGA,2011,"Population, ages 10-18, female",SP.POP.1018.FE.UN,17254445
Nigeria,NGA,2010,"Population, ages 10-18, female",SP.POP.1018.FE.UN,16912366
Nigeria,NGA,2009,"Population, ages 10-18, female",SP.POP.1018.FE.UN,16571788
Nigeria,NGA,2008,"Population, ages 10-18, female",SP.POP.1018.FE.UN,16232699
Nigeria,NGA,2007,"Population, ages 10-18, female",SP.POP.1018.FE.UN,15893431
Nigeria,NGA,2006,"Population, ages 10-18, female",SP.POP.1018.FE.UN,15551491
Nigeria,NGA,2005,"Population, ages 10-18, female",SP.POP.1018.FE.UN,15205012
Nigeria,NGA,2004,"Population, ages 10-18, female",SP.POP.1018.FE.UN,14854005
Nigeria,NGA,2003,"Population, ages 10-18, female",SP.POP.1018.FE.UN,14498962
Nigeria,NGA,2002,"Population, ages 10-18, female",SP.POP.1018.FE.UN,14139132
Nigeria,NGA,2001,"Population, ages 10-18, female",SP.POP.1018.FE.UN,13773683
Nigeria,NGA,2000,"Population, ages 10-18, female",SP.POP.1018.FE.UN,13402321
Nigeria,NGA,1999,"Population, ages 10-18, female",SP.POP.1018.FE.UN,13025515
Nigeria,NGA,1998,"Population, ages 10-18, female",SP.POP.1018.FE.UN,12644444
Nigeria,NGA,1997,"Population, ages 10-18, female",SP.POP.1018.FE.UN,12260570
Nigeria,NGA,1996,"Population, ages 10-18, female",SP.POP.1018.FE.UN,11875786
Nigeria,NGA,1995,"Population, ages 10-18, female",SP.POP.1018.FE.UN,11492112
Nigeria,NGA,1994,"Population, ages 10-18, female",SP.POP.1018.FE.UN,11109991
Nigeria,NGA,1993,"Population, ages 10-18, female",SP.POP.1018.FE.UN,10731158
Nigeria,NGA,1992,"Population, ages 10-18, female",SP.POP.1018.FE.UN,10360512
Nigeria,NGA,1991,"Population, ages 10-18, female",SP.POP.1018.FE.UN,10004146
Nigeria,NGA,1990,"Population, ages 10-18, female",SP.POP.1018.FE.UN,9666519
Nigeria,NGA,2015,"Population, ages 10-18, male",SP.POP.1018.MA.UN,19110191
Nigeria,NGA,2014,"Population, ages 10-18, male",SP.POP.1018.MA.UN,18762940
Nigeria,NGA,2013,"Population, ages 10-18, male",SP.POP.1018.MA.UN,18410809
Nigeria,NGA,2012,"Population, ages 10-18, male",SP.POP.1018.MA.UN,18055081
Nigeria,NGA,2011,"Population, ages 10-18, male",SP.POP.1018.MA.UN,17696918
Nigeria,NGA,2010,"Population, ages 10-18, male",SP.POP.1018.MA.UN,17337130
Nigeria,NGA,2009,"Population, ages 10-18, male",SP.POP.1018.MA.UN,16976753
Nigeria,NGA,2008,"Population, ages 10-18, male",SP.POP.1018.MA.UN,16615889
Nigeria,NGA,2007,"Population, ages 10-18, male",SP.POP.1018.MA.UN,16253174
Nigeria,NGA,2006,"Population, ages 10-18, male",SP.POP.1018.MA.UN,15886520
Nigeria,NGA,2005,"Population, ages 10-18, male",SP.POP.1018.MA.UN,15514442
Nigeria,NGA,2004,"Population, ages 10-18, male",SP.POP.1018.MA.UN,15137125
Nigeria,NGA,2003,"Population, ages 10-18, male",SP.POP.1018.MA.UN,14755319
Nigeria,NGA,2002,"Population, ages 10-18, male",SP.POP.1018.MA.UN,14368855
Nigeria,NGA,2001,"Population, ages 10-18, male",SP.POP.1018.MA.UN,13977594
Nigeria,NGA,2000,"Population, ages 10-18, male",SP.POP.1018.MA.UN,13581795
Nigeria,NGA,1999,"Population, ages 10-18, male",SP.POP.1018.MA.UN,13182128
Nigeria,NGA,1998,"Population, ages 10-18, male",SP.POP.1018.MA.UN,12779848
Nigeria,NGA,1997,"Population, ages 10-18, male",SP.POP.1018.MA.UN,12376655
Nigeria,NGA,1996,"Population, ages 10-18, male",SP.POP.1018.MA.UN,11974650
Nigeria,NGA,1995,"Population, ages 10-18, male",SP.POP.1018.MA.UN,11575953
Nigeria,NGA,1994,"Population, ages 10-18, male",SP.POP.1018.MA.UN,11181270
Nigeria,NGA,1993,"Population, ages 10-18, male",SP.POP.1018.MA.UN,10792224
Nigeria,NGA,1992,"Population, ages 10-18, male",SP.POP.1018.MA.UN,10412951
Nigeria,NGA,1991,"Population, ages 10-18, male",SP.POP.1018.MA.UN,10048491
Nigeria,NGA,1990,"Population, ages 10-18, male",SP.POP.1018.MA.UN,9702573
Nigeria,NGA,2015,"Population, ages 10-18, total",SP.POP.1018.TO.UN,37729026
Nigeria,NGA,2014,"Population, ages 10-18, total",SP.POP.1018.TO.UN,37043375
Nigeria,NGA,2013,"Population, ages 10-18, total",SP.POP.1018.TO.UN,36350199
Nigeria,NGA,2012,"Population, ages 10-18, total",SP.POP.1018.TO.UN,35652106
Nigeria,NGA,2011,"Population, ages 10-18, total",SP.POP.1018.TO.UN,34951363
Nigeria,NGA,2010,"Population, ages 10-18, total",SP.POP.1018.TO.UN,34249496
Nigeria,NGA,2009,"Population, ages 10-18, total",SP.POP.1018.TO.UN,33548541
Nigeria,NGA,2008,"Population, ages 10-18, total",SP.POP.1018.TO.UN,32848588
Nigeria,NGA,2007,"Population, ages 10-18, total",SP.POP.1018.TO.UN,32146605
Nigeria,NGA,2006,"Population, ages 10-18, total",SP.POP.1018.TO.UN,31438011
Nigeria,NGA,2005,"Population, ages 10-18, total",SP.POP.1018.TO.UN,30719454
Nigeria,NGA,2004,"Population, ages 10-18, total",SP.POP.1018.TO.UN,29991130
Nigeria,NGA,2003,"Population, ages 10-18, total",SP.POP.1018.TO.UN,29254281
Nigeria,NGA,2002,"Population, ages 10-18, total",SP.POP.1018.TO.UN,28507987
Nigeria,NGA,2001,"Population, ages 10-18, total",SP.POP.1018.TO.UN,27751277
Nigeria,NGA,2000,"Population, ages 10-18, total",SP.POP.1018.TO.UN,26984116
Nigeria,NGA,1999,"Population, ages 10-18, total",SP.POP.1018.TO.UN,26207643
Nigeria,NGA,1998,"Population, ages 10-18, total",SP.POP.1018.TO.UN,25424292
Nigeria,NGA,1997,"Population, ages 10-18, total",SP.POP.1018.TO.UN,24637225
Nigeria,NGA,1996,"Population, ages 10-18, total",SP.POP.1018.TO.UN,23850436
Nigeria,NGA,1995,"Population, ages 10-18, total",SP.POP.1018.TO.UN,23068065
Nigeria,NGA,1994,"Population, ages 10-18, total",SP.POP.1018.TO.UN,22291261
Nigeria,NGA,1993,"Population, ages 10-18, total",SP.POP.1018.TO.UN,21523382
Nigeria,NGA,1992,"Population, ages 10-18, total",SP.POP.1018.TO.UN,20773463
Nigeria,NGA,1991,"Population, ages 10-18, total",SP.POP.1018.TO.UN,20052637
Nigeria,NGA,1990,"Population, ages 10-18, total",SP.POP.1018.TO.UN,19369092
Nigeria,NGA,2015,"Population, ages 11-15, female",SP.POP.1115.FE.UN,10602848
Nigeria,NGA,2014,"Population, ages 11-15, female",SP.POP.1115.FE.UN,10408715
Nigeria,NGA,2013,"Population, ages 11-15, female",SP.POP.1115.FE.UN,10206824
Nigeria,NGA,2012,"Population, ages 11-15, female",SP.POP.1115.FE.UN,10001761
Nigeria,NGA,2011,"Population, ages 11-15, female",SP.POP.1115.FE.UN,9799567
Nigeria,NGA,2010,"Population, ages 11-15, female",SP.POP.1115.FE.UN,9604391
Nigeria,NGA,2009,"Population, ages 11-15, female",SP.POP.1115.FE.UN,9418570
Nigeria,NGA,2008,"Population, ages 11-15, female",SP.POP.1115.FE.UN,9240540
Nigeria,NGA,2007,"Population, ages 11-15, female",SP.POP.1115.FE.UN,9065743
Nigeria,NGA,2006,"Population, ages 11-15, female",SP.POP.1115.FE.UN,8887459
Nigeria,NGA,2005,"Population, ages 11-15, female",SP.POP.1115.FE.UN,8700940
Nigeria,NGA,2004,"Population, ages 11-15, female",SP.POP.1115.FE.UN,8504484
Nigeria,NGA,2003,"Population, ages 11-15, female",SP.POP.1115.FE.UN,8299907
Nigeria,NGA,2002,"Population, ages 11-15, female",SP.POP.1115.FE.UN,8090200
Nigeria,NGA,2001,"Population, ages 11-15, female",SP.POP.1115.FE.UN,7879901
Nigeria,NGA,2000,"Population, ages 11-15, female",SP.POP.1115.FE.UN,7672202
Nigeria,NGA,1999,"Population, ages 11-15, female",SP.POP.1115.FE.UN,7469005
Nigeria,NGA,1998,"Population, ages 11-15, female",SP.POP.1115.FE.UN,7269148
Nigeria,NGA,1997,"Population, ages 11-15, female",SP.POP.1115.FE.UN,7069211
Nigeria,NGA,1996,"Population, ages 11-15, female",SP.POP.1115.FE.UN,6864210
Nigeria,NGA,1995,"Population, ages 11-15, female",SP.POP.1115.FE.UN,6651135
Nigeria,NGA,1994,"Population, ages 11-15, female",SP.POP.1115.FE.UN,6428528
Nigeria,NGA,1993,"Population, ages 11-15, female",SP.POP.1115.FE.UN,6199264
Nigeria,NGA,1992,"Population, ages 11-15, female",SP.POP.1115.FE.UN,5969938
Nigeria,NGA,1991,"Population, ages 11-15, female",SP.POP.1115.FE.UN,5749595
Nigeria,NGA,1990,"Population, ages 11-15, female",SP.POP.1115.FE.UN,5544778
Nigeria,NGA,2015,"Population, ages 11-15, male",SP.POP.1115.MA.UN,10884866
Nigeria,NGA,2014,"Population, ages 11-15, male",SP.POP.1115.MA.UN,10687345
Nigeria,NGA,2013,"Population, ages 11-15, male",SP.POP.1115.MA.UN,10480810
Nigeria,NGA,2012,"Population, ages 11-15, male",SP.POP.1115.MA.UN,10269740
Nigeria,NGA,2011,"Population, ages 11-15, male",SP.POP.1115.MA.UN,10060119
Nigeria,NGA,2010,"Population, ages 11-15, male",SP.POP.1115.MA.UN,9856073
Nigeria,NGA,2009,"Population, ages 11-15, male",SP.POP.1115.MA.UN,9659911
Nigeria,NGA,2008,"Population, ages 11-15, male",SP.POP.1115.MA.UN,9470131
Nigeria,NGA,2007,"Population, ages 11-15, male",SP.POP.1115.MA.UN,9282389
Nigeria,NGA,2006,"Population, ages 11-15, male",SP.POP.1115.MA.UN,9090264
Nigeria,NGA,2005,"Population, ages 11-15, male",SP.POP.1115.MA.UN,8889279
Nigeria,NGA,2004,"Population, ages 11-15, male",SP.POP.1115.MA.UN,8677862
Nigeria,NGA,2003,"Population, ages 11-15, male",SP.POP.1115.MA.UN,8457955
Nigeria,NGA,2002,"Population, ages 11-15, male",SP.POP.1115.MA.UN,8232827
Nigeria,NGA,2001,"Population, ages 11-15, male",SP.POP.1115.MA.UN,8007325
Nigeria,NGA,2000,"Population, ages 11-15, male",SP.POP.1115.MA.UN,7784914
Nigeria,NGA,1999,"Population, ages 11-15, male",SP.POP.1115.MA.UN,7567591
Nigeria,NGA,1998,"Population, ages 11-15, male",SP.POP.1115.MA.UN,7354307
Nigeria,NGA,1997,"Population, ages 11-15, male",SP.POP.1115.MA.UN,7141921
Nigeria,NGA,1996,"Population, ages 11-15, male",SP.POP.1115.MA.UN,6925766
Nigeria,NGA,1995,"Population, ages 11-15, male",SP.POP.1115.MA.UN,6703031
Nigeria,NGA,1994,"Population, ages 11-15, male",SP.POP.1115.MA.UN,6472419
Nigeria,NGA,1993,"Population, ages 11-15, male",SP.POP.1115.MA.UN,6236718
Nigeria,NGA,1992,"Population, ages 11-15, male",SP.POP.1115.MA.UN,6002152
Nigeria,NGA,1991,"Population, ages 11-15, male",SP.POP.1115.MA.UN,5777240
Nigeria,NGA,1990,"Population, ages 11-15, male",SP.POP.1115.MA.UN,5568133
Nigeria,NGA,2015,"Population, ages 11-15, total",SP.POP.1115.TO.UN,21487714
Nigeria,NGA,2014,"Population, ages 11-15, total",SP.POP.1115.TO.UN,21096060
Nigeria,NGA,2013,"Population, ages 11-15, total",SP.POP.1115.TO.UN,20687634
Nigeria,NGA,2012,"Population, ages 11-15, total",SP.POP.1115.TO.UN,20271501
Nigeria,NGA,2011,"Population, ages 11-15, total",SP.POP.1115.TO.UN,19859686
Nigeria,NGA,2010,"Population, ages 11-15, total",SP.POP.1115.TO.UN,19460464
Nigeria,NGA,2009,"Population, ages 11-15, total",SP.POP.1115.TO.UN,19078481
Nigeria,NGA,2008,"Population, ages 11-15, total",SP.POP.1115.TO.UN,18710671
Nigeria,NGA,2007,"Population, ages 11-15, total",SP.POP.1115.TO.UN,18348132
Nigeria,NGA,2006,"Population, ages 11-15, total",SP.POP.1115.TO.UN,17977723
Nigeria,NGA,2005,"Population, ages 11-15, total",SP.POP.1115.TO.UN,17590219
Nigeria,NGA,2004,"Population, ages 11-15, total",SP.POP.1115.TO.UN,17182346
Nigeria,NGA,2003,"Population, ages 11-15, total",SP.POP.1115.TO.UN,16757862
Nigeria,NGA,2002,"Population, ages 11-15, total",SP.POP.1115.TO.UN,16323027
Nigeria,NGA,2001,"Population, ages 11-15, total",SP.POP.1115.TO.UN,15887226
Nigeria,NGA,2000,"Population, ages 11-15, total",SP.POP.1115.TO.UN,15457116
Nigeria,NGA,1999,"Population, ages 11-15, total",SP.POP.1115.TO.UN,15036596
Nigeria,NGA,1998,"Population, ages 11-15, total",SP.POP.1115.TO.UN,14623455
Nigeria,NGA,1997,"Population, ages 11-15, total",SP.POP.1115.TO.UN,14211132
Nigeria,NGA,1996,"Population, ages 11-15, total",SP.POP.1115.TO.UN,13789976
Nigeria,NGA,1995,"Population, ages 11-15, total",SP.POP.1115.TO.UN,13354166
Nigeria,NGA,1994,"Population, ages 11-15, total",SP.POP.1115.TO.UN,12900947
Nigeria,NGA,1993,"Population, ages 11-15, total",SP.POP.1115.TO.UN,12435982
Nigeria,NGA,1992,"Population, ages 11-15, total",SP.POP.1115.TO.UN,11972090
Nigeria,NGA,1991,"Population, ages 11-15, total",SP.POP.1115.TO.UN,11526835
Nigeria,NGA,1990,"Population, ages 11-15, total",SP.POP.1115.TO.UN,11112911
Nigeria,NGA,2015,"Population, ages 11-16, female",SP.POP.1116.FE.UN,12571375
Nigeria,NGA,2014,"Population, ages 11-16, female",SP.POP.1116.FE.UN,12340598
Nigeria,NGA,2013,"Population, ages 11-16, female",SP.POP.1116.FE.UN,12104292
Nigeria,NGA,2012,"Population, ages 11-16, female",SP.POP.1116.FE.UN,11865853
Nigeria,NGA,2011,"Population, ages 11-16, female",SP.POP.1116.FE.UN,11629530
Nigeria,NGA,2010,"Population, ages 11-16, female",SP.POP.1116.FE.UN,11398217
Nigeria,NGA,2009,"Population, ages 11-16, female",SP.POP.1116.FE.UN,11173757
Nigeria,NGA,2008,"Population, ages 11-16, female",SP.POP.1116.FE.UN,10955101
Nigeria,NGA,2007,"Population, ages 11-16, female",SP.POP.1116.FE.UN,10738626
Nigeria,NGA,2006,"Population, ages 11-16, female",SP.POP.1116.FE.UN,10519010
Nigeria,NGA,2005,"Population, ages 11-16, female",SP.POP.1116.FE.UN,10292447
Nigeria,NGA,2004,"Population, ages 11-16, female",SP.POP.1116.FE.UN,10057777
Nigeria,NGA,2003,"Population, ages 11-16, female",SP.POP.1116.FE.UN,9816347
Nigeria,NGA,2002,"Population, ages 11-16, female",SP.POP.1116.FE.UN,9569899
Nigeria,NGA,2001,"Population, ages 11-16, female",SP.POP.1116.FE.UN,9321187
Nigeria,NGA,2000,"Population, ages 11-16, female",SP.POP.1116.FE.UN,9072243
Nigeria,NGA,1999,"Population, ages 11-16, female",SP.POP.1116.FE.UN,8824485
Nigeria,NGA,1998,"Population, ages 11-16, female",SP.POP.1116.FE.UN,8577506
Nigeria,NGA,1997,"Population, ages 11-16, female",SP.POP.1116.FE.UN,8329475
Nigeria,NGA,1996,"Population, ages 11-16, female",SP.POP.1116.FE.UN,8077647
Nigeria,NGA,1995,"Population, ages 11-16, female",SP.POP.1116.FE.UN,7820655
Nigeria,NGA,1994,"Population, ages 11-16, female",SP.POP.1116.FE.UN,7557613
Nigeria,NGA,1993,"Population, ages 11-16, female",SP.POP.1116.FE.UN,7291013
Nigeria,NGA,1992,"Population, ages 11-16, female",SP.POP.1116.FE.UN,7026965
Nigeria,NGA,1991,"Population, ages 11-16, female",SP.POP.1116.FE.UN,6773653
Nigeria,NGA,1990,"Population, ages 11-16, female",SP.POP.1116.FE.UN,6536986
Nigeria,NGA,2015,"Population, ages 11-16, male",SP.POP.1116.MA.UN,12906691
Nigeria,NGA,2014,"Population, ages 11-16, male",SP.POP.1116.MA.UN,12671055
Nigeria,NGA,2013,"Population, ages 11-16, male",SP.POP.1116.MA.UN,12428311
Nigeria,NGA,2012,"Population, ages 11-16, male",SP.POP.1116.MA.UN,12181782
Nigeria,NGA,2011,"Population, ages 11-16, male",SP.POP.1116.MA.UN,11935721
Nigeria,NGA,2010,"Population, ages 11-16, male",SP.POP.1116.MA.UN,11693049
Nigeria,NGA,2009,"Population, ages 11-16, male",SP.POP.1116.MA.UN,11455608
Nigeria,NGA,2008,"Population, ages 11-16, male",SP.POP.1116.MA.UN,11222422
Nigeria,NGA,2007,"Population, ages 11-16, male",SP.POP.1116.MA.UN,10990112
Nigeria,NGA,2006,"Population, ages 11-16, male",SP.POP.1116.MA.UN,10753680
Nigeria,NGA,2005,"Population, ages 11-16, male",SP.POP.1116.MA.UN,10509628
Nigeria,NGA,2004,"Population, ages 11-16, male",SP.POP.1116.MA.UN,10256934
Nigeria,NGA,2003,"Population, ages 11-16, male",SP.POP.1116.MA.UN,9997115
Nigeria,NGA,2002,"Population, ages 11-16, male",SP.POP.1116.MA.UN,9732281
Nigeria,NGA,2001,"Population, ages 11-16, male",SP.POP.1116.MA.UN,9465612
Nigeria,NGA,2000,"Population, ages 11-16, male",SP.POP.1116.MA.UN,9199491
Nigeria,NGA,1999,"Population, ages 11-16, male",SP.POP.1116.MA.UN,8935462
Nigeria,NGA,1998,"Population, ages 11-16, male",SP.POP.1116.MA.UN,8673213
Nigeria,NGA,1997,"Population, ages 11-16, male",SP.POP.1116.MA.UN,8411179
Nigeria,NGA,1996,"Population, ages 11-16, male",SP.POP.1116.MA.UN,8146897
Nigeria,NGA,1995,"Population, ages 11-16, male",SP.POP.1116.MA.UN,7879162
Nigeria,NGA,1994,"Population, ages 11-16, male",SP.POP.1116.MA.UN,7607284
Nigeria,NGA,1993,"Population, ages 11-16, male",SP.POP.1116.MA.UN,7333653
Nigeria,NGA,1992,"Population, ages 11-16, male",SP.POP.1116.MA.UN,7063857
Nigeria,NGA,1991,"Population, ages 11-16, male",SP.POP.1116.MA.UN,6805351
Nigeria,NGA,1990,"Population, ages 11-16, male",SP.POP.1116.MA.UN,6563523
Nigeria,NGA,2015,"Population, ages 11-16, total",SP.POP.1116.TO.UN,25478066
Nigeria,NGA,2014,"Population, ages 11-16, total",SP.POP.1116.TO.UN,25011653
Nigeria,NGA,2013,"Population, ages 11-16, total",SP.POP.1116.TO.UN,24532603
Nigeria,NGA,2012,"Population, ages 11-16, total",SP.POP.1116.TO.UN,24047635
Nigeria,NGA,2011,"Population, ages 11-16, total",SP.POP.1116.TO.UN,23565251
Nigeria,NGA,2010,"Population, ages 11-16, total",SP.POP.1116.TO.UN,23091266
Nigeria,NGA,2009,"Population, ages 11-16, total",SP.POP.1116.TO.UN,22629365
Nigeria,NGA,2008,"Population, ages 11-16, total",SP.POP.1116.TO.UN,22177523
Nigeria,NGA,2007,"Population, ages 11-16, total",SP.POP.1116.TO.UN,21728738
Nigeria,NGA,2006,"Population, ages 11-16, total",SP.POP.1116.TO.UN,21272690
Nigeria,NGA,2005,"Population, ages 11-16, total",SP.POP.1116.TO.UN,20802075
Nigeria,NGA,2004,"Population, ages 11-16, total",SP.POP.1116.TO.UN,20314711
Nigeria,NGA,2003,"Population, ages 11-16, total",SP.POP.1116.TO.UN,19813462
Nigeria,NGA,2002,"Population, ages 11-16, total",SP.POP.1116.TO.UN,19302180
Nigeria,NGA,2001,"Population, ages 11-16, total",SP.POP.1116.TO.UN,18786799
Nigeria,NGA,2000,"Population, ages 11-16, total",SP.POP.1116.TO.UN,18271734
Nigeria,NGA,1999,"Population, ages 11-16, total",SP.POP.1116.TO.UN,17759947
Nigeria,NGA,1998,"Population, ages 11-16, total",SP.POP.1116.TO.UN,17250719
Nigeria,NGA,1997,"Population, ages 11-16, total",SP.POP.1116.TO.UN,16740654
Nigeria,NGA,1996,"Population, ages 11-16, total",SP.POP.1116.TO.UN,16224544
Nigeria,NGA,1995,"Population, ages 11-16, total",SP.POP.1116.TO.UN,15699817
Nigeria,NGA,1994,"Population, ages 11-16, total",SP.POP.1116.TO.UN,15164897
Nigeria,NGA,1993,"Population, ages 11-16, total",SP.POP.1116.TO.UN,14624666
Nigeria,NGA,1992,"Population, ages 11-16, total",SP.POP.1116.TO.UN,14090822
Nigeria,NGA,1991,"Population, ages 11-16, total",SP.POP.1116.TO.UN,13579004
Nigeria,NGA,1990,"Population, ages 11-16, total",SP.POP.1116.TO.UN,13100509
Nigeria,NGA,2015,"Population, ages 11-17, female",SP.POP.1117.FE.UN,14490887
Nigeria,NGA,2014,"Population, ages 11-17, female",SP.POP.1117.FE.UN,14224161
Nigeria,NGA,2013,"Population, ages 11-17, female",SP.POP.1117.FE.UN,13954818
Nigeria,NGA,2012,"Population, ages 11-17, female",SP.POP.1117.FE.UN,13684642
Nigeria,NGA,2011,"Population, ages 11-17, female",SP.POP.1117.FE.UN,13415509
Nigeria,NGA,2010,"Population, ages 11-17, female",SP.POP.1117.FE.UN,13148650
Nigeria,NGA,2009,"Population, ages 11-17, female",SP.POP.1117.FE.UN,12885230
Nigeria,NGA,2008,"Population, ages 11-17, female",SP.POP.1117.FE.UN,12624867
Nigeria,NGA,2007,"Population, ages 11-17, female",SP.POP.1117.FE.UN,12365249
Nigeria,NGA,2006,"Population, ages 11-17, female",SP.POP.1117.FE.UN,12102996
Nigeria,NGA,2005,"Population, ages 11-17, female",SP.POP.1117.FE.UN,11835633
Nigeria,NGA,2004,"Population, ages 11-17, female",SP.POP.1117.FE.UN,11562710
Nigeria,NGA,2003,"Population, ages 11-17, female",SP.POP.1117.FE.UN,11284963
Nigeria,NGA,2002,"Population, ages 11-17, female",SP.POP.1117.FE.UN,11002575
Nigeria,NGA,2001,"Population, ages 11-17, female",SP.POP.1117.FE.UN,10716060
Nigeria,NGA,2000,"Population, ages 11-17, female",SP.POP.1117.FE.UN,10425980
Nigeria,NGA,1999,"Population, ages 11-17, female",SP.POP.1117.FE.UN,10133112
Nigeria,NGA,1998,"Population, ages 11-17, female",SP.POP.1117.FE.UN,9837987
Nigeria,NGA,1997,"Population, ages 11-17, female",SP.POP.1117.FE.UN,9540816
Nigeria,NGA,1996,"Population, ages 11-17, female",SP.POP.1117.FE.UN,9241735
Nigeria,NGA,1995,"Population, ages 11-17, female",SP.POP.1117.FE.UN,8941451
Nigeria,NGA,1994,"Population, ages 11-17, female",SP.POP.1117.FE.UN,8639837
Nigeria,NGA,1993,"Population, ages 11-17, female",SP.POP.1117.FE.UN,8338787
Nigeria,NGA,1992,"Population, ages 11-17, female",SP.POP.1117.FE.UN,8043466
Nigeria,NGA,1991,"Population, ages 11-17, female",SP.POP.1117.FE.UN,7760523
Nigeria,NGA,1990,"Population, ages 11-17, female",SP.POP.1117.FE.UN,7494753
Nigeria,NGA,2015,"Population, ages 11-17, male",SP.POP.1117.MA.UN,14877303
Nigeria,NGA,2014,"Population, ages 11-17, male",SP.POP.1117.MA.UN,14603982
Nigeria,NGA,2013,"Population, ages 11-17, male",SP.POP.1117.MA.UN,14326145
Nigeria,NGA,2012,"Population, ages 11-17, male",SP.POP.1117.MA.UN,14045554
Nigeria,NGA,2011,"Population, ages 11-17, male",SP.POP.1117.MA.UN,13764164
Nigeria,NGA,2010,"Population, ages 11-17, male",SP.POP.1117.MA.UN,13483298
Nigeria,NGA,2009,"Population, ages 11-17, male",SP.POP.1117.MA.UN,13204150
Nigeria,NGA,2008,"Population, ages 11-17, male",SP.POP.1117.MA.UN,12926428
Nigeria,NGA,2007,"Population, ages 11-17, male",SP.POP.1117.MA.UN,12648086
Nigeria,NGA,2006,"Population, ages 11-17, male",SP.POP.1117.MA.UN,12366083
Nigeria,NGA,2005,"Population, ages 11-17, male",SP.POP.1117.MA.UN,12078276
Nigeria,NGA,2004,"Population, ages 11-17, male",SP.POP.1117.MA.UN,11784363
Nigeria,NGA,2003,"Population, ages 11-17, male",SP.POP.1117.MA.UN,11485289
Nigeria,NGA,2002,"Population, ages 11-17, male",SP.POP.1117.MA.UN,11181703
Nigeria,NGA,2001,"Population, ages 11-17, male",SP.POP.1117.MA.UN,10874660
Nigeria,NGA,2000,"Population, ages 11-17, male",SP.POP.1117.MA.UN,10565164
Nigeria,NGA,1999,"Population, ages 11-17, male",SP.POP.1117.MA.UN,10254141
Nigeria,NGA,1998,"Population, ages 11-17, male",SP.POP.1117.MA.UN,9942195
Nigeria,NGA,1997,"Population, ages 11-17, male",SP.POP.1117.MA.UN,9629762
Nigeria,NGA,1996,"Population, ages 11-17, male",SP.POP.1117.MA.UN,9317193
Nigeria,NGA,1995,"Population, ages 11-17, male",SP.POP.1117.MA.UN,9005298
Nigeria,NGA,1994,"Population, ages 11-17, male",SP.POP.1117.MA.UN,8694179
Nigeria,NGA,1993,"Population, ages 11-17, male",SP.POP.1117.MA.UN,8385612
Nigeria,NGA,1992,"Population, ages 11-17, male",SP.POP.1117.MA.UN,8084092
Nigeria,NGA,1991,"Population, ages 11-17, male",SP.POP.1117.MA.UN,7795345
Nigeria,NGA,1990,"Population, ages 11-17, male",SP.POP.1117.MA.UN,7523523
Nigeria,NGA,2015,"Population, ages 11-17, total",SP.POP.1117.TO.UN,29368190
Nigeria,NGA,2014,"Population, ages 11-17, total",SP.POP.1117.TO.UN,28828143
Nigeria,NGA,2013,"Population, ages 11-17, total",SP.POP.1117.TO.UN,28280963
Nigeria,NGA,2012,"Population, ages 11-17, total",SP.POP.1117.TO.UN,27730196
Nigeria,NGA,2011,"Population, ages 11-17, total",SP.POP.1117.TO.UN,27179673
Nigeria,NGA,2010,"Population, ages 11-17, total",SP.POP.1117.TO.UN,26631948
Nigeria,NGA,2009,"Population, ages 11-17, total",SP.POP.1117.TO.UN,26089380
Nigeria,NGA,2008,"Population, ages 11-17, total",SP.POP.1117.TO.UN,25551295
Nigeria,NGA,2007,"Population, ages 11-17, total",SP.POP.1117.TO.UN,25013335
Nigeria,NGA,2006,"Population, ages 11-17, total",SP.POP.1117.TO.UN,24469079
Nigeria,NGA,2005,"Population, ages 11-17, total",SP.POP.1117.TO.UN,23913909
Nigeria,NGA,2004,"Population, ages 11-17, total",SP.POP.1117.TO.UN,23347073
Nigeria,NGA,2003,"Population, ages 11-17, total",SP.POP.1117.TO.UN,22770252
Nigeria,NGA,2002,"Population, ages 11-17, total",SP.POP.1117.TO.UN,22184278
Nigeria,NGA,2001,"Population, ages 11-17, total",SP.POP.1117.TO.UN,21590720
Nigeria,NGA,2000,"Population, ages 11-17, total",SP.POP.1117.TO.UN,20991144
Nigeria,NGA,1999,"Population, ages 11-17, total",SP.POP.1117.TO.UN,20387253
Nigeria,NGA,1998,"Population, ages 11-17, total",SP.POP.1117.TO.UN,19780182
Nigeria,NGA,1997,"Population, ages 11-17, total",SP.POP.1117.TO.UN,19170578
Nigeria,NGA,1996,"Population, ages 11-17, total",SP.POP.1117.TO.UN,18558928
Nigeria,NGA,1995,"Population, ages 11-17, total",SP.POP.1117.TO.UN,17946749
Nigeria,NGA,1994,"Population, ages 11-17, total",SP.POP.1117.TO.UN,17334016
Nigeria,NGA,1993,"Population, ages 11-17, total",SP.POP.1117.TO.UN,16724399
Nigeria,NGA,1992,"Population, ages 11-17, total",SP.POP.1117.TO.UN,16127558
Nigeria,NGA,1991,"Population, ages 11-17, total",SP.POP.1117.TO.UN,15555868
Nigeria,NGA,1990,"Population, ages 11-17, total",SP.POP.1117.TO.UN,15018276
Nigeria,NGA,2015,"Population, ages 11-18, female",SP.POP.1118.FE.UN,16366721
Nigeria,NGA,2014,"Population, ages 11-18, female",SP.POP.1118.FE.UN,16063791
Nigeria,NGA,2013,"Population, ages 11-18, female",SP.POP.1118.FE.UN,15760527
Nigeria,NGA,2012,"Population, ages 11-18, female",SP.POP.1118.FE.UN,15457412
Nigeria,NGA,2011,"Population, ages 11-18, female",SP.POP.1118.FE.UN,15154425
Nigeria,NGA,2010,"Population, ages 11-18, female",SP.POP.1118.FE.UN,14851461
Nigeria,NGA,2009,"Population, ages 11-18, female",SP.POP.1118.FE.UN,14549159
Nigeria,NGA,2008,"Population, ages 11-18, female",SP.POP.1118.FE.UN,14247661
Nigeria,NGA,2007,"Population, ages 11-18, female",SP.POP.1118.FE.UN,13945629
Nigeria,NGA,2006,"Population, ages 11-18, female",SP.POP.1118.FE.UN,13641140
Nigeria,NGA,2005,"Population, ages 11-18, female",SP.POP.1118.FE.UN,13332736
Nigeria,NGA,2004,"Population, ages 11-18, female",SP.POP.1118.FE.UN,13020520
Nigeria,NGA,2003,"Population, ages 11-18, female",SP.POP.1118.FE.UN,12704810
Nigeria,NGA,2002,"Population, ages 11-18, female",SP.POP.1118.FE.UN,12384690
Nigeria,NGA,2001,"Population, ages 11-18, female",SP.POP.1118.FE.UN,12059074
Nigeria,NGA,2000,"Population, ages 11-18, female",SP.POP.1118.FE.UN,11727514
Nigeria,NGA,1999,"Population, ages 11-18, female",SP.POP.1118.FE.UN,11390303
Nigeria,NGA,1998,"Population, ages 11-18, female",SP.POP.1118.FE.UN,11048734
Nigeria,NGA,1997,"Population, ages 11-18, female",SP.POP.1118.FE.UN,10704752
Nigeria,NGA,1996,"Population, ages 11-18, female",SP.POP.1118.FE.UN,10360907
Nigeria,NGA,1995,"Population, ages 11-18, female",SP.POP.1118.FE.UN,10019632
Nigeria,NGA,1994,"Population, ages 11-18, female",SP.POP.1118.FE.UN,9681477
Nigeria,NGA,1993,"Population, ages 11-18, female",SP.POP.1118.FE.UN,9347818
Nigeria,NGA,1992,"Population, ages 11-18, female",SP.POP.1118.FE.UN,9022897
Nigeria,NGA,1991,"Population, ages 11-18, female",SP.POP.1118.FE.UN,8711901
Nigeria,NGA,1990,"Population, ages 11-18, female",SP.POP.1118.FE.UN,8418558
Nigeria,NGA,2015,"Population, ages 11-18, male",SP.POP.1118.MA.UN,16800550
Nigeria,NGA,2014,"Population, ages 11-18, male",SP.POP.1118.MA.UN,16489074
Nigeria,NGA,2013,"Population, ages 11-18, male",SP.POP.1118.MA.UN,16175070
Nigeria,NGA,2012,"Population, ages 11-18, male",SP.POP.1118.MA.UN,15859060
Nigeria,NGA,2011,"Population, ages 11-18, male",SP.POP.1118.MA.UN,15541186
Nigeria,NGA,2010,"Population, ages 11-18, male",SP.POP.1118.MA.UN,15221505
Nigeria,NGA,2009,"Population, ages 11-18, male",SP.POP.1118.MA.UN,14900721
Nigeria,NGA,2008,"Population, ages 11-18, male",SP.POP.1118.MA.UN,14579080
Nigeria,NGA,2007,"Population, ages 11-18, male",SP.POP.1118.MA.UN,14255528
Nigeria,NGA,2006,"Population, ages 11-18, male",SP.POP.1118.MA.UN,13928502
Nigeria,NGA,2005,"Population, ages 11-18, male",SP.POP.1118.MA.UN,13596890
Nigeria,NGA,2004,"Population, ages 11-18, male",SP.POP.1118.MA.UN,13260953
Nigeria,NGA,2003,"Population, ages 11-18, male",SP.POP.1118.MA.UN,12921252
Nigeria,NGA,2002,"Population, ages 11-18, male",SP.POP.1118.MA.UN,12577414
Nigeria,NGA,2001,"Population, ages 11-18, male",SP.POP.1118.MA.UN,12229000
Nigeria,NGA,2000,"Population, ages 11-18, male",SP.POP.1118.MA.UN,11876066
Nigeria,NGA,1999,"Population, ages 11-18, male",SP.POP.1118.MA.UN,11519086
Nigeria,NGA,1998,"Population, ages 11-18, male",SP.POP.1118.MA.UN,11159397
Nigeria,NGA,1997,"Population, ages 11-18, male",SP.POP.1118.MA.UN,10799108
Nigeria,NGA,1996,"Population, ages 11-18, male",SP.POP.1118.MA.UN,10440893
Nigeria,NGA,1995,"Population, ages 11-18, male",SP.POP.1118.MA.UN,10087215
Nigeria,NGA,1994,"Population, ages 11-18, male",SP.POP.1118.MA.UN,9738867
Nigeria,NGA,1993,"Population, ages 11-18, male",SP.POP.1118.MA.UN,9397111
Nigeria,NGA,1992,"Population, ages 11-18, male",SP.POP.1118.MA.UN,9065416
Nigeria,NGA,1991,"Population, ages 11-18, male",SP.POP.1118.MA.UN,8747917
Nigeria,NGA,1990,"Population, ages 11-18, male",SP.POP.1118.MA.UN,8447623
Nigeria,NGA,2015,"Population, ages 11-18, total",SP.POP.1118.TO.UN,33167271
Nigeria,NGA,2014,"Population, ages 11-18, total",SP.POP.1118.TO.UN,32552865
Nigeria,NGA,2013,"Population, ages 11-18, total",SP.POP.1118.TO.UN,31935597
Nigeria,NGA,2012,"Population, ages 11-18, total",SP.POP.1118.TO.UN,31316472
Nigeria,NGA,2011,"Population, ages 11-18, total",SP.POP.1118.TO.UN,30695611
Nigeria,NGA,2010,"Population, ages 11-18, total",SP.POP.1118.TO.UN,30072966
Nigeria,NGA,2009,"Population, ages 11-18, total",SP.POP.1118.TO.UN,29449880
Nigeria,NGA,2008,"Population, ages 11-18, total",SP.POP.1118.TO.UN,28826741
Nigeria,NGA,2007,"Population, ages 11-18, total",SP.POP.1118.TO.UN,28201157
Nigeria,NGA,2006,"Population, ages 11-18, total",SP.POP.1118.TO.UN,27569642
Nigeria,NGA,2005,"Population, ages 11-18, total",SP.POP.1118.TO.UN,26929626
Nigeria,NGA,2004,"Population, ages 11-18, total",SP.POP.1118.TO.UN,26281473
Nigeria,NGA,2003,"Population, ages 11-18, total",SP.POP.1118.TO.UN,25626062
Nigeria,NGA,2002,"Population, ages 11-18, total",SP.POP.1118.TO.UN,24962104
Nigeria,NGA,2001,"Population, ages 11-18, total",SP.POP.1118.TO.UN,24288074
Nigeria,NGA,2000,"Population, ages 11-18, total",SP.POP.1118.TO.UN,23603580
Nigeria,NGA,1999,"Population, ages 11-18, total",SP.POP.1118.TO.UN,22909389
Nigeria,NGA,1998,"Population, ages 11-18, total",SP.POP.1118.TO.UN,22208131
Nigeria,NGA,1997,"Population, ages 11-18, total",SP.POP.1118.TO.UN,21503860
Nigeria,NGA,1996,"Population, ages 11-18, total",SP.POP.1118.TO.UN,20801800
Nigeria,NGA,1995,"Population, ages 11-18, total",SP.POP.1118.TO.UN,20106847
Nigeria,NGA,1994,"Population, ages 11-18, total",SP.POP.1118.TO.UN,19420344
Nigeria,NGA,1993,"Population, ages 11-18, total",SP.POP.1118.TO.UN,18744929
Nigeria,NGA,1992,"Population, ages 11-18, total",SP.POP.1118.TO.UN,18088313
Nigeria,NGA,1991,"Population, ages 11-18, total",SP.POP.1118.TO.UN,17459818
Nigeria,NGA,1990,"Population, ages 11-18, total",SP.POP.1118.TO.UN,16866181
Nigeria,NGA,2015,"Population, ages 12-15, female",SP.POP.1215.FE.UN,8388847
Nigeria,NGA,2014,"Population, ages 12-15, female",SP.POP.1215.FE.UN,8232812
Nigeria,NGA,2013,"Population, ages 12-15, female",SP.POP.1215.FE.UN,8071935
Nigeria,NGA,2012,"Population, ages 12-15, female",SP.POP.1215.FE.UN,7909316
Nigeria,NGA,2011,"Population, ages 12-15, female",SP.POP.1215.FE.UN,7748972
Nigeria,NGA,2010,"Population, ages 12-15, female",SP.POP.1215.FE.UN,7593632
Nigeria,NGA,2009,"Population, ages 12-15, female",SP.POP.1215.FE.UN,7444934
Nigeria,NGA,2008,"Population, ages 12-15, female",SP.POP.1215.FE.UN,7301802
Nigeria,NGA,2007,"Population, ages 12-15, female",SP.POP.1215.FE.UN,7160886
Nigeria,NGA,2006,"Population, ages 12-15, female",SP.POP.1215.FE.UN,7017286
Nigeria,NGA,2005,"Population, ages 12-15, female",SP.POP.1215.FE.UN,6867533
Nigeria,NGA,2004,"Population, ages 12-15, female",SP.POP.1215.FE.UN,6710418
Nigeria,NGA,2003,"Population, ages 12-15, female",SP.POP.1215.FE.UN,6547234
Nigeria,NGA,2002,"Population, ages 12-15, female",SP.POP.1215.FE.UN,6380012
Nigeria,NGA,2001,"Population, ages 12-15, female",SP.POP.1215.FE.UN,6211870
Nigeria,NGA,2000,"Population, ages 12-15, female",SP.POP.1215.FE.UN,6045035
Nigeria,NGA,1999,"Population, ages 12-15, female",SP.POP.1215.FE.UN,5880860
Nigeria,NGA,1998,"Population, ages 12-15, female",SP.POP.1215.FE.UN,5718654
Nigeria,NGA,1997,"Population, ages 12-15, female",SP.POP.1215.FE.UN,5556257
Nigeria,NGA,1996,"Population, ages 12-15, female",SP.POP.1215.FE.UN,5390489
Nigeria,NGA,1995,"Population, ages 12-15, female",SP.POP.1215.FE.UN,5219514
Nigeria,NGA,1994,"Population, ages 12-15, female",SP.POP.1215.FE.UN,5042349
Nigeria,NGA,1993,"Population, ages 12-15, female",SP.POP.1215.FE.UN,4861098
Nigeria,NGA,1992,"Population, ages 12-15, female",SP.POP.1215.FE.UN,4680768
Nigeria,NGA,1991,"Population, ages 12-15, female",SP.POP.1215.FE.UN,4508158
Nigeria,NGA,1990,"Population, ages 12-15, female",SP.POP.1215.FE.UN,4348162
Nigeria,NGA,2015,"Population, ages 12-15, male",SP.POP.1215.MA.UN,8613214
Nigeria,NGA,2014,"Population, ages 12-15, male",SP.POP.1215.MA.UN,8454097
Nigeria,NGA,2013,"Population, ages 12-15, male",SP.POP.1215.MA.UN,8289028
Nigeria,NGA,2012,"Population, ages 12-15, male",SP.POP.1215.MA.UN,8121067
Nigeria,NGA,2011,"Population, ages 12-15, male",SP.POP.1215.MA.UN,7954234
Nigeria,NGA,2010,"Population, ages 12-15, male",SP.POP.1215.MA.UN,7791285
Nigeria,NGA,2009,"Population, ages 12-15, male",SP.POP.1215.MA.UN,7633857
Nigeria,NGA,2008,"Population, ages 12-15, male",SP.POP.1215.MA.UN,7480917
Nigeria,NGA,2007,"Population, ages 12-15, male",SP.POP.1215.MA.UN,7329296
Nigeria,NGA,2006,"Population, ages 12-15, male",SP.POP.1215.MA.UN,7174330
Nigeria,NGA,2005,"Population, ages 12-15, male",SP.POP.1215.MA.UN,7012768
Nigeria,NGA,2004,"Population, ages 12-15, male",SP.POP.1215.MA.UN,6843508
Nigeria,NGA,2003,"Population, ages 12-15, male",SP.POP.1215.MA.UN,6667948
Nigeria,NGA,2002,"Population, ages 12-15, male",SP.POP.1215.MA.UN,6488359
Nigeria,NGA,2001,"Population, ages 12-15, male",SP.POP.1215.MA.UN,6308127
Nigeria,NGA,2000,"Population, ages 12-15, male",SP.POP.1215.MA.UN,6129707
Nigeria,NGA,1999,"Population, ages 12-15, male",SP.POP.1215.MA.UN,5954529
Nigeria,NGA,1998,"Population, ages 12-15, male",SP.POP.1215.MA.UN,5781977
Nigeria,NGA,1997,"Population, ages 12-15, male",SP.POP.1215.MA.UN,5610089
Nigeria,NGA,1996,"Population, ages 12-15, male",SP.POP.1215.MA.UN,5435900
Nigeria,NGA,1995,"Population, ages 12-15, male",SP.POP.1215.MA.UN,5257701
Nigeria,NGA,1994,"Population, ages 12-15, male",SP.POP.1215.MA.UN,5074641
Nigeria,NGA,1993,"Population, ages 12-15, male",SP.POP.1215.MA.UN,4888749
Nigeria,NGA,1992,"Population, ages 12-15, male",SP.POP.1215.MA.UN,4704680
Nigeria,NGA,1991,"Population, ages 12-15, male",SP.POP.1215.MA.UN,4528751
Nigeria,NGA,1990,"Population, ages 12-15, male",SP.POP.1215.MA.UN,4365497
Nigeria,NGA,2015,"Population, ages 12-15, total",SP.POP.1215.TO.UN,17002061
Nigeria,NGA,2014,"Population, ages 12-15, total",SP.POP.1215.TO.UN,16686909
Nigeria,NGA,2013,"Population, ages 12-15, total",SP.POP.1215.TO.UN,16360963
Nigeria,NGA,2012,"Population, ages 12-15, total",SP.POP.1215.TO.UN,16030383
Nigeria,NGA,2011,"Population, ages 12-15, total",SP.POP.1215.TO.UN,15703206
Nigeria,NGA,2010,"Population, ages 12-15, total",SP.POP.1215.TO.UN,15384917
Nigeria,NGA,2009,"Population, ages 12-15, total",SP.POP.1215.TO.UN,15078791
Nigeria,NGA,2008,"Population, ages 12-15, total",SP.POP.1215.TO.UN,14782719
Nigeria,NGA,2007,"Population, ages 12-15, total",SP.POP.1215.TO.UN,14490182
Nigeria,NGA,2006,"Population, ages 12-15, total",SP.POP.1215.TO.UN,14191616
Nigeria,NGA,2005,"Population, ages 12-15, total",SP.POP.1215.TO.UN,13880301
Nigeria,NGA,2004,"Population, ages 12-15, total",SP.POP.1215.TO.UN,13553926
Nigeria,NGA,2003,"Population, ages 12-15, total",SP.POP.1215.TO.UN,13215182
Nigeria,NGA,2002,"Population, ages 12-15, total",SP.POP.1215.TO.UN,12868371
Nigeria,NGA,2001,"Population, ages 12-15, total",SP.POP.1215.TO.UN,12519997
Nigeria,NGA,2000,"Population, ages 12-15, total",SP.POP.1215.TO.UN,12174742
Nigeria,NGA,1999,"Population, ages 12-15, total",SP.POP.1215.TO.UN,11835389
Nigeria,NGA,1998,"Population, ages 12-15, total",SP.POP.1215.TO.UN,11500631
Nigeria,NGA,1997,"Population, ages 12-15, total",SP.POP.1215.TO.UN,11166346
Nigeria,NGA,1996,"Population, ages 12-15, total",SP.POP.1215.TO.UN,10826389
Nigeria,NGA,1995,"Population, ages 12-15, total",SP.POP.1215.TO.UN,10477215
Nigeria,NGA,1994,"Population, ages 12-15, total",SP.POP.1215.TO.UN,10116990
Nigeria,NGA,1993,"Population, ages 12-15, total",SP.POP.1215.TO.UN,9749847
Nigeria,NGA,1992,"Population, ages 12-15, total",SP.POP.1215.TO.UN,9385448
Nigeria,NGA,1991,"Population, ages 12-15, total",SP.POP.1215.TO.UN,9036909
Nigeria,NGA,1990,"Population, ages 12-15, total",SP.POP.1215.TO.UN,8713659
Nigeria,NGA,2015,"Population, ages 12-16, female",SP.POP.1216.FE.UN,10357374
Nigeria,NGA,2014,"Population, ages 12-16, female",SP.POP.1216.FE.UN,10164695
Nigeria,NGA,2013,"Population, ages 12-16, female",SP.POP.1216.FE.UN,9969403
Nigeria,NGA,2012,"Population, ages 12-16, female",SP.POP.1216.FE.UN,9773408
Nigeria,NGA,2011,"Population, ages 12-16, female",SP.POP.1216.FE.UN,9578935
Nigeria,NGA,2010,"Population, ages 12-16, female",SP.POP.1216.FE.UN,9387458
Nigeria,NGA,2009,"Population, ages 12-16, female",SP.POP.1216.FE.UN,9200121
Nigeria,NGA,2008,"Population, ages 12-16, female",SP.POP.1216.FE.UN,9016363
Nigeria,NGA,2007,"Population, ages 12-16, female",SP.POP.1216.FE.UN,8833769
Nigeria,NGA,2006,"Population, ages 12-16, female",SP.POP.1216.FE.UN,8648837
Nigeria,NGA,2005,"Population, ages 12-16, female",SP.POP.1216.FE.UN,8459040
Nigeria,NGA,2004,"Population, ages 12-16, female",SP.POP.1216.FE.UN,8263711
Nigeria,NGA,2003,"Population, ages 12-16, female",SP.POP.1216.FE.UN,8063674
Nigeria,NGA,2002,"Population, ages 12-16, female",SP.POP.1216.FE.UN,7859711
Nigeria,NGA,2001,"Population, ages 12-16, female",SP.POP.1216.FE.UN,7653156
Nigeria,NGA,2000,"Population, ages 12-16, female",SP.POP.1216.FE.UN,7445076
Nigeria,NGA,1999,"Population, ages 12-16, female",SP.POP.1216.FE.UN,7236340
Nigeria,NGA,1998,"Population, ages 12-16, female",SP.POP.1216.FE.UN,7027012
Nigeria,NGA,1997,"Population, ages 12-16, female",SP.POP.1216.FE.UN,6816521
Nigeria,NGA,1996,"Population, ages 12-16, female",SP.POP.1216.FE.UN,6603926
Nigeria,NGA,1995,"Population, ages 12-16, female",SP.POP.1216.FE.UN,6389034
Nigeria,NGA,1994,"Population, ages 12-16, female",SP.POP.1216.FE.UN,6171434
Nigeria,NGA,1993,"Population, ages 12-16, female",SP.POP.1216.FE.UN,5952847
Nigeria,NGA,1992,"Population, ages 12-16, female",SP.POP.1216.FE.UN,5737795
Nigeria,NGA,1991,"Population, ages 12-16, female",SP.POP.1216.FE.UN,5532216
Nigeria,NGA,1990,"Population, ages 12-16, female",SP.POP.1216.FE.UN,5340370
Nigeria,NGA,2015,"Population, ages 12-16, male",SP.POP.1216.MA.UN,10635039
Nigeria,NGA,2014,"Population, ages 12-16, male",SP.POP.1216.MA.UN,10437807
Nigeria,NGA,2013,"Population, ages 12-16, male",SP.POP.1216.MA.UN,10236529
Nigeria,NGA,2012,"Population, ages 12-16, male",SP.POP.1216.MA.UN,10033109
Nigeria,NGA,2011,"Population, ages 12-16, male",SP.POP.1216.MA.UN,9829836
Nigeria,NGA,2010,"Population, ages 12-16, male",SP.POP.1216.MA.UN,9628261
Nigeria,NGA,2009,"Population, ages 12-16, male",SP.POP.1216.MA.UN,9429554
Nigeria,NGA,2008,"Population, ages 12-16, male",SP.POP.1216.MA.UN,9233208
Nigeria,NGA,2007,"Population, ages 12-16, male",SP.POP.1216.MA.UN,9037019
Nigeria,NGA,2006,"Population, ages 12-16, male",SP.POP.1216.MA.UN,8837746
Nigeria,NGA,2005,"Population, ages 12-16, male",SP.POP.1216.MA.UN,8633117
Nigeria,NGA,2004,"Population, ages 12-16, male",SP.POP.1216.MA.UN,8422580
Nigeria,NGA,2003,"Population, ages 12-16, male",SP.POP.1216.MA.UN,8207108
Nigeria,NGA,2002,"Population, ages 12-16, male",SP.POP.1216.MA.UN,7987813
Nigeria,NGA,2001,"Population, ages 12-16, male",SP.POP.1216.MA.UN,7766414
Nigeria,NGA,2000,"Population, ages 12-16, male",SP.POP.1216.MA.UN,7544284
Nigeria,NGA,1999,"Population, ages 12-16, male",SP.POP.1216.MA.UN,7322400
Nigeria,NGA,1998,"Population, ages 12-16, male",SP.POP.1216.MA.UN,7100883
Nigeria,NGA,1997,"Population, ages 12-16, male",SP.POP.1216.MA.UN,6879347
Nigeria,NGA,1996,"Population, ages 12-16, male",SP.POP.1216.MA.UN,6657031
Nigeria,NGA,1995,"Population, ages 12-16, male",SP.POP.1216.MA.UN,6433832
Nigeria,NGA,1994,"Population, ages 12-16, male",SP.POP.1216.MA.UN,6209506
Nigeria,NGA,1993,"Population, ages 12-16, male",SP.POP.1216.MA.UN,5985684
Nigeria,NGA,1992,"Population, ages 12-16, male",SP.POP.1216.MA.UN,5766385
Nigeria,NGA,1991,"Population, ages 12-16, male",SP.POP.1216.MA.UN,5556862
Nigeria,NGA,1990,"Population, ages 12-16, male",SP.POP.1216.MA.UN,5360887
Nigeria,NGA,2015,"Population, ages 12-16, total",SP.POP.1216.TO.UN,20992413
Nigeria,NGA,2014,"Population, ages 12-16, total",SP.POP.1216.TO.UN,20602502
Nigeria,NGA,2013,"Population, ages 12-16, total",SP.POP.1216.TO.UN,20205932
Nigeria,NGA,2012,"Population, ages 12-16, total",SP.POP.1216.TO.UN,19806517
Nigeria,NGA,2011,"Population, ages 12-16, total",SP.POP.1216.TO.UN,19408771
Nigeria,NGA,2010,"Population, ages 12-16, total",SP.POP.1216.TO.UN,19015719
Nigeria,NGA,2009,"Population, ages 12-16, total",SP.POP.1216.TO.UN,18629675
Nigeria,NGA,2008,"Population, ages 12-16, total",SP.POP.1216.TO.UN,18249571
Nigeria,NGA,2007,"Population, ages 12-16, total",SP.POP.1216.TO.UN,17870788
Nigeria,NGA,2006,"Population, ages 12-16, total",SP.POP.1216.TO.UN,17486583
Nigeria,NGA,2005,"Population, ages 12-16, total",SP.POP.1216.TO.UN,17092157
Nigeria,NGA,2004,"Population, ages 12-16, total",SP.POP.1216.TO.UN,16686291
Nigeria,NGA,2003,"Population, ages 12-16, total",SP.POP.1216.TO.UN,16270782
Nigeria,NGA,2002,"Population, ages 12-16, total",SP.POP.1216.TO.UN,15847524
Nigeria,NGA,2001,"Population, ages 12-16, total",SP.POP.1216.TO.UN,15419570
Nigeria,NGA,2000,"Population, ages 12-16, total",SP.POP.1216.TO.UN,14989360
Nigeria,NGA,1999,"Population, ages 12-16, total",SP.POP.1216.TO.UN,14558740
Nigeria,NGA,1998,"Population, ages 12-16, total",SP.POP.1216.TO.UN,14127895
Nigeria,NGA,1997,"Population, ages 12-16, total",SP.POP.1216.TO.UN,13695868
Nigeria,NGA,1996,"Population, ages 12-16, total",SP.POP.1216.TO.UN,13260957
Nigeria,NGA,1995,"Population, ages 12-16, total",SP.POP.1216.TO.UN,12822866
Nigeria,NGA,1994,"Population, ages 12-16, total",SP.POP.1216.TO.UN,12380940
Nigeria,NGA,1993,"Population, ages 12-16, total",SP.POP.1216.TO.UN,11938531
Nigeria,NGA,1992,"Population, ages 12-16, total",SP.POP.1216.TO.UN,11504180
Nigeria,NGA,1991,"Population, ages 12-16, total",SP.POP.1216.TO.UN,11089078
Nigeria,NGA,1990,"Population, ages 12-16, total",SP.POP.1216.TO.UN,10701257
Nigeria,NGA,2015,"Population, ages 12-17, female",SP.POP.1217.FE.UN,12276886
Nigeria,NGA,2014,"Population, ages 12-17, female",SP.POP.1217.FE.UN,12048258
Nigeria,NGA,2013,"Population, ages 12-17, female",SP.POP.1217.FE.UN,11819929
Nigeria,NGA,2012,"Population, ages 12-17, female",SP.POP.1217.FE.UN,11592197
Nigeria,NGA,2011,"Population, ages 12-17, female",SP.POP.1217.FE.UN,11364914
Nigeria,NGA,2010,"Population, ages 12-17, female",SP.POP.1217.FE.UN,11137891
Nigeria,NGA,2009,"Population, ages 12-17, female",SP.POP.1217.FE.UN,10911594
Nigeria,NGA,2008,"Population, ages 12-17, female",SP.POP.1217.FE.UN,10686129
Nigeria,NGA,2007,"Population, ages 12-17, female",SP.POP.1217.FE.UN,10460392
Nigeria,NGA,2006,"Population, ages 12-17, female",SP.POP.1217.FE.UN,10232823
Nigeria,NGA,2005,"Population, ages 12-17, female",SP.POP.1217.FE.UN,10002226
Nigeria,NGA,2004,"Population, ages 12-17, female",SP.POP.1217.FE.UN,9768644
Nigeria,NGA,2003,"Population, ages 12-17, female",SP.POP.1217.FE.UN,9532290
Nigeria,NGA,2002,"Population, ages 12-17, female",SP.POP.1217.FE.UN,9292387
Nigeria,NGA,2001,"Population, ages 12-17, female",SP.POP.1217.FE.UN,9048029
Nigeria,NGA,2000,"Population, ages 12-17, female",SP.POP.1217.FE.UN,8798813
Nigeria,NGA,1999,"Population, ages 12-17, female",SP.POP.1217.FE.UN,8544967
Nigeria,NGA,1998,"Population, ages 12-17, female",SP.POP.1217.FE.UN,8287493
Nigeria,NGA,1997,"Population, ages 12-17, female",SP.POP.1217.FE.UN,8027862
Nigeria,NGA,1996,"Population, ages 12-17, female",SP.POP.1217.FE.UN,7768014
Nigeria,NGA,1995,"Population, ages 12-17, female",SP.POP.1217.FE.UN,7509830
Nigeria,NGA,1994,"Population, ages 12-17, female",SP.POP.1217.FE.UN,7253658
Nigeria,NGA,1993,"Population, ages 12-17, female",SP.POP.1217.FE.UN,7000621
Nigeria,NGA,1992,"Population, ages 12-17, female",SP.POP.1217.FE.UN,6754296
Nigeria,NGA,1991,"Population, ages 12-17, female",SP.POP.1217.FE.UN,6519086
Nigeria,NGA,1990,"Population, ages 12-17, female",SP.POP.1217.FE.UN,6298137
Nigeria,NGA,2015,"Population, ages 12-17, male",SP.POP.1217.MA.UN,12605651
Nigeria,NGA,2014,"Population, ages 12-17, male",SP.POP.1217.MA.UN,12370734
Nigeria,NGA,2013,"Population, ages 12-17, male",SP.POP.1217.MA.UN,12134363
Nigeria,NGA,2012,"Population, ages 12-17, male",SP.POP.1217.MA.UN,11896881
Nigeria,NGA,2011,"Population, ages 12-17, male",SP.POP.1217.MA.UN,11658279
Nigeria,NGA,2010,"Population, ages 12-17, male",SP.POP.1217.MA.UN,11418510
Nigeria,NGA,2009,"Population, ages 12-17, male",SP.POP.1217.MA.UN,11178096
Nigeria,NGA,2008,"Population, ages 12-17, male",SP.POP.1217.MA.UN,10937214
Nigeria,NGA,2007,"Population, ages 12-17, male",SP.POP.1217.MA.UN,10694993
Nigeria,NGA,2006,"Population, ages 12-17, male",SP.POP.1217.MA.UN,10450149
Nigeria,NGA,2005,"Population, ages 12-17, male",SP.POP.1217.MA.UN,10201765
Nigeria,NGA,2004,"Population, ages 12-17, male",SP.POP.1217.MA.UN,9950009
Nigeria,NGA,2003,"Population, ages 12-17, male",SP.POP.1217.MA.UN,9695282
Nigeria,NGA,2002,"Population, ages 12-17, male",SP.POP.1217.MA.UN,9437235
Nigeria,NGA,2001,"Population, ages 12-17, male",SP.POP.1217.MA.UN,9175462
Nigeria,NGA,2000,"Population, ages 12-17, male",SP.POP.1217.MA.UN,8909957
Nigeria,NGA,1999,"Population, ages 12-17, male",SP.POP.1217.MA.UN,8641079
Nigeria,NGA,1998,"Population, ages 12-17, male",SP.POP.1217.MA.UN,8369865
Nigeria,NGA,1997,"Population, ages 12-17, male",SP.POP.1217.MA.UN,8097930
Nigeria,NGA,1996,"Population, ages 12-17, male",SP.POP.1217.MA.UN,7827327
Nigeria,NGA,1995,"Population, ages 12-17, male",SP.POP.1217.MA.UN,7559968
Nigeria,NGA,1994,"Population, ages 12-17, male",SP.POP.1217.MA.UN,7296401
Nigeria,NGA,1993,"Population, ages 12-17, male",SP.POP.1217.MA.UN,7037643
Nigeria,NGA,1992,"Population, ages 12-17, male",SP.POP.1217.MA.UN,6786620
Nigeria,NGA,1991,"Population, ages 12-17, male",SP.POP.1217.MA.UN,6546856
Nigeria,NGA,1990,"Population, ages 12-17, male",SP.POP.1217.MA.UN,6320887
Nigeria,NGA,2015,"Population, ages 12-17, total",SP.POP.1217.TO.UN,24882537
Nigeria,NGA,2014,"Population, ages 12-17, total",SP.POP.1217.TO.UN,24418992
Nigeria,NGA,2013,"Population, ages 12-17, total",SP.POP.1217.TO.UN,23954292
Nigeria,NGA,2012,"Population, ages 12-17, total",SP.POP.1217.TO.UN,23489078
Nigeria,NGA,2011,"Population, ages 12-17, total",SP.POP.1217.TO.UN,23023193
Nigeria,NGA,2010,"Population, ages 12-17, total",SP.POP.1217.TO.UN,22556401
Nigeria,NGA,2009,"Population, ages 12-17, total",SP.POP.1217.TO.UN,22089690
Nigeria,NGA,2008,"Population, ages 12-17, total",SP.POP.1217.TO.UN,21623343
Nigeria,NGA,2007,"Population, ages 12-17, total",SP.POP.1217.TO.UN,21155385
Nigeria,NGA,2006,"Population, ages 12-17, total",SP.POP.1217.TO.UN,20682972
Nigeria,NGA,2005,"Population, ages 12-17, total",SP.POP.1217.TO.UN,20203991
Nigeria,NGA,2004,"Population, ages 12-17, total",SP.POP.1217.TO.UN,19718653
Nigeria,NGA,2003,"Population, ages 12-17, total",SP.POP.1217.TO.UN,19227572
Nigeria,NGA,2002,"Population, ages 12-17, total",SP.POP.1217.TO.UN,18729622
Nigeria,NGA,2001,"Population, ages 12-17, total",SP.POP.1217.TO.UN,18223491
Nigeria,NGA,2000,"Population, ages 12-17, total",SP.POP.1217.TO.UN,17708770
Nigeria,NGA,1999,"Population, ages 12-17, total",SP.POP.1217.TO.UN,17186046
Nigeria,NGA,1998,"Population, ages 12-17, total",SP.POP.1217.TO.UN,16657358
Nigeria,NGA,1997,"Population, ages 12-17, total",SP.POP.1217.TO.UN,16125792
Nigeria,NGA,1996,"Population, ages 12-17, total",SP.POP.1217.TO.UN,15595341
Nigeria,NGA,1995,"Population, ages 12-17, total",SP.POP.1217.TO.UN,15069798
Nigeria,NGA,1994,"Population, ages 12-17, total",SP.POP.1217.TO.UN,14550059
Nigeria,NGA,1993,"Population, ages 12-17, total",SP.POP.1217.TO.UN,14038264
Nigeria,NGA,1992,"Population, ages 12-17, total",SP.POP.1217.TO.UN,13540916
Nigeria,NGA,1991,"Population, ages 12-17, total",SP.POP.1217.TO.UN,13065942
Nigeria,NGA,1990,"Population, ages 12-17, total",SP.POP.1217.TO.UN,12619024
Nigeria,NGA,2015,"Population, ages 12-18, female",SP.POP.1218.FE.UN,14152720
Nigeria,NGA,2014,"Population, ages 12-18, female",SP.POP.1218.FE.UN,13887888
Nigeria,NGA,2013,"Population, ages 12-18, female",SP.POP.1218.FE.UN,13625638
Nigeria,NGA,2012,"Population, ages 12-18, female",SP.POP.1218.FE.UN,13364967
Nigeria,NGA,2011,"Population, ages 12-18, female",SP.POP.1218.FE.UN,13103830
Nigeria,NGA,2010,"Population, ages 12-18, female",SP.POP.1218.FE.UN,12840702
Nigeria,NGA,2009,"Population, ages 12-18, female",SP.POP.1218.FE.UN,12575523
Nigeria,NGA,2008,"Population, ages 12-18, female",SP.POP.1218.FE.UN,12308923
Nigeria,NGA,2007,"Population, ages 12-18, female",SP.POP.1218.FE.UN,12040772
Nigeria,NGA,2006,"Population, ages 12-18, female",SP.POP.1218.FE.UN,11770967
Nigeria,NGA,2005,"Population, ages 12-18, female",SP.POP.1218.FE.UN,11499329
Nigeria,NGA,2004,"Population, ages 12-18, female",SP.POP.1218.FE.UN,11226454
Nigeria,NGA,2003,"Population, ages 12-18, female",SP.POP.1218.FE.UN,10952137
Nigeria,NGA,2002,"Population, ages 12-18, female",SP.POP.1218.FE.UN,10674502
Nigeria,NGA,2001,"Population, ages 12-18, female",SP.POP.1218.FE.UN,10391043
Nigeria,NGA,2000,"Population, ages 12-18, female",SP.POP.1218.FE.UN,10100347
Nigeria,NGA,1999,"Population, ages 12-18, female",SP.POP.1218.FE.UN,9802158
Nigeria,NGA,1998,"Population, ages 12-18, female",SP.POP.1218.FE.UN,9498240
Nigeria,NGA,1997,"Population, ages 12-18, female",SP.POP.1218.FE.UN,9191798
Nigeria,NGA,1996,"Population, ages 12-18, female",SP.POP.1218.FE.UN,8887186
Nigeria,NGA,1995,"Population, ages 12-18, female",SP.POP.1218.FE.UN,8588011
Nigeria,NGA,1994,"Population, ages 12-18, female",SP.POP.1218.FE.UN,8295298
Nigeria,NGA,1993,"Population, ages 12-18, female",SP.POP.1218.FE.UN,8009652
Nigeria,NGA,1992,"Population, ages 12-18, female",SP.POP.1218.FE.UN,7733727
Nigeria,NGA,1991,"Population, ages 12-18, female",SP.POP.1218.FE.UN,7470464
Nigeria,NGA,1990,"Population, ages 12-18, female",SP.POP.1218.FE.UN,7221942
Nigeria,NGA,2015,"Population, ages 12-18, male",SP.POP.1218.MA.UN,14528898
Nigeria,NGA,2014,"Population, ages 12-18, male",SP.POP.1218.MA.UN,14255826
Nigeria,NGA,2013,"Population, ages 12-18, male",SP.POP.1218.MA.UN,13983288
Nigeria,NGA,2012,"Population, ages 12-18, male",SP.POP.1218.MA.UN,13710387
Nigeria,NGA,2011,"Population, ages 12-18, male",SP.POP.1218.MA.UN,13435301
Nigeria,NGA,2010,"Population, ages 12-18, male",SP.POP.1218.MA.UN,13156717
Nigeria,NGA,2009,"Population, ages 12-18, male",SP.POP.1218.MA.UN,12874667
Nigeria,NGA,2008,"Population, ages 12-18, male",SP.POP.1218.MA.UN,12589866
Nigeria,NGA,2007,"Population, ages 12-18, male",SP.POP.1218.MA.UN,12302435
Nigeria,NGA,2006,"Population, ages 12-18, male",SP.POP.1218.MA.UN,12012568
Nigeria,NGA,2005,"Population, ages 12-18, male",SP.POP.1218.MA.UN,11720379
Nigeria,NGA,2004,"Population, ages 12-18, male",SP.POP.1218.MA.UN,11426599
Nigeria,NGA,2003,"Population, ages 12-18, male",SP.POP.1218.MA.UN,11131245
Nigeria,NGA,2002,"Population, ages 12-18, male",SP.POP.1218.MA.UN,10832946
Nigeria,NGA,2001,"Population, ages 12-18, male",SP.POP.1218.MA.UN,10529802
Nigeria,NGA,2000,"Population, ages 12-18, male",SP.POP.1218.MA.UN,10220859
Nigeria,NGA,1999,"Population, ages 12-18, male",SP.POP.1218.MA.UN,9906024
Nigeria,NGA,1998,"Population, ages 12-18, male",SP.POP.1218.MA.UN,9587067
Nigeria,NGA,1997,"Population, ages 12-18, male",SP.POP.1218.MA.UN,9267276
Nigeria,NGA,1996,"Population, ages 12-18, male",SP.POP.1218.MA.UN,8951027
Nigeria,NGA,1995,"Population, ages 12-18, male",SP.POP.1218.MA.UN,8641885
Nigeria,NGA,1994,"Population, ages 12-18, male",SP.POP.1218.MA.UN,8341089
Nigeria,NGA,1993,"Population, ages 12-18, male",SP.POP.1218.MA.UN,8049142
Nigeria,NGA,1992,"Population, ages 12-18, male",SP.POP.1218.MA.UN,7767944
Nigeria,NGA,1991,"Population, ages 12-18, male",SP.POP.1218.MA.UN,7499428
Nigeria,NGA,1990,"Population, ages 12-18, male",SP.POP.1218.MA.UN,7244987
Nigeria,NGA,2015,"Population, ages 12-18, total",SP.POP.1218.TO.UN,28681618
Nigeria,NGA,2014,"Population, ages 12-18, total",SP.POP.1218.TO.UN,28143714
Nigeria,NGA,2013,"Population, ages 12-18, total",SP.POP.1218.TO.UN,27608926
Nigeria,NGA,2012,"Population, ages 12-18, total",SP.POP.1218.TO.UN,27075354
Nigeria,NGA,2011,"Population, ages 12-18, total",SP.POP.1218.TO.UN,26539131
Nigeria,NGA,2010,"Population, ages 12-18, total",SP.POP.1218.TO.UN,25997419
Nigeria,NGA,2009,"Population, ages 12-18, total",SP.POP.1218.TO.UN,25450190
Nigeria,NGA,2008,"Population, ages 12-18, total",SP.POP.1218.TO.UN,24898789
Nigeria,NGA,2007,"Population, ages 12-18, total",SP.POP.1218.TO.UN,24343207
Nigeria,NGA,2006,"Population, ages 12-18, total",SP.POP.1218.TO.UN,23783535
Nigeria,NGA,2005,"Population, ages 12-18, total",SP.POP.1218.TO.UN,23219708
Nigeria,NGA,2004,"Population, ages 12-18, total",SP.POP.1218.TO.UN,22653053
Nigeria,NGA,2003,"Population, ages 12-18, total",SP.POP.1218.TO.UN,22083382
Nigeria,NGA,2002,"Population, ages 12-18, total",SP.POP.1218.TO.UN,21507448
Nigeria,NGA,2001,"Population, ages 12-18, total",SP.POP.1218.TO.UN,20920845
Nigeria,NGA,2000,"Population, ages 12-18, total",SP.POP.1218.TO.UN,20321206
Nigeria,NGA,1999,"Population, ages 12-18, total",SP.POP.1218.TO.UN,19708182
Nigeria,NGA,1998,"Population, ages 12-18, total",SP.POP.1218.TO.UN,19085307
Nigeria,NGA,1997,"Population, ages 12-18, total",SP.POP.1218.TO.UN,18459074
Nigeria,NGA,1996,"Population, ages 12-18, total",SP.POP.1218.TO.UN,17838213
Nigeria,NGA,1995,"Population, ages 12-18, total",SP.POP.1218.TO.UN,17229896
Nigeria,NGA,1994,"Population, ages 12-18, total",SP.POP.1218.TO.UN,16636387
Nigeria,NGA,1993,"Population, ages 12-18, total",SP.POP.1218.TO.UN,16058794
Nigeria,NGA,1992,"Population, ages 12-18, total",SP.POP.1218.TO.UN,15501671
Nigeria,NGA,1991,"Population, ages 12-18, total",SP.POP.1218.TO.UN,14969892
Nigeria,NGA,1990,"Population, ages 12-18, total",SP.POP.1218.TO.UN,14466929
Nigeria,NGA,2015,"Population, ages 13-16, female",SP.POP.1316.FE.UN,8185202
Nigeria,NGA,2014,"Population, ages 13-16, female",SP.POP.1316.FE.UN,8032209
Nigeria,NGA,2013,"Population, ages 13-16, female",SP.POP.1316.FE.UN,7879544
Nigeria,NGA,2012,"Population, ages 13-16, female",SP.POP.1316.FE.UN,7727402
Nigeria,NGA,2011,"Population, ages 13-16, female",SP.POP.1316.FE.UN,7575666
Nigeria,NGA,2010,"Population, ages 13-16, female",SP.POP.1316.FE.UN,7424194
Nigeria,NGA,2009,"Population, ages 13-16, female",SP.POP.1316.FE.UN,7273297
Nigeria,NGA,2008,"Population, ages 13-16, female",SP.POP.1316.FE.UN,7123040
Nigeria,NGA,2007,"Population, ages 13-16, female",SP.POP.1316.FE.UN,6972652
Nigeria,NGA,2006,"Population, ages 13-16, female",SP.POP.1316.FE.UN,6821046
Nigeria,NGA,2005,"Population, ages 13-16, female",SP.POP.1316.FE.UN,6667389
Nigeria,NGA,2004,"Population, ages 13-16, female",SP.POP.1316.FE.UN,6511700
Nigeria,NGA,2003,"Population, ages 13-16, female",SP.POP.1316.FE.UN,6354114
Nigeria,NGA,2002,"Population, ages 13-16, female",SP.POP.1316.FE.UN,6194091
Nigeria,NGA,2001,"Population, ages 13-16, female",SP.POP.1316.FE.UN,6030997
Nigeria,NGA,2000,"Population, ages 13-16, female",SP.POP.1316.FE.UN,5864549
Nigeria,NGA,1999,"Population, ages 13-16, female",SP.POP.1316.FE.UN,5694893
Nigeria,NGA,1998,"Population, ages 13-16, female",SP.POP.1316.FE.UN,5522711
Nigeria,NGA,1997,"Population, ages 13-16, female",SP.POP.1316.FE.UN,5349003
Nigeria,NGA,1996,"Population, ages 13-16, female",SP.POP.1316.FE.UN,5175089
Nigeria,NGA,1995,"Population, ages 13-16, female",SP.POP.1316.FE.UN,5002252
Nigeria,NGA,1994,"Population, ages 13-16, female",SP.POP.1316.FE.UN,4830720
Nigeria,NGA,1993,"Population, ages 13-16, female",SP.POP.1316.FE.UN,4661257
Nigeria,NGA,1992,"Population, ages 13-16, female",SP.POP.1316.FE.UN,4496330
Nigeria,NGA,1991,"Population, ages 13-16, female",SP.POP.1316.FE.UN,4338978
Nigeria,NGA,1990,"Population, ages 13-16, female",SP.POP.1316.FE.UN,4191368
Nigeria,NGA,2015,"Population, ages 13-16, male",SP.POP.1316.MA.UN,8405392
Nigeria,NGA,2014,"Population, ages 13-16, male",SP.POP.1316.MA.UN,8248239
Nigeria,NGA,2013,"Population, ages 13-16, male",SP.POP.1316.MA.UN,8090216
Nigeria,NGA,2012,"Population, ages 13-16, male",SP.POP.1316.MA.UN,7931547
Nigeria,NGA,2011,"Population, ages 13-16, male",SP.POP.1316.MA.UN,7772217
Nigeria,NGA,2010,"Population, ages 13-16, male",SP.POP.1316.MA.UN,7612182
Nigeria,NGA,2009,"Population, ages 13-16, male",SP.POP.1316.MA.UN,7451790
Nigeria,NGA,2008,"Population, ages 13-16, male",SP.POP.1316.MA.UN,7291157
Nigeria,NGA,2007,"Population, ages 13-16, male",SP.POP.1316.MA.UN,7129668
Nigeria,NGA,2006,"Population, ages 13-16, male",SP.POP.1316.MA.UN,6966430
Nigeria,NGA,2005,"Population, ages 13-16, male",SP.POP.1316.MA.UN,6800800
Nigeria,NGA,2004,"Population, ages 13-16, male",SP.POP.1316.MA.UN,6632883
Nigeria,NGA,2003,"Population, ages 13-16, male",SP.POP.1316.MA.UN,6462943
Nigeria,NGA,2002,"Population, ages 13-16, male",SP.POP.1316.MA.UN,6290726
Nigeria,NGA,2001,"Population, ages 13-16, male",SP.POP.1316.MA.UN,6115937
Nigeria,NGA,2000,"Population, ages 13-16, male",SP.POP.1316.MA.UN,5938556
Nigeria,NGA,1999,"Population, ages 13-16, male",SP.POP.1316.MA.UN,5758820
Nigeria,NGA,1998,"Population, ages 13-16, male",SP.POP.1316.MA.UN,5577432
Nigeria,NGA,1997,"Population, ages 13-16, male",SP.POP.1316.MA.UN,5395494
Nigeria,NGA,1996,"Population, ages 13-16, male",SP.POP.1316.MA.UN,5214407
Nigeria,NGA,1995,"Population, ages 13-16, male",SP.POP.1316.MA.UN,5035476
Nigeria,NGA,1994,"Population, ages 13-16, male",SP.POP.1316.MA.UN,4859063
Nigeria,NGA,1993,"Population, ages 13-16, male",SP.POP.1316.MA.UN,4685863
Nigeria,NGA,1992,"Population, ages 13-16, male",SP.POP.1316.MA.UN,4517890
Nigeria,NGA,1991,"Population, ages 13-16, male",SP.POP.1316.MA.UN,4357573
Nigeria,NGA,1990,"Population, ages 13-16, male",SP.POP.1316.MA.UN,4206658
Nigeria,NGA,2015,"Population, ages 13-16, total",SP.POP.1316.TO.UN,16590594
Nigeria,NGA,2014,"Population, ages 13-16, total",SP.POP.1316.TO.UN,16280448
Nigeria,NGA,2013,"Population, ages 13-16, total",SP.POP.1316.TO.UN,15969760
Nigeria,NGA,2012,"Population, ages 13-16, total",SP.POP.1316.TO.UN,15658949
Nigeria,NGA,2011,"Population, ages 13-16, total",SP.POP.1316.TO.UN,15347883
Nigeria,NGA,2010,"Population, ages 13-16, total",SP.POP.1316.TO.UN,15036376
Nigeria,NGA,2009,"Population, ages 13-16, total",SP.POP.1316.TO.UN,14725087
Nigeria,NGA,2008,"Population, ages 13-16, total",SP.POP.1316.TO.UN,14414197
Nigeria,NGA,2007,"Population, ages 13-16, total",SP.POP.1316.TO.UN,14102320
Nigeria,NGA,2006,"Population, ages 13-16, total",SP.POP.1316.TO.UN,13787476
Nigeria,NGA,2005,"Population, ages 13-16, total",SP.POP.1316.TO.UN,13468189
Nigeria,NGA,2004,"Population, ages 13-16, total",SP.POP.1316.TO.UN,13144583
Nigeria,NGA,2003,"Population, ages 13-16, total",SP.POP.1316.TO.UN,12817057
Nigeria,NGA,2002,"Population, ages 13-16, total",SP.POP.1316.TO.UN,12484817
Nigeria,NGA,2001,"Population, ages 13-16, total",SP.POP.1316.TO.UN,12146934
Nigeria,NGA,2000,"Population, ages 13-16, total",SP.POP.1316.TO.UN,11803105
Nigeria,NGA,1999,"Population, ages 13-16, total",SP.POP.1316.TO.UN,11453713
Nigeria,NGA,1998,"Population, ages 13-16, total",SP.POP.1316.TO.UN,11100143
Nigeria,NGA,1997,"Population, ages 13-16, total",SP.POP.1316.TO.UN,10744497
Nigeria,NGA,1996,"Population, ages 13-16, total",SP.POP.1316.TO.UN,10389496
Nigeria,NGA,1995,"Population, ages 13-16, total",SP.POP.1316.TO.UN,10037728
Nigeria,NGA,1994,"Population, ages 13-16, total",SP.POP.1316.TO.UN,9689783
Nigeria,NGA,1993,"Population, ages 13-16, total",SP.POP.1316.TO.UN,9347120
Nigeria,NGA,1992,"Population, ages 13-16, total",SP.POP.1316.TO.UN,9014220
Nigeria,NGA,1991,"Population, ages 13-16, total",SP.POP.1316.TO.UN,8696551
Nigeria,NGA,1990,"Population, ages 13-16, total",SP.POP.1316.TO.UN,8398026
Nigeria,NGA,2015,"Population, ages 13-17, female",SP.POP.1317.FE.UN,10104714
Nigeria,NGA,2014,"Population, ages 13-17, female",SP.POP.1317.FE.UN,9915772
Nigeria,NGA,2013,"Population, ages 13-17, female",SP.POP.1317.FE.UN,9730070
Nigeria,NGA,2012,"Population, ages 13-17, female",SP.POP.1317.FE.UN,9546191
Nigeria,NGA,2011,"Population, ages 13-17, female",SP.POP.1317.FE.UN,9361645
Nigeria,NGA,2010,"Population, ages 13-17, female",SP.POP.1317.FE.UN,9174627
Nigeria,NGA,2009,"Population, ages 13-17, female",SP.POP.1317.FE.UN,8984770
Nigeria,NGA,2008,"Population, ages 13-17, female",SP.POP.1317.FE.UN,8792806
Nigeria,NGA,2007,"Population, ages 13-17, female",SP.POP.1317.FE.UN,8599275
Nigeria,NGA,2006,"Population, ages 13-17, female",SP.POP.1317.FE.UN,8405032
Nigeria,NGA,2005,"Population, ages 13-17, female",SP.POP.1317.FE.UN,8210575
Nigeria,NGA,2004,"Population, ages 13-17, female",SP.POP.1317.FE.UN,8016633
Nigeria,NGA,2003,"Population, ages 13-17, female",SP.POP.1317.FE.UN,7822730
Nigeria,NGA,2002,"Population, ages 13-17, female",SP.POP.1317.FE.UN,7626767
Nigeria,NGA,2001,"Population, ages 13-17, female",SP.POP.1317.FE.UN,7425870
Nigeria,NGA,2000,"Population, ages 13-17, female",SP.POP.1317.FE.UN,7218286
Nigeria,NGA,1999,"Population, ages 13-17, female",SP.POP.1317.FE.UN,7003520
Nigeria,NGA,1998,"Population, ages 13-17, female",SP.POP.1317.FE.UN,6783192
Nigeria,NGA,1997,"Population, ages 13-17, female",SP.POP.1317.FE.UN,6560344
Nigeria,NGA,1996,"Population, ages 13-17, female",SP.POP.1317.FE.UN,6339177
Nigeria,NGA,1995,"Population, ages 13-17, female",SP.POP.1317.FE.UN,6123048
Nigeria,NGA,1994,"Population, ages 13-17, female",SP.POP.1317.FE.UN,5912944
Nigeria,NGA,1993,"Population, ages 13-17, female",SP.POP.1317.FE.UN,5709031
Nigeria,NGA,1992,"Population, ages 13-17, female",SP.POP.1317.FE.UN,5512831
Nigeria,NGA,1991,"Population, ages 13-17, female",SP.POP.1317.FE.UN,5325848
Nigeria,NGA,1990,"Population, ages 13-17, female",SP.POP.1317.FE.UN,5149135
Nigeria,NGA,2015,"Population, ages 13-17, male",SP.POP.1317.MA.UN,10376004
Nigeria,NGA,2014,"Population, ages 13-17, male",SP.POP.1317.MA.UN,10181166
Nigeria,NGA,2013,"Population, ages 13-17, male",SP.POP.1317.MA.UN,9988050
Nigeria,NGA,2012,"Population, ages 13-17, male",SP.POP.1317.MA.UN,9795319
Nigeria,NGA,2011,"Population, ages 13-17, male",SP.POP.1317.MA.UN,9600660
Nigeria,NGA,2010,"Population, ages 13-17, male",SP.POP.1317.MA.UN,9402431
Nigeria,NGA,2009,"Population, ages 13-17, male",SP.POP.1317.MA.UN,9200332
Nigeria,NGA,2008,"Population, ages 13-17, male",SP.POP.1317.MA.UN,8995163
Nigeria,NGA,2007,"Population, ages 13-17, male",SP.POP.1317.MA.UN,8787642
Nigeria,NGA,2006,"Population, ages 13-17, male",SP.POP.1317.MA.UN,8578833
Nigeria,NGA,2005,"Population, ages 13-17, male",SP.POP.1317.MA.UN,8369448
Nigeria,NGA,2004,"Population, ages 13-17, male",SP.POP.1317.MA.UN,8160312
Nigeria,NGA,2003,"Population, ages 13-17, male",SP.POP.1317.MA.UN,7951117
Nigeria,NGA,2002,"Population, ages 13-17, male",SP.POP.1317.MA.UN,7740148
Nigeria,NGA,2001,"Population, ages 13-17, male",SP.POP.1317.MA.UN,7524985
Nigeria,NGA,2000,"Population, ages 13-17, male",SP.POP.1317.MA.UN,7304229
Nigeria,NGA,1999,"Population, ages 13-17, male",SP.POP.1317.MA.UN,7077499
Nigeria,NGA,1998,"Population, ages 13-17, male",SP.POP.1317.MA.UN,6846414
Nigeria,NGA,1997,"Population, ages 13-17, male",SP.POP.1317.MA.UN,6614077
Nigeria,NGA,1996,"Population, ages 13-17, male",SP.POP.1317.MA.UN,6384703
Nigeria,NGA,1995,"Population, ages 13-17, male",SP.POP.1317.MA.UN,6161612
Nigeria,NGA,1994,"Population, ages 13-17, male",SP.POP.1317.MA.UN,5945958
Nigeria,NGA,1993,"Population, ages 13-17, male",SP.POP.1317.MA.UN,5737822
Nigeria,NGA,1992,"Population, ages 13-17, male",SP.POP.1317.MA.UN,5538125
Nigeria,NGA,1991,"Population, ages 13-17, male",SP.POP.1317.MA.UN,5347567
Nigeria,NGA,1990,"Population, ages 13-17, male",SP.POP.1317.MA.UN,5166658
Nigeria,NGA,2015,"Population, ages 13-17, total",SP.POP.1317.TO.UN,20480718
Nigeria,NGA,2014,"Population, ages 13-17, total",SP.POP.1317.TO.UN,20096938
Nigeria,NGA,2013,"Population, ages 13-17, total",SP.POP.1317.TO.UN,19718120
Nigeria,NGA,2012,"Population, ages 13-17, total",SP.POP.1317.TO.UN,19341510
Nigeria,NGA,2011,"Population, ages 13-17, total",SP.POP.1317.TO.UN,18962305
Nigeria,NGA,2010,"Population, ages 13-17, total",SP.POP.1317.TO.UN,18577058
Nigeria,NGA,2009,"Population, ages 13-17, total",SP.POP.1317.TO.UN,18185102
Nigeria,NGA,2008,"Population, ages 13-17, total",SP.POP.1317.TO.UN,17787969
Nigeria,NGA,2007,"Population, ages 13-17, total",SP.POP.1317.TO.UN,17386917
Nigeria,NGA,2006,"Population, ages 13-17, total",SP.POP.1317.TO.UN,16983865
Nigeria,NGA,2005,"Population, ages 13-17, total",SP.POP.1317.TO.UN,16580023
Nigeria,NGA,2004,"Population, ages 13-17, total",SP.POP.1317.TO.UN,16176945
Nigeria,NGA,2003,"Population, ages 13-17, total",SP.POP.1317.TO.UN,15773847
Nigeria,NGA,2002,"Population, ages 13-17, total",SP.POP.1317.TO.UN,15366915
Nigeria,NGA,2001,"Population, ages 13-17, total",SP.POP.1317.TO.UN,14950855
Nigeria,NGA,2000,"Population, ages 13-17, total",SP.POP.1317.TO.UN,14522515
Nigeria,NGA,1999,"Population, ages 13-17, total",SP.POP.1317.TO.UN,14081019
Nigeria,NGA,1998,"Population, ages 13-17, total",SP.POP.1317.TO.UN,13629606
Nigeria,NGA,1997,"Population, ages 13-17, total",SP.POP.1317.TO.UN,13174421
Nigeria,NGA,1996,"Population, ages 13-17, total",SP.POP.1317.TO.UN,12723880
Nigeria,NGA,1995,"Population, ages 13-17, total",SP.POP.1317.TO.UN,12284660
Nigeria,NGA,1994,"Population, ages 13-17, total",SP.POP.1317.TO.UN,11858902
Nigeria,NGA,1993,"Population, ages 13-17, total",SP.POP.1317.TO.UN,11446853
Nigeria,NGA,1992,"Population, ages 13-17, total",SP.POP.1317.TO.UN,11050956
Nigeria,NGA,1991,"Population, ages 13-17, total",SP.POP.1317.TO.UN,10673415
Nigeria,NGA,1990,"Population, ages 13-17, total",SP.POP.1317.TO.UN,10315793
Nigeria,NGA,2015,"Population, ages 13-18, female",SP.POP.1318.FE.UN,11980548
Nigeria,NGA,2014,"Population, ages 13-18, female",SP.POP.1318.FE.UN,11755402
Nigeria,NGA,2013,"Population, ages 13-18, female",SP.POP.1318.FE.UN,11535779
Nigeria,NGA,2012,"Population, ages 13-18, female",SP.POP.1318.FE.UN,11318961
Nigeria,NGA,2011,"Population, ages 13-18, female",SP.POP.1318.FE.UN,11100561
Nigeria,NGA,2010,"Population, ages 13-18, female",SP.POP.1318.FE.UN,10877438
Nigeria,NGA,2009,"Population, ages 13-18, female",SP.POP.1318.FE.UN,10648699
Nigeria,NGA,2008,"Population, ages 13-18, female",SP.POP.1318.FE.UN,10415600
Nigeria,NGA,2007,"Population, ages 13-18, female",SP.POP.1318.FE.UN,10179655
Nigeria,NGA,2006,"Population, ages 13-18, female",SP.POP.1318.FE.UN,9943176
Nigeria,NGA,2005,"Population, ages 13-18, female",SP.POP.1318.FE.UN,9707678
Nigeria,NGA,2004,"Population, ages 13-18, female",SP.POP.1318.FE.UN,9474443
Nigeria,NGA,2003,"Population, ages 13-18, female",SP.POP.1318.FE.UN,9242577
Nigeria,NGA,2002,"Population, ages 13-18, female",SP.POP.1318.FE.UN,9008882
Nigeria,NGA,2001,"Population, ages 13-18, female",SP.POP.1318.FE.UN,8768884
Nigeria,NGA,2000,"Population, ages 13-18, female",SP.POP.1318.FE.UN,8519820
Nigeria,NGA,1999,"Population, ages 13-18, female",SP.POP.1318.FE.UN,8260711
Nigeria,NGA,1998,"Population, ages 13-18, female",SP.POP.1318.FE.UN,7993939
Nigeria,NGA,1997,"Population, ages 13-18, female",SP.POP.1318.FE.UN,7724280
Nigeria,NGA,1996,"Population, ages 13-18, female",SP.POP.1318.FE.UN,7458349
Nigeria,NGA,1995,"Population, ages 13-18, female",SP.POP.1318.FE.UN,7201229
Nigeria,NGA,1994,"Population, ages 13-18, female",SP.POP.1318.FE.UN,6954584
Nigeria,NGA,1993,"Population, ages 13-18, female",SP.POP.1318.FE.UN,6718062
Nigeria,NGA,1992,"Population, ages 13-18, female",SP.POP.1318.FE.UN,6492262
Nigeria,NGA,1991,"Population, ages 13-18, female",SP.POP.1318.FE.UN,6277226
Nigeria,NGA,1990,"Population, ages 13-18, female",SP.POP.1318.FE.UN,6072940
Nigeria,NGA,2015,"Population, ages 13-18, male",SP.POP.1318.MA.UN,12299251
Nigeria,NGA,2014,"Population, ages 13-18, male",SP.POP.1318.MA.UN,12066258
Nigeria,NGA,2013,"Population, ages 13-18, male",SP.POP.1318.MA.UN,11836975
Nigeria,NGA,2012,"Population, ages 13-18, male",SP.POP.1318.MA.UN,11608825
Nigeria,NGA,2011,"Population, ages 13-18, male",SP.POP.1318.MA.UN,11377682
Nigeria,NGA,2010,"Population, ages 13-18, male",SP.POP.1318.MA.UN,11140638
Nigeria,NGA,2009,"Population, ages 13-18, male",SP.POP.1318.MA.UN,10896903
Nigeria,NGA,2008,"Population, ages 13-18, male",SP.POP.1318.MA.UN,10647815
Nigeria,NGA,2007,"Population, ages 13-18, male",SP.POP.1318.MA.UN,10395084
Nigeria,NGA,2006,"Population, ages 13-18, male",SP.POP.1318.MA.UN,10141252
Nigeria,NGA,2005,"Population, ages 13-18, male",SP.POP.1318.MA.UN,9888062
Nigeria,NGA,2004,"Population, ages 13-18, male",SP.POP.1318.MA.UN,9636902
Nigeria,NGA,2003,"Population, ages 13-18, male",SP.POP.1318.MA.UN,9387080
Nigeria,NGA,2002,"Population, ages 13-18, male",SP.POP.1318.MA.UN,9135859
Nigeria,NGA,2001,"Population, ages 13-18, male",SP.POP.1318.MA.UN,8879325
Nigeria,NGA,2000,"Population, ages 13-18, male",SP.POP.1318.MA.UN,8615131
Nigeria,NGA,1999,"Population, ages 13-18, male",SP.POP.1318.MA.UN,8342444
Nigeria,NGA,1998,"Population, ages 13-18, male",SP.POP.1318.MA.UN,8063616
Nigeria,NGA,1997,"Population, ages 13-18, male",SP.POP.1318.MA.UN,7783423
Nigeria,NGA,1996,"Population, ages 13-18, male",SP.POP.1318.MA.UN,7508403
Nigeria,NGA,1995,"Population, ages 13-18, male",SP.POP.1318.MA.UN,7243529
Nigeria,NGA,1994,"Population, ages 13-18, male",SP.POP.1318.MA.UN,6990646
Nigeria,NGA,1993,"Population, ages 13-18, male",SP.POP.1318.MA.UN,6749321
Nigeria,NGA,1992,"Population, ages 13-18, male",SP.POP.1318.MA.UN,6519449
Nigeria,NGA,1991,"Population, ages 13-18, male",SP.POP.1318.MA.UN,6300139
Nigeria,NGA,1990,"Population, ages 13-18, male",SP.POP.1318.MA.UN,6090758
Nigeria,NGA,2015,"Population, ages 13-18, total",SP.POP.1318.TO.UN,24279799
Nigeria,NGA,2014,"Population, ages 13-18, total",SP.POP.1318.TO.UN,23821660
Nigeria,NGA,2013,"Population, ages 13-18, total",SP.POP.1318.TO.UN,23372754
Nigeria,NGA,2012,"Population, ages 13-18, total",SP.POP.1318.TO.UN,22927786
Nigeria,NGA,2011,"Population, ages 13-18, total",SP.POP.1318.TO.UN,22478243
Nigeria,NGA,2010,"Population, ages 13-18, total",SP.POP.1318.TO.UN,22018076
Nigeria,NGA,2009,"Population, ages 13-18, total",SP.POP.1318.TO.UN,21545602
Nigeria,NGA,2008,"Population, ages 13-18, total",SP.POP.1318.TO.UN,21063415
Nigeria,NGA,2007,"Population, ages 13-18, total",SP.POP.1318.TO.UN,20574739
Nigeria,NGA,2006,"Population, ages 13-18, total",SP.POP.1318.TO.UN,20084428
Nigeria,NGA,2005,"Population, ages 13-18, total",SP.POP.1318.TO.UN,19595740
Nigeria,NGA,2004,"Population, ages 13-18, total",SP.POP.1318.TO.UN,19111345
Nigeria,NGA,2003,"Population, ages 13-18, total",SP.POP.1318.TO.UN,18629657
Nigeria,NGA,2002,"Population, ages 13-18, total",SP.POP.1318.TO.UN,18144741
Nigeria,NGA,2001,"Population, ages 13-18, total",SP.POP.1318.TO.UN,17648209
Nigeria,NGA,2000,"Population, ages 13-18, total",SP.POP.1318.TO.UN,17134951
Nigeria,NGA,1999,"Population, ages 13-18, total",SP.POP.1318.TO.UN,16603155
Nigeria,NGA,1998,"Population, ages 13-18, total",SP.POP.1318.TO.UN,16057555
Nigeria,NGA,1997,"Population, ages 13-18, total",SP.POP.1318.TO.UN,15507703
Nigeria,NGA,1996,"Population, ages 13-18, total",SP.POP.1318.TO.UN,14966752
Nigeria,NGA,1995,"Population, ages 13-18, total",SP.POP.1318.TO.UN,14444758
Nigeria,NGA,1994,"Population, ages 13-18, total",SP.POP.1318.TO.UN,13945230
Nigeria,NGA,1993,"Population, ages 13-18, total",SP.POP.1318.TO.UN,13467383
Nigeria,NGA,1992,"Population, ages 13-18, total",SP.POP.1318.TO.UN,13011711
Nigeria,NGA,1991,"Population, ages 13-18, total",SP.POP.1318.TO.UN,12577365
Nigeria,NGA,1990,"Population, ages 13-18, total",SP.POP.1318.TO.UN,12163698
Nigeria,NGA,2015,"Population, ages 13-19, female",SP.POP.1319.FE.UN,13815766
Nigeria,NGA,2014,"Population, ages 13-19, female",SP.POP.1319.FE.UN,13553580
Nigeria,NGA,2013,"Population, ages 13-19, female",SP.POP.1319.FE.UN,13297769
Nigeria,NGA,2012,"Population, ages 13-19, female",SP.POP.1319.FE.UN,13045076
Nigeria,NGA,2011,"Population, ages 13-19, female",SP.POP.1319.FE.UN,12790332
Nigeria,NGA,2010,"Population, ages 13-19, female",SP.POP.1319.FE.UN,12529835
Nigeria,NGA,2009,"Population, ages 13-19, female",SP.POP.1319.FE.UN,12262526
Nigeria,NGA,2008,"Population, ages 13-19, female",SP.POP.1319.FE.UN,11989851
Nigeria,NGA,2007,"Population, ages 13-19, female",SP.POP.1319.FE.UN,11713546
Nigeria,NGA,2006,"Population, ages 13-19, female",SP.POP.1319.FE.UN,11436288
Nigeria,NGA,2005,"Population, ages 13-19, female",SP.POP.1319.FE.UN,11159867
Nigeria,NGA,2004,"Population, ages 13-19, female",SP.POP.1319.FE.UN,10885765
Nigeria,NGA,2003,"Population, ages 13-19, female",SP.POP.1319.FE.UN,10613065
Nigeria,NGA,2002,"Population, ages 13-19, female",SP.POP.1319.FE.UN,10338383
Nigeria,NGA,2001,"Population, ages 13-19, female",SP.POP.1319.FE.UN,10056955
Nigeria,NGA,2000,"Population, ages 13-19, female",SP.POP.1319.FE.UN,9765904
Nigeria,NGA,1999,"Population, ages 13-19, female",SP.POP.1319.FE.UN,9464130
Nigeria,NGA,1998,"Population, ages 13-19, female",SP.POP.1319.FE.UN,9154376
Nigeria,NGA,1997,"Population, ages 13-19, female",SP.POP.1319.FE.UN,8842373
Nigeria,NGA,1996,"Population, ages 13-19, female",SP.POP.1319.FE.UN,8536002
Nigeria,NGA,1995,"Population, ages 13-19, female",SP.POP.1319.FE.UN,8241247
Nigeria,NGA,1994,"Population, ages 13-19, female",SP.POP.1319.FE.UN,7960189
Nigeria,NGA,1993,"Population, ages 13-19, female",SP.POP.1319.FE.UN,7692230
Nigeria,NGA,1992,"Population, ages 13-19, female",SP.POP.1319.FE.UN,7437374
Nigeria,NGA,1991,"Population, ages 13-19, female",SP.POP.1319.FE.UN,7194734
Nigeria,NGA,1990,"Population, ages 13-19, female",SP.POP.1319.FE.UN,6963619
Nigeria,NGA,2015,"Population, ages 13-19, male",SP.POP.1319.MA.UN,14177246
Nigeria,NGA,2014,"Population, ages 13-19, male",SP.POP.1319.MA.UN,13905088
Nigeria,NGA,2013,"Population, ages 13-19, male",SP.POP.1319.MA.UN,13637240
Nigeria,NGA,2012,"Population, ages 13-19, male",SP.POP.1319.MA.UN,13370651
Nigeria,NGA,2011,"Population, ages 13-19, male",SP.POP.1319.MA.UN,13100499
Nigeria,NGA,2010,"Population, ages 13-19, male",SP.POP.1319.MA.UN,12823384
Nigeria,NGA,2009,"Population, ages 13-19, male",SP.POP.1319.MA.UN,12538388
Nigeria,NGA,2008,"Population, ages 13-19, male",SP.POP.1319.MA.UN,12247049
Nigeria,NGA,2007,"Population, ages 13-19, male",SP.POP.1319.MA.UN,11951325
Nigeria,NGA,2006,"Population, ages 13-19, male",SP.POP.1319.MA.UN,11654138
Nigeria,NGA,2005,"Population, ages 13-19, male",SP.POP.1319.MA.UN,11357528
Nigeria,NGA,2004,"Population, ages 13-19, male",SP.POP.1319.MA.UN,11063089
Nigeria,NGA,2003,"Population, ages 13-19, male",SP.POP.1319.MA.UN,10770130
Nigeria,NGA,2002,"Population, ages 13-19, male",SP.POP.1319.MA.UN,10475781
Nigeria,NGA,2001,"Population, ages 13-19, male",SP.POP.1319.MA.UN,10175902
Nigeria,NGA,2000,"Population, ages 13-19, male",SP.POP.1319.MA.UN,9868073
Nigeria,NGA,1999,"Population, ages 13-19, male",SP.POP.1319.MA.UN,9551366
Nigeria,NGA,1998,"Population, ages 13-19, male",SP.POP.1319.MA.UN,9228469
Nigeria,NGA,1997,"Population, ages 13-19, male",SP.POP.1319.MA.UN,8905038
Nigeria,NGA,1996,"Population, ages 13-19, male",SP.POP.1319.MA.UN,8588765
Nigeria,NGA,1995,"Population, ages 13-19, male",SP.POP.1319.MA.UN,8285446
Nigeria,NGA,1994,"Population, ages 13-19, male",SP.POP.1319.MA.UN,7997339
Nigeria,NGA,1993,"Population, ages 13-19, male",SP.POP.1319.MA.UN,7723781
Nigeria,NGA,1992,"Population, ages 13-19, male",SP.POP.1319.MA.UN,7464048
Nigeria,NGA,1991,"Population, ages 13-19, male",SP.POP.1319.MA.UN,7216290
Nigeria,NGA,1990,"Population, ages 13-19, male",SP.POP.1319.MA.UN,6979191
Nigeria,NGA,2015,"Population, ages 13-19, total",SP.POP.1319.TO.UN,27993012
Nigeria,NGA,2014,"Population, ages 13-19, total",SP.POP.1319.TO.UN,27458668
Nigeria,NGA,2013,"Population, ages 13-19, total",SP.POP.1319.TO.UN,26935009
Nigeria,NGA,2012,"Population, ages 13-19, total",SP.POP.1319.TO.UN,26415727
Nigeria,NGA,2011,"Population, ages 13-19, total",SP.POP.1319.TO.UN,25890831
Nigeria,NGA,2010,"Population, ages 13-19, total",SP.POP.1319.TO.UN,25353219
Nigeria,NGA,2009,"Population, ages 13-19, total",SP.POP.1319.TO.UN,24800914
Nigeria,NGA,2008,"Population, ages 13-19, total",SP.POP.1319.TO.UN,24236900
Nigeria,NGA,2007,"Population, ages 13-19, total",SP.POP.1319.TO.UN,23664871
Nigeria,NGA,2006,"Population, ages 13-19, total",SP.POP.1319.TO.UN,23090426
Nigeria,NGA,2005,"Population, ages 13-19, total",SP.POP.1319.TO.UN,22517395
Nigeria,NGA,2004,"Population, ages 13-19, total",SP.POP.1319.TO.UN,21948854
Nigeria,NGA,2003,"Population, ages 13-19, total",SP.POP.1319.TO.UN,21383195
Nigeria,NGA,2002,"Population, ages 13-19, total",SP.POP.1319.TO.UN,20814164
Nigeria,NGA,2001,"Population, ages 13-19, total",SP.POP.1319.TO.UN,20232857
Nigeria,NGA,2000,"Population, ages 13-19, total",SP.POP.1319.TO.UN,19633977
Nigeria,NGA,1999,"Population, ages 13-19, total",SP.POP.1319.TO.UN,19015496
Nigeria,NGA,1998,"Population, ages 13-19, total",SP.POP.1319.TO.UN,18382845
Nigeria,NGA,1997,"Population, ages 13-19, total",SP.POP.1319.TO.UN,17747411
Nigeria,NGA,1996,"Population, ages 13-19, total",SP.POP.1319.TO.UN,17124767
Nigeria,NGA,1995,"Population, ages 13-19, total",SP.POP.1319.TO.UN,16526693
Nigeria,NGA,1994,"Population, ages 13-19, total",SP.POP.1319.TO.UN,15957528
Nigeria,NGA,1993,"Population, ages 13-19, total",SP.POP.1319.TO.UN,15416011
Nigeria,NGA,1992,"Population, ages 13-19, total",SP.POP.1319.TO.UN,14901422
Nigeria,NGA,1991,"Population, ages 13-19, total",SP.POP.1319.TO.UN,14411024
Nigeria,NGA,1990,"Population, ages 13-19, total",SP.POP.1319.TO.UN,13942810
Nigeria,NGA,2015,"Population, ages 14-18, female",SP.POP.1418.FE.UN,9856525
Nigeria,NGA,2014,"Population, ages 14-18, female",SP.POP.1418.FE.UN,9671112
Nigeria,NGA,2013,"Population, ages 14-18, female",SP.POP.1418.FE.UN,9493261
Nigeria,NGA,2012,"Population, ages 14-18, female",SP.POP.1418.FE.UN,9318975
Nigeria,NGA,2011,"Population, ages 14-18, female",SP.POP.1418.FE.UN,9142154
Nigeria,NGA,2010,"Population, ages 14-18, female",SP.POP.1418.FE.UN,8958485
Nigeria,NGA,2009,"Population, ages 14-18, female",SP.POP.1418.FE.UN,8766430
Nigeria,NGA,2008,"Population, ages 14-18, female",SP.POP.1418.FE.UN,8567721
Nigeria,NGA,2007,"Population, ages 14-18, female",SP.POP.1418.FE.UN,8365189
Nigeria,NGA,2006,"Population, ages 14-18, female",SP.POP.1418.FE.UN,8163077
Nigeria,NGA,2005,"Population, ages 14-18, female",SP.POP.1418.FE.UN,7964257
Nigeria,NGA,2004,"Population, ages 14-18, female",SP.POP.1418.FE.UN,7770541
Nigeria,NGA,2003,"Population, ages 14-18, female",SP.POP.1418.FE.UN,7580502
Nigeria,NGA,2002,"Population, ages 14-18, female",SP.POP.1418.FE.UN,7389963
Nigeria,NGA,2001,"Population, ages 14-18, female",SP.POP.1418.FE.UN,7192984
Nigeria,NGA,2000,"Population, ages 14-18, female",SP.POP.1418.FE.UN,6985785
Nigeria,NGA,1999,"Population, ages 14-18, female",SP.POP.1418.FE.UN,6766827
Nigeria,NGA,1998,"Population, ages 14-18, female",SP.POP.1418.FE.UN,6538907
Nigeria,NGA,1997,"Population, ages 14-18, female",SP.POP.1418.FE.UN,6307901
Nigeria,NGA,1996,"Population, ages 14-18, female",SP.POP.1418.FE.UN,6082020
Nigeria,NGA,1995,"Population, ages 14-18, female",SP.POP.1418.FE.UN,5867359
Nigeria,NGA,1994,"Population, ages 14-18, female",SP.POP.1418.FE.UN,5666050
Nigeria,NGA,1993,"Population, ages 14-18, female",SP.POP.1418.FE.UN,5476967
Nigeria,NGA,1992,"Population, ages 14-18, female",SP.POP.1418.FE.UN,5298965
Nigeria,NGA,1991,"Population, ages 14-18, female",SP.POP.1418.FE.UN,5129664
Nigeria,NGA,1990,"Population, ages 14-18, female",SP.POP.1418.FE.UN,4967308
Nigeria,NGA,2015,"Population, ages 14-18, male",SP.POP.1418.MA.UN,10118439
Nigeria,NGA,2014,"Population, ages 14-18, male",SP.POP.1418.MA.UN,9925784
Nigeria,NGA,2013,"Population, ages 14-18, male",SP.POP.1418.MA.UN,9739155
Nigeria,NGA,2012,"Population, ages 14-18, male",SP.POP.1418.MA.UN,9554718
Nigeria,NGA,2011,"Population, ages 14-18, male",SP.POP.1418.MA.UN,9366639
Nigeria,NGA,2010,"Population, ages 14-18, male",SP.POP.1418.MA.UN,9170837
Nigeria,NGA,2009,"Population, ages 14-18, male",SP.POP.1418.MA.UN,8965887
Nigeria,NGA,2008,"Population, ages 14-18, male",SP.POP.1418.MA.UN,8753590
Nigeria,NGA,2007,"Population, ages 14-18, male",SP.POP.1418.MA.UN,8536926
Nigeria,NGA,2006,"Population, ages 14-18, male",SP.POP.1418.MA.UN,8320298
Nigeria,NGA,2005,"Population, ages 14-18, male",SP.POP.1418.MA.UN,8106748
Nigeria,NGA,2004,"Population, ages 14-18, male",SP.POP.1418.MA.UN,7898160
Nigeria,NGA,2003,"Population, ages 14-18, male",SP.POP.1418.MA.UN,7693288
Nigeria,NGA,2002,"Population, ages 14-18, male",SP.POP.1418.MA.UN,7488361
Nigeria,NGA,2001,"Population, ages 14-18, male",SP.POP.1418.MA.UN,7277946
Nigeria,NGA,2000,"Population, ages 14-18, male",SP.POP.1418.MA.UN,7058622
Nigeria,NGA,1999,"Population, ages 14-18, male",SP.POP.1418.MA.UN,6828981
Nigeria,NGA,1998,"Population, ages 14-18, male",SP.POP.1418.MA.UN,6591764
Nigeria,NGA,1997,"Population, ages 14-18, male",SP.POP.1418.MA.UN,6352781
Nigeria,NGA,1996,"Population, ages 14-18, male",SP.POP.1418.MA.UN,6120091
Nigeria,NGA,1995,"Population, ages 14-18, male",SP.POP.1418.MA.UN,5899627
Nigeria,NGA,1994,"Population, ages 14-18, male",SP.POP.1418.MA.UN,5693671
Nigeria,NGA,1993,"Population, ages 14-18, male",SP.POP.1418.MA.UN,5501038
Nigeria,NGA,1992,"Population, ages 14-18, male",SP.POP.1418.MA.UN,5319955
Nigeria,NGA,1991,"Population, ages 14-18, male",SP.POP.1418.MA.UN,5147219
Nigeria,NGA,1990,"Population, ages 14-18, male",SP.POP.1418.MA.UN,4980538
Nigeria,NGA,2015,"Population, ages 14-18, total",SP.POP.1418.TO.UN,19974964
Nigeria,NGA,2014,"Population, ages 14-18, total",SP.POP.1418.TO.UN,19596896
Nigeria,NGA,2013,"Population, ages 14-18, total",SP.POP.1418.TO.UN,19232416
Nigeria,NGA,2012,"Population, ages 14-18, total",SP.POP.1418.TO.UN,18873693
Nigeria,NGA,2011,"Population, ages 14-18, total",SP.POP.1418.TO.UN,18508793
Nigeria,NGA,2010,"Population, ages 14-18, total",SP.POP.1418.TO.UN,18129322
Nigeria,NGA,2009,"Population, ages 14-18, total",SP.POP.1418.TO.UN,17732317
Nigeria,NGA,2008,"Population, ages 14-18, total",SP.POP.1418.TO.UN,17321311
Nigeria,NGA,2007,"Population, ages 14-18, total",SP.POP.1418.TO.UN,16902115
Nigeria,NGA,2006,"Population, ages 14-18, total",SP.POP.1418.TO.UN,16483375
Nigeria,NGA,2005,"Population, ages 14-18, total",SP.POP.1418.TO.UN,16071005
Nigeria,NGA,2004,"Population, ages 14-18, total",SP.POP.1418.TO.UN,15668701
Nigeria,NGA,2003,"Population, ages 14-18, total",SP.POP.1418.TO.UN,15273790
Nigeria,NGA,2002,"Population, ages 14-18, total",SP.POP.1418.TO.UN,14878324
Nigeria,NGA,2001,"Population, ages 14-18, total",SP.POP.1418.TO.UN,14470930
Nigeria,NGA,2000,"Population, ages 14-18, total",SP.POP.1418.TO.UN,14044407
Nigeria,NGA,1999,"Population, ages 14-18, total",SP.POP.1418.TO.UN,13595808
Nigeria,NGA,1998,"Population, ages 14-18, total",SP.POP.1418.TO.UN,13130671
Nigeria,NGA,1997,"Population, ages 14-18, total",SP.POP.1418.TO.UN,12660682
Nigeria,NGA,1996,"Population, ages 14-18, total",SP.POP.1418.TO.UN,12202111
Nigeria,NGA,1995,"Population, ages 14-18, total",SP.POP.1418.TO.UN,11766986
Nigeria,NGA,1994,"Population, ages 14-18, total",SP.POP.1418.TO.UN,11359721
Nigeria,NGA,1993,"Population, ages 14-18, total",SP.POP.1418.TO.UN,10978005
Nigeria,NGA,1992,"Population, ages 14-18, total",SP.POP.1418.TO.UN,10618920
Nigeria,NGA,1991,"Population, ages 14-18, total",SP.POP.1418.TO.UN,10276883
Nigeria,NGA,1990,"Population, ages 14-18, total",SP.POP.1418.TO.UN,9947846
Nigeria,NGA,2015,"Population, ages 14-19, female",SP.POP.1419.FE.UN,11691743
Nigeria,NGA,2014,"Population, ages 14-19, female",SP.POP.1419.FE.UN,11469290
Nigeria,NGA,2013,"Population, ages 14-19, female",SP.POP.1419.FE.UN,11255251
Nigeria,NGA,2012,"Population, ages 14-19, female",SP.POP.1419.FE.UN,11045090
Nigeria,NGA,2011,"Population, ages 14-19, female",SP.POP.1419.FE.UN,10831925
Nigeria,NGA,2010,"Population, ages 14-19, female",SP.POP.1419.FE.UN,10610882
Nigeria,NGA,2009,"Population, ages 14-19, female",SP.POP.1419.FE.UN,10380257
Nigeria,NGA,2008,"Population, ages 14-19, female",SP.POP.1419.FE.UN,10141972
Nigeria,NGA,2007,"Population, ages 14-19, female",SP.POP.1419.FE.UN,9899080
Nigeria,NGA,2006,"Population, ages 14-19, female",SP.POP.1419.FE.UN,9656189
Nigeria,NGA,2005,"Population, ages 14-19, female",SP.POP.1419.FE.UN,9416446
Nigeria,NGA,2004,"Population, ages 14-19, female",SP.POP.1419.FE.UN,9181863
Nigeria,NGA,2003,"Population, ages 14-19, female",SP.POP.1419.FE.UN,8950990
Nigeria,NGA,2002,"Population, ages 14-19, female",SP.POP.1419.FE.UN,8719464
Nigeria,NGA,2001,"Population, ages 14-19, female",SP.POP.1419.FE.UN,8481055
Nigeria,NGA,2000,"Population, ages 14-19, female",SP.POP.1419.FE.UN,8231869
Nigeria,NGA,1999,"Population, ages 14-19, female",SP.POP.1419.FE.UN,7970246
Nigeria,NGA,1998,"Population, ages 14-19, female",SP.POP.1419.FE.UN,7699344
Nigeria,NGA,1997,"Population, ages 14-19, female",SP.POP.1419.FE.UN,7425994
Nigeria,NGA,1996,"Population, ages 14-19, female",SP.POP.1419.FE.UN,7159673
Nigeria,NGA,1995,"Population, ages 14-19, female",SP.POP.1419.FE.UN,6907377
Nigeria,NGA,1994,"Population, ages 14-19, female",SP.POP.1419.FE.UN,6671655
Nigeria,NGA,1993,"Population, ages 14-19, female",SP.POP.1419.FE.UN,6451135
Nigeria,NGA,1992,"Population, ages 14-19, female",SP.POP.1419.FE.UN,6244077
Nigeria,NGA,1991,"Population, ages 14-19, female",SP.POP.1419.FE.UN,6047172
Nigeria,NGA,1990,"Population, ages 14-19, female",SP.POP.1419.FE.UN,5857987
Nigeria,NGA,2015,"Population, ages 14-19, male",SP.POP.1419.MA.UN,11996434
Nigeria,NGA,2014,"Population, ages 14-19, male",SP.POP.1419.MA.UN,11764614
Nigeria,NGA,2013,"Population, ages 14-19, male",SP.POP.1419.MA.UN,11539420
Nigeria,NGA,2012,"Population, ages 14-19, male",SP.POP.1419.MA.UN,11316544
Nigeria,NGA,2011,"Population, ages 14-19, male",SP.POP.1419.MA.UN,11089456
Nigeria,NGA,2010,"Population, ages 14-19, male",SP.POP.1419.MA.UN,10853583
Nigeria,NGA,2009,"Population, ages 14-19, male",SP.POP.1419.MA.UN,10607372
Nigeria,NGA,2008,"Population, ages 14-19, male",SP.POP.1419.MA.UN,10352824
Nigeria,NGA,2007,"Population, ages 14-19, male",SP.POP.1419.MA.UN,10093167
Nigeria,NGA,2006,"Population, ages 14-19, male",SP.POP.1419.MA.UN,9833184
Nigeria,NGA,2005,"Population, ages 14-19, male",SP.POP.1419.MA.UN,9576214
Nigeria,NGA,2004,"Population, ages 14-19, male",SP.POP.1419.MA.UN,9324347
Nigeria,NGA,2003,"Population, ages 14-19, male",SP.POP.1419.MA.UN,9076338
Nigeria,NGA,2002,"Population, ages 14-19, male",SP.POP.1419.MA.UN,8828283
Nigeria,NGA,2001,"Population, ages 14-19, male",SP.POP.1419.MA.UN,8574523
Nigeria,NGA,2000,"Population, ages 14-19, male",SP.POP.1419.MA.UN,8311564
Nigeria,NGA,1999,"Population, ages 14-19, male",SP.POP.1419.MA.UN,8037903
Nigeria,NGA,1998,"Population, ages 14-19, male",SP.POP.1419.MA.UN,7756617
Nigeria,NGA,1997,"Population, ages 14-19, male",SP.POP.1419.MA.UN,7474396
Nigeria,NGA,1996,"Population, ages 14-19, male",SP.POP.1419.MA.UN,7200453
Nigeria,NGA,1995,"Population, ages 14-19, male",SP.POP.1419.MA.UN,6941544
Nigeria,NGA,1994,"Population, ages 14-19, male",SP.POP.1419.MA.UN,6700364
Nigeria,NGA,1993,"Population, ages 14-19, male",SP.POP.1419.MA.UN,6475498
Nigeria,NGA,1992,"Population, ages 14-19, male",SP.POP.1419.MA.UN,6264554
Nigeria,NGA,1991,"Population, ages 14-19, male",SP.POP.1419.MA.UN,6063370
Nigeria,NGA,1990,"Population, ages 14-19, male",SP.POP.1419.MA.UN,5868971
Nigeria,NGA,2015,"Population, ages 14-19, total",SP.POP.1419.TO.UN,23688177
Nigeria,NGA,2014,"Population, ages 14-19, total",SP.POP.1419.TO.UN,23233904
Nigeria,NGA,2013,"Population, ages 14-19, total",SP.POP.1419.TO.UN,22794671
Nigeria,NGA,2012,"Population, ages 14-19, total",SP.POP.1419.TO.UN,22361634
Nigeria,NGA,2011,"Population, ages 14-19, total",SP.POP.1419.TO.UN,21921381
Nigeria,NGA,2010,"Population, ages 14-19, total",SP.POP.1419.TO.UN,21464465
Nigeria,NGA,2009,"Population, ages 14-19, total",SP.POP.1419.TO.UN,20987629
Nigeria,NGA,2008,"Population, ages 14-19, total",SP.POP.1419.TO.UN,20494796
Nigeria,NGA,2007,"Population, ages 14-19, total",SP.POP.1419.TO.UN,19992247
Nigeria,NGA,2006,"Population, ages 14-19, total",SP.POP.1419.TO.UN,19489373
Nigeria,NGA,2005,"Population, ages 14-19, total",SP.POP.1419.TO.UN,18992660
Nigeria,NGA,2004,"Population, ages 14-19, total",SP.POP.1419.TO.UN,18506210
Nigeria,NGA,2003,"Population, ages 14-19, total",SP.POP.1419.TO.UN,18027328
Nigeria,NGA,2002,"Population, ages 14-19, total",SP.POP.1419.TO.UN,17547747
Nigeria,NGA,2001,"Population, ages 14-19, total",SP.POP.1419.TO.UN,17055578
Nigeria,NGA,2000,"Population, ages 14-19, total",SP.POP.1419.TO.UN,16543433
Nigeria,NGA,1999,"Population, ages 14-19, total",SP.POP.1419.TO.UN,16008149
Nigeria,NGA,1998,"Population, ages 14-19, total",SP.POP.1419.TO.UN,15455961
Nigeria,NGA,1997,"Population, ages 14-19, total",SP.POP.1419.TO.UN,14900390
Nigeria,NGA,1996,"Population, ages 14-19, total",SP.POP.1419.TO.UN,14360126
Nigeria,NGA,1995,"Population, ages 14-19, total",SP.POP.1419.TO.UN,13848921
Nigeria,NGA,1994,"Population, ages 14-19, total",SP.POP.1419.TO.UN,13372019
Nigeria,NGA,1993,"Population, ages 14-19, total",SP.POP.1419.TO.UN,12926633
Nigeria,NGA,1992,"Population, ages 14-19, total",SP.POP.1419.TO.UN,12508631
Nigeria,NGA,1991,"Population, ages 14-19, total",SP.POP.1419.TO.UN,12110542
Nigeria,NGA,1990,"Population, ages 14-19, total",SP.POP.1419.TO.UN,11726958
Nigeria,NGA,2015,"Population, ages 15-24, female",SP.POP.1524.FE.UN,18130203
Nigeria,NGA,2014,"Population, ages 15-24, female",SP.POP.1524.FE.UN,17754936
Nigeria,NGA,2013,"Population, ages 15-24, female",SP.POP.1524.FE.UN,17380502
Nigeria,NGA,2012,"Population, ages 15-24, female",SP.POP.1524.FE.UN,17005517
Nigeria,NGA,2011,"Population, ages 15-24, female",SP.POP.1524.FE.UN,16627946
Nigeria,NGA,2010,"Population, ages 15-24, female",SP.POP.1524.FE.UN,16246277
Nigeria,NGA,2009,"Population, ages 15-24, female",SP.POP.1524.FE.UN,15860651
Nigeria,NGA,2008,"Population, ages 15-24, female",SP.POP.1524.FE.UN,15471539
Nigeria,NGA,2007,"Population, ages 15-24, female",SP.POP.1524.FE.UN,15078222
Nigeria,NGA,2006,"Population, ages 15-24, female",SP.POP.1524.FE.UN,14679873
Nigeria,NGA,2005,"Population, ages 15-24, female",SP.POP.1524.FE.UN,14276243
Nigeria,NGA,2004,"Population, ages 15-24, female",SP.POP.1524.FE.UN,13867765
Nigeria,NGA,2003,"Population, ages 15-24, female",SP.POP.1524.FE.UN,13455773
Nigeria,NGA,2002,"Population, ages 15-24, female",SP.POP.1524.FE.UN,13042199
Nigeria,NGA,2001,"Population, ages 15-24, female",SP.POP.1524.FE.UN,12629537
Nigeria,NGA,2000,"Population, ages 15-24, female",SP.POP.1524.FE.UN,12220205
Nigeria,NGA,1999,"Population, ages 15-24, female",SP.POP.1524.FE.UN,11814724
Nigeria,NGA,1998,"Population, ages 15-24, female",SP.POP.1524.FE.UN,11414593
Nigeria,NGA,1997,"Population, ages 15-24, female",SP.POP.1524.FE.UN,11024368
Nigeria,NGA,1996,"Population, ages 15-24, female",SP.POP.1524.FE.UN,10649645
Nigeria,NGA,1995,"Population, ages 15-24, female",SP.POP.1524.FE.UN,10294424
Nigeria,NGA,1994,"Population, ages 15-24, female",SP.POP.1524.FE.UN,9961019
Nigeria,NGA,1993,"Population, ages 15-24, female",SP.POP.1524.FE.UN,9648713
Nigeria,NGA,1992,"Population, ages 15-24, female",SP.POP.1524.FE.UN,9354630
Nigeria,NGA,1991,"Population, ages 15-24, female",SP.POP.1524.FE.UN,9074200
Nigeria,NGA,1990,"Population, ages 15-24, female",SP.POP.1524.FE.UN,8804093
Nigeria,NGA,2015,"Population, ages 15-24, male",SP.POP.1524.MA.UN,18528820
Nigeria,NGA,2014,"Population, ages 15-24, male",SP.POP.1524.MA.UN,18132836
Nigeria,NGA,2013,"Population, ages 15-24, male",SP.POP.1524.MA.UN,17735731
Nigeria,NGA,2012,"Population, ages 15-24, male",SP.POP.1524.MA.UN,17336621
Nigeria,NGA,2011,"Population, ages 15-24, male",SP.POP.1524.MA.UN,16934126
Nigeria,NGA,2010,"Population, ages 15-24, male",SP.POP.1524.MA.UN,16527277
Nigeria,NGA,2009,"Population, ages 15-24, male",SP.POP.1524.MA.UN,16116498
Nigeria,NGA,2008,"Population, ages 15-24, male",SP.POP.1524.MA.UN,15702388
Nigeria,NGA,2007,"Population, ages 15-24, male",SP.POP.1524.MA.UN,15284441
Nigeria,NGA,2006,"Population, ages 15-24, male",SP.POP.1524.MA.UN,14862002
Nigeria,NGA,2005,"Population, ages 15-24, male",SP.POP.1524.MA.UN,14435002
Nigeria,NGA,2004,"Population, ages 15-24, male",SP.POP.1524.MA.UN,14003944
Nigeria,NGA,2003,"Population, ages 15-24, male",SP.POP.1524.MA.UN,13570351
Nigeria,NGA,2002,"Population, ages 15-24, male",SP.POP.1524.MA.UN,13136567
Nigeria,NGA,2001,"Population, ages 15-24, male",SP.POP.1524.MA.UN,12705575
Nigeria,NGA,2000,"Population, ages 15-24, male",SP.POP.1524.MA.UN,12280106
Nigeria,NGA,1999,"Population, ages 15-24, male",SP.POP.1524.MA.UN,11860916
Nigeria,NGA,1998,"Population, ages 15-24, male",SP.POP.1524.MA.UN,11449325
Nigeria,NGA,1997,"Population, ages 15-24, male",SP.POP.1524.MA.UN,11049270
Nigeria,NGA,1996,"Population, ages 15-24, male",SP.POP.1524.MA.UN,10665452
Nigeria,NGA,1995,"Population, ages 15-24, male",SP.POP.1524.MA.UN,10301231
Nigeria,NGA,1994,"Population, ages 15-24, male",SP.POP.1524.MA.UN,9958853
Nigeria,NGA,1993,"Population, ages 15-24, male",SP.POP.1524.MA.UN,9637801
Nigeria,NGA,1992,"Population, ages 15-24, male",SP.POP.1524.MA.UN,9335172
Nigeria,NGA,1991,"Population, ages 15-24, male",SP.POP.1524.MA.UN,9046427
Nigeria,NGA,1990,"Population, ages 15-24, male",SP.POP.1524.MA.UN,8768352
Nigeria,NGA,2015,"Population, ages 15-24, total",SP.POP.1524.TO.UN,36659023
Nigeria,NGA,2014,"Population, ages 15-24, total",SP.POP.1524.TO.UN,35887772
Nigeria,NGA,2013,"Population, ages 15-24, total",SP.POP.1524.TO.UN,35116233
Nigeria,NGA,2012,"Population, ages 15-24, total",SP.POP.1524.TO.UN,34342138
Nigeria,NGA,2011,"Population, ages 15-24, total",SP.POP.1524.TO.UN,33562072
Nigeria,NGA,2010,"Population, ages 15-24, total",SP.POP.1524.TO.UN,32773554
Nigeria,NGA,2009,"Population, ages 15-24, total",SP.POP.1524.TO.UN,31977149
Nigeria,NGA,2008,"Population, ages 15-24, total",SP.POP.1524.TO.UN,31173927
Nigeria,NGA,2007,"Population, ages 15-24, total",SP.POP.1524.TO.UN,30362663
Nigeria,NGA,2006,"Population, ages 15-24, total",SP.POP.1524.TO.UN,29541875
Nigeria,NGA,2005,"Population, ages 15-24, total",SP.POP.1524.TO.UN,28711245
Nigeria,NGA,2004,"Population, ages 15-24, total",SP.POP.1524.TO.UN,27871709
Nigeria,NGA,2003,"Population, ages 15-24, total",SP.POP.1524.TO.UN,27026124
Nigeria,NGA,2002,"Population, ages 15-24, total",SP.POP.1524.TO.UN,26178766
Nigeria,NGA,2001,"Population, ages 15-24, total",SP.POP.1524.TO.UN,25335112
Nigeria,NGA,2000,"Population, ages 15-24, total",SP.POP.1524.TO.UN,24500311
Nigeria,NGA,1999,"Population, ages 15-24, total",SP.POP.1524.TO.UN,23675640
Nigeria,NGA,1998,"Population, ages 15-24, total",SP.POP.1524.TO.UN,22863918
Nigeria,NGA,1997,"Population, ages 15-24, total",SP.POP.1524.TO.UN,22073638
Nigeria,NGA,1996,"Population, ages 15-24, total",SP.POP.1524.TO.UN,21315097
Nigeria,NGA,1995,"Population, ages 15-24, total",SP.POP.1524.TO.UN,20595655
Nigeria,NGA,1994,"Population, ages 15-24, total",SP.POP.1524.TO.UN,19919872
Nigeria,NGA,1993,"Population, ages 15-24, total",SP.POP.1524.TO.UN,19286514
Nigeria,NGA,1992,"Population, ages 15-24, total",SP.POP.1524.TO.UN,18689802
Nigeria,NGA,1991,"Population, ages 15-24, total",SP.POP.1524.TO.UN,18120627
Nigeria,NGA,1990,"Population, ages 15-24, total",SP.POP.1524.TO.UN,17572445
Nigeria,NGA,2015,"Population, age 0, female",SP.POP.AG00.FE.UN,2753493
Nigeria,NGA,2013,"Population, age 0, female",SP.POP.AG00.FE.UN,2727668
Nigeria,NGA,2012,"Population, age 0, female",SP.POP.AG00.FE.UN,2709575
Nigeria,NGA,2011,"Population, age 0, female",SP.POP.AG00.FE.UN,2691321
Nigeria,NGA,2010,"Population, age 0, female",SP.POP.AG00.FE.UN,2674651
Nigeria,NGA,2009,"Population, age 0, female",SP.POP.AG00.FE.UN,2660758
Nigeria,NGA,2008,"Population, age 0, female",SP.POP.AG00.FE.UN,2648602
Nigeria,NGA,2007,"Population, age 0, female",SP.POP.AG00.FE.UN,2635031
Nigeria,NGA,2006,"Population, age 0, female",SP.POP.AG00.FE.UN,2615612
Nigeria,NGA,2005,"Population, age 0, female",SP.POP.AG00.FE.UN,2587409
Nigeria,NGA,2004,"Population, age 0, female",SP.POP.AG00.FE.UN,2548858
Nigeria,NGA,2003,"Population, age 0, female",SP.POP.AG00.FE.UN,2501587
Nigeria,NGA,2002,"Population, age 0, female",SP.POP.AG00.FE.UN,2449730
Nigeria,NGA,2001,"Population, age 0, female",SP.POP.AG00.FE.UN,2399173
Nigeria,NGA,2000,"Population, age 0, female",SP.POP.AG00.FE.UN,2354024
Nigeria,NGA,1999,"Population, age 0, female",SP.POP.AG00.FE.UN,2316221
Nigeria,NGA,1998,"Population, age 0, female",SP.POP.AG00.FE.UN,2284207
Nigeria,NGA,1997,"Population, age 0, female",SP.POP.AG00.FE.UN,2254400
Nigeria,NGA,1996,"Population, age 0, female",SP.POP.AG00.FE.UN,2221474
Nigeria,NGA,1995,"Population, age 0, female",SP.POP.AG00.FE.UN,2181793
Nigeria,NGA,1994,"Population, age 0, female",SP.POP.AG00.FE.UN,2133739
Nigeria,NGA,1993,"Population, age 0, female",SP.POP.AG00.FE.UN,2079097
Nigeria,NGA,1992,"Population, age 0, female",SP.POP.AG00.FE.UN,2021695
Nigeria,NGA,1991,"Population, age 0, female",SP.POP.AG00.FE.UN,1967049
Nigeria,NGA,1990,"Population, age 0, female",SP.POP.AG00.FE.UN,1918927
Nigeria,NGA,2015,"Population, age 0, male",SP.POP.AG00.MA.UN,2825902
Nigeria,NGA,2014,"Population, age 0, male",SP.POP.AG00.MA.UN,2814358
Nigeria,NGA,2013,"Population, age 0, male",SP.POP.AG00.MA.UN,2797769
Nigeria,NGA,2012,"Population, age 0, male",SP.POP.AG00.MA.UN,2778154
Nigeria,NGA,2011,"Population, age 0, male",SP.POP.AG00.MA.UN,2758422
Nigeria,NGA,2010,"Population, age 0, male",SP.POP.AG00.MA.UN,2740478
Nigeria,NGA,2009,"Population, age 0, male",SP.POP.AG00.MA.UN,2725591
Nigeria,NGA,2008,"Population, age 0, male",SP.POP.AG00.MA.UN,2712647
Nigeria,NGA,2007,"Population, age 0, male",SP.POP.AG00.MA.UN,2698337
Nigeria,NGA,2006,"Population, age 0, male",SP.POP.AG00.MA.UN,2678001
Nigeria,NGA,2005,"Population, age 0, male",SP.POP.AG00.MA.UN,2648549
Nigeria,NGA,2004,"Population, age 0, male",SP.POP.AG00.MA.UN,2608344
Nigeria,NGA,2003,"Population, age 0, male",SP.POP.AG00.MA.UN,2559095
Nigeria,NGA,2002,"Population, age 0, male",SP.POP.AG00.MA.UN,2505097
Nigeria,NGA,2001,"Population, age 0, male",SP.POP.AG00.MA.UN,2452466
Nigeria,NGA,2000,"Population, age 0, male",SP.POP.AG00.MA.UN,2405477
Nigeria,NGA,1999,"Population, age 0, male",SP.POP.AG00.MA.UN,2366126
Nigeria,NGA,1998,"Population, age 0, male",SP.POP.AG00.MA.UN,2332794
Nigeria,NGA,1997,"Population, age 0, male",SP.POP.AG00.MA.UN,2301774
Nigeria,NGA,1996,"Population, age 0, male",SP.POP.AG00.MA.UN,2267558
Nigeria,NGA,1995,"Population, age 0, male",SP.POP.AG00.MA.UN,2226379
Nigeria,NGA,1994,"Population, age 0, male",SP.POP.AG00.MA.UN,2176591
Nigeria,NGA,1993,"Population, age 0, male",SP.POP.AG00.MA.UN,2120032
Nigeria,NGA,1992,"Population, age 0, male",SP.POP.AG00.MA.UN,2060572
Nigeria,NGA,1991,"Population, age 0, male",SP.POP.AG00.MA.UN,2003803
Nigeria,NGA,1990,"Population, age 0, male",SP.POP.AG00.MA.UN,1953554
Nigeria,NGA,2015,"Population, age 0, total",SP.POP.AG00.TO.UN,5579395
Nigeria,NGA,2013,"Population, age 0, total",SP.POP.AG00.TO.UN,5525437
Nigeria,NGA,2012,"Population, age 0, total",SP.POP.AG00.TO.UN,5487729
Nigeria,NGA,2011,"Population, age 0, total",SP.POP.AG00.TO.UN,5449743
Nigeria,NGA,2010,"Population, age 0, total",SP.POP.AG00.TO.UN,5415129
Nigeria,NGA,2009,"Population, age 0, total",SP.POP.AG00.TO.UN,5386349
Nigeria,NGA,2008,"Population, age 0, total",SP.POP.AG00.TO.UN,5361249
Nigeria,NGA,2007,"Population, age 0, total",SP.POP.AG00.TO.UN,5333368
Nigeria,NGA,2006,"Population, age 0, total",SP.POP.AG00.TO.UN,5293613
Nigeria,NGA,2005,"Population, age 0, total",SP.POP.AG00.TO.UN,5235958
Nigeria,NGA,2004,"Population, age 0, total",SP.POP.AG00.TO.UN,5157202
Nigeria,NGA,2003,"Population, age 0, total",SP.POP.AG00.TO.UN,5060682
Nigeria,NGA,2002,"Population, age 0, total",SP.POP.AG00.TO.UN,4954827
Nigeria,NGA,2001,"Population, age 0, total",SP.POP.AG00.TO.UN,4851639
Nigeria,NGA,2000,"Population, age 0, total",SP.POP.AG00.TO.UN,4759501
Nigeria,NGA,1999,"Population, age 0, total",SP.POP.AG00.TO.UN,4682347
Nigeria,NGA,1998,"Population, age 0, total",SP.POP.AG00.TO.UN,4617001
Nigeria,NGA,1997,"Population, age 0, total",SP.POP.AG00.TO.UN,4556174
Nigeria,NGA,1996,"Population, age 0, total",SP.POP.AG00.TO.UN,4489032
Nigeria,NGA,1995,"Population, age 0, total",SP.POP.AG00.TO.UN,4408172
Nigeria,NGA,1994,"Population, age 0, total",SP.POP.AG00.TO.UN,4310330
Nigeria,NGA,1993,"Population, age 0, total",SP.POP.AG00.TO.UN,4199129
Nigeria,NGA,1992,"Population, age 0, total",SP.POP.AG00.TO.UN,4082267
Nigeria,NGA,1991,"Population, age 0, total",SP.POP.AG00.TO.UN,3970852
Nigeria,NGA,1990,"Population, age 0, total",SP.POP.AG00.TO.UN,3872481
Nigeria,NGA,2015,"Population, age 1, female",SP.POP.AG01.FE.UN,2687023
Nigeria,NGA,2013,"Population, age 1, female",SP.POP.AG01.FE.UN,2659357
Nigeria,NGA,2012,"Population, age 1, female",SP.POP.AG01.FE.UN,2641252
Nigeria,NGA,2011,"Population, age 1, female",SP.POP.AG01.FE.UN,2621582
Nigeria,NGA,2010,"Population, age 1, female",SP.POP.AG01.FE.UN,2601038
Nigeria,NGA,2009,"Population, age 1, female",SP.POP.AG01.FE.UN,2580150
Nigeria,NGA,2008,"Population, age 1, female",SP.POP.AG01.FE.UN,2558538
Nigeria,NGA,2007,"Population, age 1, female",SP.POP.AG01.FE.UN,2534929
Nigeria,NGA,2006,"Population, age 1, female",SP.POP.AG01.FE.UN,2507530
Nigeria,NGA,2005,"Population, age 1, female",SP.POP.AG01.FE.UN,2475208
Nigeria,NGA,2004,"Population, age 1, female",SP.POP.AG01.FE.UN,2437291
Nigeria,NGA,2003,"Population, age 1, female",SP.POP.AG01.FE.UN,2394599
Nigeria,NGA,2002,"Population, age 1, female",SP.POP.AG01.FE.UN,2349288
Nigeria,NGA,2001,"Population, age 1, female",SP.POP.AG01.FE.UN,2304369
Nigeria,NGA,2000,"Population, age 1, female",SP.POP.AG01.FE.UN,2261954
Nigeria,NGA,1999,"Population, age 1, female",SP.POP.AG01.FE.UN,2223066
Nigeria,NGA,1998,"Population, age 1, female",SP.POP.AG01.FE.UN,2186963
Nigeria,NGA,1997,"Population, age 1, female",SP.POP.AG01.FE.UN,2151864
Nigeria,NGA,1996,"Population, age 1, female",SP.POP.AG01.FE.UN,2115098
Nigeria,NGA,1995,"Population, age 1, female",SP.POP.AG01.FE.UN,2074827
Nigeria,NGA,1994,"Population, age 1, female",SP.POP.AG01.FE.UN,2030287
Nigeria,NGA,1993,"Population, age 1, female",SP.POP.AG01.FE.UN,1982358
Nigeria,NGA,1992,"Population, age 1, female",SP.POP.AG01.FE.UN,1932793
Nigeria,NGA,1991,"Population, age 1, female",SP.POP.AG01.FE.UN,1884134
Nigeria,NGA,1990,"Population, age 1, female",SP.POP.AG01.FE.UN,1838122
Nigeria,NGA,2015,"Population, age 1, male",SP.POP.AG01.MA.UN,2755194
Nigeria,NGA,2014,"Population, age 1, male",SP.POP.AG01.MA.UN,2742135
Nigeria,NGA,2013,"Population, age 1, male",SP.POP.AG01.MA.UN,2725635
Nigeria,NGA,2012,"Population, age 1, male",SP.POP.AG01.MA.UN,2706479
Nigeria,NGA,2011,"Population, age 1, male",SP.POP.AG01.MA.UN,2685828
Nigeria,NGA,2010,"Population, age 1, male",SP.POP.AG01.MA.UN,2664444
Nigeria,NGA,2009,"Population, age 1, male",SP.POP.AG01.MA.UN,2642900
Nigeria,NGA,2008,"Population, age 1, male",SP.POP.AG01.MA.UN,2620770
Nigeria,NGA,2007,"Population, age 1, male",SP.POP.AG01.MA.UN,2596635
Nigeria,NGA,2006,"Population, age 1, male",SP.POP.AG01.MA.UN,2568503
Nigeria,NGA,2005,"Population, age 1, male",SP.POP.AG01.MA.UN,2535101
Nigeria,NGA,2004,"Population, age 1, male",SP.POP.AG01.MA.UN,2495697
Nigeria,NGA,2003,"Population, age 1, male",SP.POP.AG01.MA.UN,2451166
Nigeria,NGA,2002,"Population, age 1, male",SP.POP.AG01.MA.UN,2403799
Nigeria,NGA,2001,"Population, age 1, male",SP.POP.AG01.MA.UN,2356802
Nigeria,NGA,2000,"Population, age 1, male",SP.POP.AG01.MA.UN,2312430
Nigeria,NGA,1999,"Population, age 1, male",SP.POP.AG01.MA.UN,2271762
Nigeria,NGA,1998,"Population, age 1, male",SP.POP.AG01.MA.UN,2234006
Nigeria,NGA,1997,"Population, age 1, male",SP.POP.AG01.MA.UN,2197279
Nigeria,NGA,1996,"Population, age 1, male",SP.POP.AG01.MA.UN,2158760
Nigeria,NGA,1995,"Population, age 1, male",SP.POP.AG01.MA.UN,2116510
Nigeria,NGA,1994,"Population, age 1, male",SP.POP.AG01.MA.UN,2069742
Nigeria,NGA,1993,"Population, age 1, male",SP.POP.AG01.MA.UN,2019393
Nigeria,NGA,1992,"Population, age 1, male",SP.POP.AG01.MA.UN,1967304
Nigeria,NGA,1991,"Population, age 1, male",SP.POP.AG01.MA.UN,1916137
Nigeria,NGA,1990,"Population, age 1, male",SP.POP.AG01.MA.UN,1867731
Nigeria,NGA,2015,"Population, age 1, total",SP.POP.AG01.TO.UN,5442217
Nigeria,NGA,2013,"Population, age 1, total",SP.POP.AG01.TO.UN,5384992
Nigeria,NGA,2012,"Population, age 1, total",SP.POP.AG01.TO.UN,5347731
Nigeria,NGA,2011,"Population, age 1, total",SP.POP.AG01.TO.UN,5307410
Nigeria,NGA,2010,"Population, age 1, total",SP.POP.AG01.TO.UN,5265482
Nigeria,NGA,2009,"Population, age 1, total",SP.POP.AG01.TO.UN,5223050
Nigeria,NGA,2008,"Population, age 1, total",SP.POP.AG01.TO.UN,5179308
Nigeria,NGA,2007,"Population, age 1, total",SP.POP.AG01.TO.UN,5131564
Nigeria,NGA,2006,"Population, age 1, total",SP.POP.AG01.TO.UN,5076033
Nigeria,NGA,2005,"Population, age 1, total",SP.POP.AG01.TO.UN,5010309
Nigeria,NGA,2004,"Population, age 1, total",SP.POP.AG01.TO.UN,4932988
Nigeria,NGA,2003,"Population, age 1, total",SP.POP.AG01.TO.UN,4845765
Nigeria,NGA,2002,"Population, age 1, total",SP.POP.AG01.TO.UN,4753087
Nigeria,NGA,2001,"Population, age 1, total",SP.POP.AG01.TO.UN,4661171
Nigeria,NGA,2000,"Population, age 1, total",SP.POP.AG01.TO.UN,4574384
Nigeria,NGA,1999,"Population, age 1, total",SP.POP.AG01.TO.UN,4494828
Nigeria,NGA,1998,"Population, age 1, total",SP.POP.AG01.TO.UN,4420969
Nigeria,NGA,1997,"Population, age 1, total",SP.POP.AG01.TO.UN,4349143
Nigeria,NGA,1996,"Population, age 1, total",SP.POP.AG01.TO.UN,4273858
Nigeria,NGA,1995,"Population, age 1, total",SP.POP.AG01.TO.UN,4191337
Nigeria,NGA,1994,"Population, age 1, total",SP.POP.AG01.TO.UN,4100029
Nigeria,NGA,1993,"Population, age 1, total",SP.POP.AG01.TO.UN,4001751
Nigeria,NGA,1992,"Population, age 1, total",SP.POP.AG01.TO.UN,3900097
Nigeria,NGA,1991,"Population, age 1, total",SP.POP.AG01.TO.UN,3800271
Nigeria,NGA,1990,"Population, age 1, total",SP.POP.AG01.TO.UN,3705853
Nigeria,NGA,2015,"Population, age 2, female",SP.POP.AG02.FE.UN,2625720
Nigeria,NGA,2013,"Population, age 2, female",SP.POP.AG02.FE.UN,2595000
Nigeria,NGA,2012,"Population, age 2, female",SP.POP.AG02.FE.UN,2576047
Nigeria,NGA,2011,"Population, age 2, female",SP.POP.AG02.FE.UN,2554578
Nigeria,NGA,2010,"Population, age 2, female",SP.POP.AG02.FE.UN,2530557
Nigeria,NGA,2009,"Population, age 2, female",SP.POP.AG02.FE.UN,2504036
Nigeria,NGA,2008,"Population, age 2, female",SP.POP.AG02.FE.UN,2475113
Nigeria,NGA,2007,"Population, age 2, female",SP.POP.AG02.FE.UN,2443880
Nigeria,NGA,2006,"Population, age 2, female",SP.POP.AG02.FE.UN,2410455
Nigeria,NGA,2005,"Population, age 2, female",SP.POP.AG02.FE.UN,2375002
Nigeria,NGA,2004,"Population, age 2, female",SP.POP.AG02.FE.UN,2337508
Nigeria,NGA,2003,"Population, age 2, female",SP.POP.AG02.FE.UN,2298192
Nigeria,NGA,2002,"Population, age 2, female",SP.POP.AG02.FE.UN,2257737
Nigeria,NGA,2001,"Population, age 2, female",SP.POP.AG02.FE.UN,2217016
Nigeria,NGA,2000,"Population, age 2, female",SP.POP.AG02.FE.UN,2176656
Nigeria,NGA,1999,"Population, age 2, female",SP.POP.AG02.FE.UN,2136998
Nigeria,NGA,1998,"Population, age 2, female",SP.POP.AG02.FE.UN,2097903
Nigeria,NGA,1997,"Population, age 2, female",SP.POP.AG02.FE.UN,2058904
Nigeria,NGA,1996,"Population, age 2, female",SP.POP.AG02.FE.UN,2019272
Nigeria,NGA,1995,"Population, age 2, female",SP.POP.AG02.FE.UN,1978491
Nigeria,NGA,1994,"Population, age 2, female",SP.POP.AG02.FE.UN,1936428
Nigeria,NGA,1993,"Population, age 2, female",SP.POP.AG02.FE.UN,1893299
Nigeria,NGA,1992,"Population, age 2, female",SP.POP.AG02.FE.UN,1849350
Nigeria,NGA,1991,"Population, age 2, female",SP.POP.AG02.FE.UN,1804964
Nigeria,NGA,1990,"Population, age 2, female",SP.POP.AG02.FE.UN,1760409
Nigeria,NGA,2015,"Population, age 2, male",SP.POP.AG02.MA.UN,2690539
Nigeria,NGA,2014,"Population, age 2, male",SP.POP.AG02.MA.UN,2675560
Nigeria,NGA,2013,"Population, age 2, male",SP.POP.AG02.MA.UN,2658292
Nigeria,NGA,2012,"Population, age 2, male",SP.POP.AG02.MA.UN,2638657
Nigeria,NGA,2011,"Population, age 2, male",SP.POP.AG02.MA.UN,2616583
Nigeria,NGA,2010,"Population, age 2, male",SP.POP.AG02.MA.UN,2592035
Nigeria,NGA,2009,"Population, age 2, male",SP.POP.AG02.MA.UN,2565087
Nigeria,NGA,2008,"Population, age 2, male",SP.POP.AG02.MA.UN,2535804
Nigeria,NGA,2007,"Population, age 2, male",SP.POP.AG02.MA.UN,2504148
Nigeria,NGA,2006,"Population, age 2, male",SP.POP.AG02.MA.UN,2470068
Nigeria,NGA,2005,"Population, age 2, male",SP.POP.AG02.MA.UN,2433612
Nigeria,NGA,2004,"Population, age 2, male",SP.POP.AG02.MA.UN,2394706
Nigeria,NGA,2003,"Population, age 2, male",SP.POP.AG02.MA.UN,2353613
Nigeria,NGA,2002,"Population, age 2, male",SP.POP.AG02.MA.UN,2311126
Nigeria,NGA,2001,"Population, age 2, male",SP.POP.AG02.MA.UN,2268288
Nigeria,NGA,2000,"Population, age 2, male",SP.POP.AG02.MA.UN,2225837
Nigeria,NGA,1999,"Population, age 2, male",SP.POP.AG02.MA.UN,2184174
Nigeria,NGA,1998,"Population, age 2, male",SP.POP.AG02.MA.UN,2143120
Nigeria,NGA,1997,"Population, age 2, male",SP.POP.AG02.MA.UN,2102134
Nigeria,NGA,1996,"Population, age 2, male",SP.POP.AG02.MA.UN,2060367
Nigeria,NGA,1995,"Population, age 2, male",SP.POP.AG02.MA.UN,2017229
Nigeria,NGA,1994,"Population, age 2, male",SP.POP.AG02.MA.UN,1972567
Nigeria,NGA,1993,"Population, age 2, male",SP.POP.AG02.MA.UN,1926664
Nigeria,NGA,1992,"Population, age 2, male",SP.POP.AG02.MA.UN,1879875
Nigeria,NGA,1991,"Population, age 2, male",SP.POP.AG02.MA.UN,1832736
Nigeria,NGA,1990,"Population, age 2, male",SP.POP.AG02.MA.UN,1785634
Nigeria,NGA,2015,"Population, age 2, total",SP.POP.AG02.TO.UN,5316259
Nigeria,NGA,2013,"Population, age 2, total",SP.POP.AG02.TO.UN,5253292
Nigeria,NGA,2012,"Population, age 2, total",SP.POP.AG02.TO.UN,5214704
Nigeria,NGA,2011,"Population, age 2, total",SP.POP.AG02.TO.UN,5171161
Nigeria,NGA,2010,"Population, age 2, total",SP.POP.AG02.TO.UN,5122592
Nigeria,NGA,2009,"Population, age 2, total",SP.POP.AG02.TO.UN,5069123
Nigeria,NGA,2008,"Population, age 2, total",SP.POP.AG02.TO.UN,5010917
Nigeria,NGA,2007,"Population, age 2, total",SP.POP.AG02.TO.UN,4948028
Nigeria,NGA,2006,"Population, age 2, total",SP.POP.AG02.TO.UN,4880523
Nigeria,NGA,2005,"Population, age 2, total",SP.POP.AG02.TO.UN,4808614
Nigeria,NGA,2004,"Population, age 2, total",SP.POP.AG02.TO.UN,4732214
Nigeria,NGA,2003,"Population, age 2, total",SP.POP.AG02.TO.UN,4651805
Nigeria,NGA,2002,"Population, age 2, total",SP.POP.AG02.TO.UN,4568863
Nigeria,NGA,2001,"Population, age 2, total",SP.POP.AG02.TO.UN,4485304
Nigeria,NGA,2000,"Population, age 2, total",SP.POP.AG02.TO.UN,4402493
Nigeria,NGA,1999,"Population, age 2, total",SP.POP.AG02.TO.UN,4321172
Nigeria,NGA,1998,"Population, age 2, total",SP.POP.AG02.TO.UN,4241023
Nigeria,NGA,1997,"Population, age 2, total",SP.POP.AG02.TO.UN,4161038
Nigeria,NGA,1996,"Population, age 2, total",SP.POP.AG02.TO.UN,4079639
Nigeria,NGA,1995,"Population, age 2, total",SP.POP.AG02.TO.UN,3995720
Nigeria,NGA,1994,"Population, age 2, total",SP.POP.AG02.TO.UN,3908995
Nigeria,NGA,1993,"Population, age 2, total",SP.POP.AG02.TO.UN,3819963
Nigeria,NGA,1992,"Population, age 2, total",SP.POP.AG02.TO.UN,3729225
Nigeria,NGA,1991,"Population, age 2, total",SP.POP.AG02.TO.UN,3637700
Nigeria,NGA,1990,"Population, age 2, total",SP.POP.AG02.TO.UN,3546043
Nigeria,NGA,2015,"Population, age 3, female",SP.POP.AG03.FE.UN,2569003
Nigeria,NGA,2013,"Population, age 3, female",SP.POP.AG03.FE.UN,2534232
Nigeria,NGA,2012,"Population, age 3, female",SP.POP.AG03.FE.UN,2513733
Nigeria,NGA,2011,"Population, age 3, female",SP.POP.AG03.FE.UN,2490170
Nigeria,NGA,2010,"Population, age 3, female",SP.POP.AG03.FE.UN,2463054
Nigeria,NGA,2009,"Population, age 3, female",SP.POP.AG03.FE.UN,2432132
Nigeria,NGA,2008,"Population, age 3, female",SP.POP.AG03.FE.UN,2397815
Nigeria,NGA,2007,"Population, age 3, female",SP.POP.AG03.FE.UN,2361103
Nigeria,NGA,2006,"Population, age 3, female",SP.POP.AG03.FE.UN,2323382
Nigeria,NGA,2005,"Population, age 3, female",SP.POP.AG03.FE.UN,2285678
Nigeria,NGA,2004,"Population, age 3, female",SP.POP.AG03.FE.UN,2248416
Nigeria,NGA,2003,"Population, age 3, female",SP.POP.AG03.FE.UN,2211410
Nigeria,NGA,2002,"Population, age 3, female",SP.POP.AG03.FE.UN,2174312
Nigeria,NGA,2001,"Population, age 3, female",SP.POP.AG03.FE.UN,2136514
Nigeria,NGA,2000,"Population, age 3, female",SP.POP.AG03.FE.UN,2097600
Nigeria,NGA,1999,"Population, age 3, female",SP.POP.AG03.FE.UN,2057447
Nigeria,NGA,1998,"Population, age 3, female",SP.POP.AG03.FE.UN,2016319
Nigeria,NGA,1997,"Population, age 3, female",SP.POP.AG03.FE.UN,1974640
Nigeria,NGA,1996,"Population, age 3, female",SP.POP.AG03.FE.UN,1933003
Nigeria,NGA,1995,"Population, age 3, female",SP.POP.AG03.FE.UN,1891790
Nigeria,NGA,1994,"Population, age 3, female",SP.POP.AG03.FE.UN,1851296
Nigeria,NGA,1993,"Population, age 3, female",SP.POP.AG03.FE.UN,1811292
Nigeria,NGA,1992,"Population, age 3, female",SP.POP.AG03.FE.UN,1771023
Nigeria,NGA,1991,"Population, age 3, female",SP.POP.AG03.FE.UN,1729418
Nigeria,NGA,1990,"Population, age 3, female",SP.POP.AG03.FE.UN,1685772
Nigeria,NGA,2015,"Population, age 3, male",SP.POP.AG03.MA.UN,2631250
Nigeria,NGA,2014,"Population, age 3, male",SP.POP.AG03.MA.UN,2614021
Nigeria,NGA,2013,"Population, age 3, male",SP.POP.AG03.MA.UN,2595265
Nigeria,NGA,2012,"Population, age 3, male",SP.POP.AG03.MA.UN,2574362
Nigeria,NGA,2011,"Population, age 3, male",SP.POP.AG03.MA.UN,2550461
Nigeria,NGA,2010,"Population, age 3, male",SP.POP.AG03.MA.UN,2523022
Nigeria,NGA,2009,"Population, age 3, male",SP.POP.AG03.MA.UN,2491798
Nigeria,NGA,2008,"Population, age 3, male",SP.POP.AG03.MA.UN,2457177
Nigeria,NGA,2007,"Population, age 3, male",SP.POP.AG03.MA.UN,2420051
Nigeria,NGA,2006,"Population, age 3, male",SP.POP.AG03.MA.UN,2381665
Nigeria,NGA,2005,"Population, age 3, male",SP.POP.AG03.MA.UN,2342948
Nigeria,NGA,2004,"Population, age 3, male",SP.POP.AG03.MA.UN,2304276
Nigeria,NGA,2003,"Population, age 3, male",SP.POP.AG03.MA.UN,2265489
Nigeria,NGA,2002,"Population, age 3, male",SP.POP.AG03.MA.UN,2226336
Nigeria,NGA,2001,"Population, age 3, male",SP.POP.AG03.MA.UN,2186343
Nigeria,NGA,2000,"Population, age 3, male",SP.POP.AG03.MA.UN,2145199
Nigeria,NGA,1999,"Population, age 3, male",SP.POP.AG03.MA.UN,2102827
Nigeria,NGA,1998,"Population, age 3, male",SP.POP.AG03.MA.UN,2059469
Nigeria,NGA,1997,"Population, age 3, male",SP.POP.AG03.MA.UN,2015496
Nigeria,NGA,1996,"Population, age 3, male",SP.POP.AG03.MA.UN,1971416
Nigeria,NGA,1995,"Population, age 3, male",SP.POP.AG03.MA.UN,1927562
Nigeria,NGA,1994,"Population, age 3, male",SP.POP.AG03.MA.UN,1884215
Nigeria,NGA,1993,"Population, age 3, male",SP.POP.AG03.MA.UN,1841213
Nigeria,NGA,1992,"Population, age 3, male",SP.POP.AG03.MA.UN,1797923
Nigeria,NGA,1991,"Population, age 3, male",SP.POP.AG03.MA.UN,1753447
Nigeria,NGA,1990,"Population, age 3, male",SP.POP.AG03.MA.UN,1707201
Nigeria,NGA,2015,"Population, age 3, total",SP.POP.AG03.TO.UN,5200253
Nigeria,NGA,2013,"Population, age 3, total",SP.POP.AG03.TO.UN,5129497
Nigeria,NGA,2012,"Population, age 3, total",SP.POP.AG03.TO.UN,5088095
Nigeria,NGA,2011,"Population, age 3, total",SP.POP.AG03.TO.UN,5040631
Nigeria,NGA,2010,"Population, age 3, total",SP.POP.AG03.TO.UN,4986076
Nigeria,NGA,2009,"Population, age 3, total",SP.POP.AG03.TO.UN,4923930
Nigeria,NGA,2008,"Population, age 3, total",SP.POP.AG03.TO.UN,4854992
Nigeria,NGA,2007,"Population, age 3, total",SP.POP.AG03.TO.UN,4781154
Nigeria,NGA,2006,"Population, age 3, total",SP.POP.AG03.TO.UN,4705047
Nigeria,NGA,2005,"Population, age 3, total",SP.POP.AG03.TO.UN,4628626
Nigeria,NGA,2004,"Population, age 3, total",SP.POP.AG03.TO.UN,4552692
Nigeria,NGA,2003,"Population, age 3, total",SP.POP.AG03.TO.UN,4476899
Nigeria,NGA,2002,"Population, age 3, total",SP.POP.AG03.TO.UN,4400648
Nigeria,NGA,2001,"Population, age 3, total",SP.POP.AG03.TO.UN,4322857
Nigeria,NGA,2000,"Population, age 3, total",SP.POP.AG03.TO.UN,4242799
Nigeria,NGA,1999,"Population, age 3, total",SP.POP.AG03.TO.UN,4160274
Nigeria,NGA,1998,"Population, age 3, total",SP.POP.AG03.TO.UN,4075788
Nigeria,NGA,1997,"Population, age 3, total",SP.POP.AG03.TO.UN,3990136
Nigeria,NGA,1996,"Population, age 3, total",SP.POP.AG03.TO.UN,3904419
Nigeria,NGA,1995,"Population, age 3, total",SP.POP.AG03.TO.UN,3819352
Nigeria,NGA,1994,"Population, age 3, total",SP.POP.AG03.TO.UN,3735511
Nigeria,NGA,1993,"Population, age 3, total",SP.POP.AG03.TO.UN,3652505
Nigeria,NGA,1992,"Population, age 3, total",SP.POP.AG03.TO.UN,3568946
Nigeria,NGA,1991,"Population, age 3, total",SP.POP.AG03.TO.UN,3482865
Nigeria,NGA,1990,"Population, age 3, total",SP.POP.AG03.TO.UN,3392973
Nigeria,NGA,2015,"Population, age 4, female",SP.POP.AG04.FE.UN,2516282
Nigeria,NGA,2013,"Population, age 4, female",SP.POP.AG04.FE.UN,2476684
Nigeria,NGA,2012,"Population, age 4, female",SP.POP.AG04.FE.UN,2454087
Nigeria,NGA,2011,"Population, age 4, female",SP.POP.AG04.FE.UN,2428218
Nigeria,NGA,2010,"Population, age 4, female",SP.POP.AG04.FE.UN,2398380
Nigeria,NGA,2009,"Population, age 4, female",SP.POP.AG04.FE.UN,2364155
Nigeria,NGA,2008,"Population, age 4, female",SP.POP.AG04.FE.UN,2326126
Nigeria,NGA,2007,"Population, age 4, female",SP.POP.AG04.FE.UN,2285807
Nigeria,NGA,2006,"Population, age 4, female",SP.POP.AG04.FE.UN,2245303
Nigeria,NGA,2005,"Population, age 4, female",SP.POP.AG04.FE.UN,2206113
Nigeria,NGA,2004,"Population, age 4, female",SP.POP.AG04.FE.UN,2168924
Nigeria,NGA,2003,"Population, age 4, female",SP.POP.AG04.FE.UN,2133299
Nigeria,NGA,2002,"Population, age 4, female",SP.POP.AG04.FE.UN,2098255
Nigeria,NGA,2001,"Population, age 4, female",SP.POP.AG04.FE.UN,2062261
Nigeria,NGA,2000,"Population, age 4, female",SP.POP.AG04.FE.UN,2024260
Nigeria,NGA,1999,"Population, age 4, female",SP.POP.AG04.FE.UN,1983837
Nigeria,NGA,1998,"Population, age 4, female",SP.POP.AG04.FE.UN,1941501
Nigeria,NGA,1997,"Population, age 4, female",SP.POP.AG04.FE.UN,1898198
Nigeria,NGA,1996,"Population, age 4, female",SP.POP.AG04.FE.UN,1855301
Nigeria,NGA,1995,"Population, age 4, female",SP.POP.AG04.FE.UN,1813727
Nigeria,NGA,1994,"Population, age 4, female",SP.POP.AG04.FE.UN,1774025
Nigeria,NGA,1993,"Population, age 4, female",SP.POP.AG04.FE.UN,1735717
Nigeria,NGA,1992,"Population, age 4, female",SP.POP.AG04.FE.UN,1697467
Nigeria,NGA,1991,"Population, age 4, female",SP.POP.AG04.FE.UN,1657381
Nigeria,NGA,1990,"Population, age 4, female",SP.POP.AG04.FE.UN,1614198
Nigeria,NGA,2015,"Population, age 4, male",SP.POP.AG04.MA.UN,2576637
Nigeria,NGA,2014,"Population, age 4, male",SP.POP.AG04.MA.UN,2556909
Nigeria,NGA,2013,"Population, age 4, male",SP.POP.AG04.MA.UN,2536084
Nigeria,NGA,2012,"Population, age 4, male",SP.POP.AG04.MA.UN,2513272
Nigeria,NGA,2011,"Population, age 4, male",SP.POP.AG04.MA.UN,2487233
Nigeria,NGA,2010,"Population, age 4, male",SP.POP.AG04.MA.UN,2457180
Nigeria,NGA,2009,"Population, age 4, male",SP.POP.AG04.MA.UN,2422687
Nigeria,NGA,2008,"Population, age 4, male",SP.POP.AG04.MA.UN,2384324
Nigeria,NGA,2007,"Population, age 4, male",SP.POP.AG04.MA.UN,2343517
Nigeria,NGA,2006,"Population, age 4, male",SP.POP.AG04.MA.UN,2302261
Nigeria,NGA,2005,"Population, age 4, male",SP.POP.AG04.MA.UN,2261978
Nigeria,NGA,2004,"Population, age 4, male",SP.POP.AG04.MA.UN,2223312
Nigeria,NGA,2003,"Population, age 4, male",SP.POP.AG04.MA.UN,2185850
Nigeria,NGA,2002,"Population, age 4, male",SP.POP.AG04.MA.UN,2148683
Nigeria,NGA,2001,"Population, age 4, male",SP.POP.AG04.MA.UN,2110396
Nigeria,NGA,2000,"Population, age 4, male",SP.POP.AG04.MA.UN,2070017
Nigeria,NGA,1999,"Population, age 4, male",SP.POP.AG04.MA.UN,2027178
Nigeria,NGA,1998,"Population, age 4, male",SP.POP.AG04.MA.UN,1982375
Nigeria,NGA,1997,"Population, age 4, male",SP.POP.AG04.MA.UN,1936525
Nigeria,NGA,1996,"Population, age 4, male",SP.POP.AG04.MA.UN,1890947
Nigeria,NGA,1995,"Population, age 4, male",SP.POP.AG04.MA.UN,1846536
Nigeria,NGA,1994,"Population, age 4, male",SP.POP.AG04.MA.UN,1803832
Nigeria,NGA,1993,"Population, age 4, male",SP.POP.AG04.MA.UN,1762416
Nigeria,NGA,1992,"Population, age 4, male",SP.POP.AG04.MA.UN,1721086
Nigeria,NGA,1991,"Population, age 4, male",SP.POP.AG04.MA.UN,1678114
Nigeria,NGA,1990,"Population, age 4, male",SP.POP.AG04.MA.UN,1632364
Nigeria,NGA,2015,"Population, age 4, total",SP.POP.AG04.TO.UN,5092919
Nigeria,NGA,2013,"Population, age 4, total",SP.POP.AG04.TO.UN,5012768
Nigeria,NGA,2012,"Population, age 4, total",SP.POP.AG04.TO.UN,4967359
Nigeria,NGA,2011,"Population, age 4, total",SP.POP.AG04.TO.UN,4915451
Nigeria,NGA,2010,"Population, age 4, total",SP.POP.AG04.TO.UN,4855560
Nigeria,NGA,2009,"Population, age 4, total",SP.POP.AG04.TO.UN,4786842
Nigeria,NGA,2008,"Population, age 4, total",SP.POP.AG04.TO.UN,4710450
Nigeria,NGA,2007,"Population, age 4, total",SP.POP.AG04.TO.UN,4629324
Nigeria,NGA,2006,"Population, age 4, total",SP.POP.AG04.TO.UN,4547564
Nigeria,NGA,2005,"Population, age 4, total",SP.POP.AG04.TO.UN,4468091
Nigeria,NGA,2004,"Population, age 4, total",SP.POP.AG04.TO.UN,4392236
Nigeria,NGA,2003,"Population, age 4, total",SP.POP.AG04.TO.UN,4319149
Nigeria,NGA,2002,"Population, age 4, total",SP.POP.AG04.TO.UN,4246938
Nigeria,NGA,2001,"Population, age 4, total",SP.POP.AG04.TO.UN,4172657
Nigeria,NGA,2000,"Population, age 4, total",SP.POP.AG04.TO.UN,4094277
Nigeria,NGA,1999,"Population, age 4, total",SP.POP.AG04.TO.UN,4011015
Nigeria,NGA,1998,"Population, age 4, total",SP.POP.AG04.TO.UN,3923876
Nigeria,NGA,1997,"Population, age 4, total",SP.POP.AG04.TO.UN,3834723
Nigeria,NGA,1996,"Population, age 4, total",SP.POP.AG04.TO.UN,3746248
Nigeria,NGA,1995,"Population, age 4, total",SP.POP.AG04.TO.UN,3660263
Nigeria,NGA,1994,"Population, age 4, total",SP.POP.AG04.TO.UN,3577857
Nigeria,NGA,1993,"Population, age 4, total",SP.POP.AG04.TO.UN,3498133
Nigeria,NGA,1992,"Population, age 4, total",SP.POP.AG04.TO.UN,3418553
Nigeria,NGA,1991,"Population, age 4, total",SP.POP.AG04.TO.UN,3335495
Nigeria,NGA,1990,"Population, age 4, total",SP.POP.AG04.TO.UN,3246562
Nigeria,NGA,2015,"Population, age 5, female",SP.POP.AG05.FE.UN,2466973
Nigeria,NGA,2013,"Population, age 5, female",SP.POP.AG05.FE.UN,2421989
Nigeria,NGA,2012,"Population, age 5, female",SP.POP.AG05.FE.UN,2396882
Nigeria,NGA,2011,"Population, age 5, female",SP.POP.AG05.FE.UN,2368583
Nigeria,NGA,2010,"Population, age 5, female",SP.POP.AG05.FE.UN,2336382
Nigeria,NGA,2009,"Population, age 5, female",SP.POP.AG05.FE.UN,2299819
Nigeria,NGA,2008,"Population, age 5, female",SP.POP.AG05.FE.UN,2259528
Nigeria,NGA,2007,"Population, age 5, female",SP.POP.AG05.FE.UN,2217208
Nigeria,NGA,2006,"Population, age 5, female",SP.POP.AG05.FE.UN,2175211
Nigeria,NGA,2005,"Population, age 5, female",SP.POP.AG05.FE.UN,2135190
Nigeria,NGA,2004,"Population, age 5, female",SP.POP.AG05.FE.UN,2097935
Nigeria,NGA,2003,"Population, age 5, female",SP.POP.AG05.FE.UN,2062906
Nigeria,NGA,2002,"Population, age 5, female",SP.POP.AG05.FE.UN,2028801
Nigeria,NGA,2001,"Population, age 5, female",SP.POP.AG05.FE.UN,1993657
Nigeria,NGA,2000,"Population, age 5, female",SP.POP.AG05.FE.UN,1956106
Nigeria,NGA,1999,"Population, age 5, female",SP.POP.AG05.FE.UN,1915598
Nigeria,NGA,1998,"Population, age 5, female",SP.POP.AG05.FE.UN,1872742
Nigeria,NGA,1997,"Population, age 5, female",SP.POP.AG05.FE.UN,1828701
Nigeria,NGA,1996,"Population, age 5, female",SP.POP.AG05.FE.UN,1785172
Nigeria,NGA,1995,"Population, age 5, female",SP.POP.AG05.FE.UN,1743306
Nigeria,NGA,1994,"Population, age 5, female",SP.POP.AG05.FE.UN,1703754
Nigeria,NGA,1993,"Population, age 5, female",SP.POP.AG05.FE.UN,1665948
Nigeria,NGA,1992,"Population, age 5, female",SP.POP.AG05.FE.UN,1628343
Nigeria,NGA,1991,"Population, age 5, female",SP.POP.AG05.FE.UN,1588735
Nigeria,NGA,1990,"Population, age 5, female",SP.POP.AG05.FE.UN,1545672
Nigeria,NGA,2015,"Population, age 5, male",SP.POP.AG05.MA.UN,2526011
Nigeria,NGA,2014,"Population, age 5, male",SP.POP.AG05.MA.UN,2503613
Nigeria,NGA,2013,"Population, age 5, male",SP.POP.AG05.MA.UN,2480273
Nigeria,NGA,2012,"Population, age 5, male",SP.POP.AG05.MA.UN,2455064
Nigeria,NGA,2011,"Population, age 5, male",SP.POP.AG05.MA.UN,2426671
Nigeria,NGA,2010,"Population, age 5, male",SP.POP.AG05.MA.UN,2394278
Nigeria,NGA,2009,"Population, age 5, male",SP.POP.AG05.MA.UN,2357401
Nigeria,NGA,2008,"Population, age 5, male",SP.POP.AG05.MA.UN,2316672
Nigeria,NGA,2007,"Population, age 5, male",SP.POP.AG05.MA.UN,2273723
Nigeria,NGA,2006,"Population, age 5, male",SP.POP.AG05.MA.UN,2230821
Nigeria,NGA,2005,"Population, age 5, male",SP.POP.AG05.MA.UN,2189567
Nigeria,NGA,2004,"Population, age 5, male",SP.POP.AG05.MA.UN,2150718
Nigeria,NGA,2003,"Population, age 5, male",SP.POP.AG05.MA.UN,2113748
Nigeria,NGA,2002,"Population, age 5, male",SP.POP.AG05.MA.UN,2077421
Nigeria,NGA,2001,"Population, age 5, male",SP.POP.AG05.MA.UN,2039867
Nigeria,NGA,2000,"Population, age 5, male",SP.POP.AG05.MA.UN,1999792
Nigeria,NGA,1999,"Population, age 5, male",SP.POP.AG05.MA.UN,1956689
Nigeria,NGA,1998,"Population, age 5, male",SP.POP.AG05.MA.UN,1911165
Nigeria,NGA,1997,"Population, age 5, male",SP.POP.AG05.MA.UN,1864375
Nigeria,NGA,1996,"Population, age 5, male",SP.POP.AG05.MA.UN,1817997
Nigeria,NGA,1995,"Population, age 5, male",SP.POP.AG05.MA.UN,1773175
Nigeria,NGA,1994,"Population, age 5, male",SP.POP.AG05.MA.UN,1730564
Nigeria,NGA,1993,"Population, age 5, male",SP.POP.AG05.MA.UN,1689646
Nigeria,NGA,1992,"Population, age 5, male",SP.POP.AG05.MA.UN,1649000
Nigeria,NGA,1991,"Population, age 5, male",SP.POP.AG05.MA.UN,1606585
Nigeria,NGA,1990,"Population, age 5, male",SP.POP.AG05.MA.UN,1561058
Nigeria,NGA,2015,"Population, age 5, total",SP.POP.AG05.TO.UN,4992984
Nigeria,NGA,2013,"Population, age 5, total",SP.POP.AG05.TO.UN,4902262
Nigeria,NGA,2012,"Population, age 5, total",SP.POP.AG05.TO.UN,4851946
Nigeria,NGA,2011,"Population, age 5, total",SP.POP.AG05.TO.UN,4795254
Nigeria,NGA,2010,"Population, age 5, total",SP.POP.AG05.TO.UN,4730660
Nigeria,NGA,2009,"Population, age 5, total",SP.POP.AG05.TO.UN,4657220
Nigeria,NGA,2008,"Population, age 5, total",SP.POP.AG05.TO.UN,4576200
Nigeria,NGA,2007,"Population, age 5, total",SP.POP.AG05.TO.UN,4490931
Nigeria,NGA,2006,"Population, age 5, total",SP.POP.AG05.TO.UN,4406032
Nigeria,NGA,2005,"Population, age 5, total",SP.POP.AG05.TO.UN,4324757
Nigeria,NGA,2004,"Population, age 5, total",SP.POP.AG05.TO.UN,4248653
Nigeria,NGA,2003,"Population, age 5, total",SP.POP.AG05.TO.UN,4176654
Nigeria,NGA,2002,"Population, age 5, total",SP.POP.AG05.TO.UN,4106222
Nigeria,NGA,2001,"Population, age 5, total",SP.POP.AG05.TO.UN,4033524
Nigeria,NGA,2000,"Population, age 5, total",SP.POP.AG05.TO.UN,3955898
Nigeria,NGA,1999,"Population, age 5, total",SP.POP.AG05.TO.UN,3872287
Nigeria,NGA,1998,"Population, age 5, total",SP.POP.AG05.TO.UN,3783907
Nigeria,NGA,1997,"Population, age 5, total",SP.POP.AG05.TO.UN,3693076
Nigeria,NGA,1996,"Population, age 5, total",SP.POP.AG05.TO.UN,3603169
Nigeria,NGA,1995,"Population, age 5, total",SP.POP.AG05.TO.UN,3516481
Nigeria,NGA,1994,"Population, age 5, total",SP.POP.AG05.TO.UN,3434318
Nigeria,NGA,1993,"Population, age 5, total",SP.POP.AG05.TO.UN,3355594
Nigeria,NGA,1992,"Population, age 5, total",SP.POP.AG05.TO.UN,3277343
Nigeria,NGA,1991,"Population, age 5, total",SP.POP.AG05.TO.UN,3195320
Nigeria,NGA,1990,"Population, age 5, total",SP.POP.AG05.TO.UN,3106730
Nigeria,NGA,2015,"Population, age 6, female",SP.POP.AG06.FE.UN,2420491
Nigeria,NGA,2013,"Population, age 6, female",SP.POP.AG06.FE.UN,2369777
Nigeria,NGA,2012,"Population, age 6, female",SP.POP.AG06.FE.UN,2341892
Nigeria,NGA,2011,"Population, age 6, female",SP.POP.AG06.FE.UN,2311125
Nigeria,NGA,2010,"Population, age 6, female",SP.POP.AG06.FE.UN,2276908
Nigeria,NGA,2009,"Population, age 6, female",SP.POP.AG06.FE.UN,2238840
Nigeria,NGA,2008,"Population, age 6, female",SP.POP.AG06.FE.UN,2197505
Nigeria,NGA,2007,"Population, age 6, female",SP.POP.AG06.FE.UN,2154520
Nigeria,NGA,2006,"Population, age 6, female",SP.POP.AG06.FE.UN,2112097
Nigeria,NGA,2005,"Population, age 6, female",SP.POP.AG06.FE.UN,2071789
Nigeria,NGA,2004,"Population, age 6, female",SP.POP.AG06.FE.UN,2034360
Nigeria,NGA,2003,"Population, age 6, female",SP.POP.AG06.FE.UN,1999272
Nigeria,NGA,2002,"Population, age 6, female",SP.POP.AG06.FE.UN,1965190
Nigeria,NGA,2001,"Population, age 6, female",SP.POP.AG06.FE.UN,1930102
Nigeria,NGA,2000,"Population, age 6, female",SP.POP.AG06.FE.UN,1892609
Nigeria,NGA,1999,"Population, age 6, female",SP.POP.AG06.FE.UN,1852153
Nigeria,NGA,1998,"Population, age 6, female",SP.POP.AG06.FE.UN,1809333
Nigeria,NGA,1997,"Population, age 6, female",SP.POP.AG06.FE.UN,1765271
Nigeria,NGA,1996,"Population, age 6, female",SP.POP.AG06.FE.UN,1721627
Nigeria,NGA,1995,"Population, age 6, female",SP.POP.AG06.FE.UN,1679528
Nigeria,NGA,1994,"Population, age 6, female",SP.POP.AG06.FE.UN,1639620
Nigeria,NGA,1993,"Population, age 6, female",SP.POP.AG06.FE.UN,1601364
Nigeria,NGA,1992,"Population, age 6, female",SP.POP.AG06.FE.UN,1563305
Nigeria,NGA,1991,"Population, age 6, female",SP.POP.AG06.FE.UN,1523363
Nigeria,NGA,1990,"Population, age 6, female",SP.POP.AG06.FE.UN,1480176
Nigeria,NGA,2015,"Population, age 6, male",SP.POP.AG06.MA.UN,2478685
Nigeria,NGA,2014,"Population, age 6, male",SP.POP.AG06.MA.UN,2453521
Nigeria,NGA,2013,"Population, age 6, male",SP.POP.AG06.MA.UN,2427360
Nigeria,NGA,2012,"Population, age 6, male",SP.POP.AG06.MA.UN,2399411
Nigeria,NGA,2011,"Population, age 6, male",SP.POP.AG06.MA.UN,2368550
Nigeria,NGA,2010,"Population, age 6, male",SP.POP.AG06.MA.UN,2334087
Nigeria,NGA,2009,"Population, age 6, male",SP.POP.AG06.MA.UN,2295593
Nigeria,NGA,2008,"Population, age 6, male",SP.POP.AG06.MA.UN,2253656
Nigeria,NGA,2007,"Population, age 6, male",SP.POP.AG06.MA.UN,2209840
Nigeria,NGA,2006,"Population, age 6, male",SP.POP.AG06.MA.UN,2166311
Nigeria,NGA,2005,"Population, age 6, male",SP.POP.AG06.MA.UN,2124585
Nigeria,NGA,2004,"Population, age 6, male",SP.POP.AG06.MA.UN,2085401
Nigeria,NGA,2003,"Population, age 6, male",SP.POP.AG06.MA.UN,2048236
Nigeria,NGA,2002,"Population, age 6, male",SP.POP.AG06.MA.UN,2011806
Nigeria,NGA,2001,"Population, age 6, male",SP.POP.AG06.MA.UN,1974182
Nigeria,NGA,2000,"Population, age 6, male",SP.POP.AG06.MA.UN,1934027
Nigeria,NGA,1999,"Population, age 6, male",SP.POP.AG06.MA.UN,1890819
Nigeria,NGA,1998,"Population, age 6, male",SP.POP.AG06.MA.UN,1845166
Nigeria,NGA,1997,"Population, age 6, male",SP.POP.AG06.MA.UN,1798207
Nigeria,NGA,1996,"Population, age 6, male",SP.POP.AG06.MA.UN,1751604
Nigeria,NGA,1995,"Population, age 6, male",SP.POP.AG06.MA.UN,1706506
Nigeria,NGA,1994,"Population, age 6, male",SP.POP.AG06.MA.UN,1663560
Nigeria,NGA,1993,"Population, age 6, male",SP.POP.AG06.MA.UN,1622274
Nigeria,NGA,1992,"Population, age 6, male",SP.POP.AG06.MA.UN,1581305
Nigeria,NGA,1991,"Population, age 6, male",SP.POP.AG06.MA.UN,1538707
Nigeria,NGA,1990,"Population, age 6, male",SP.POP.AG06.MA.UN,1493219
Nigeria,NGA,2015,"Population, age 6, total",SP.POP.AG06.TO.UN,4899176
Nigeria,NGA,2013,"Population, age 6, total",SP.POP.AG06.TO.UN,4797137
Nigeria,NGA,2012,"Population, age 6, total",SP.POP.AG06.TO.UN,4741303
Nigeria,NGA,2011,"Population, age 6, total",SP.POP.AG06.TO.UN,4679675
Nigeria,NGA,2010,"Population, age 6, total",SP.POP.AG06.TO.UN,4610995
Nigeria,NGA,2009,"Population, age 6, total",SP.POP.AG06.TO.UN,4534433
Nigeria,NGA,2008,"Population, age 6, total",SP.POP.AG06.TO.UN,4451161
Nigeria,NGA,2007,"Population, age 6, total",SP.POP.AG06.TO.UN,4364360
Nigeria,NGA,2006,"Population, age 6, total",SP.POP.AG06.TO.UN,4278408
Nigeria,NGA,2005,"Population, age 6, total",SP.POP.AG06.TO.UN,4196374
Nigeria,NGA,2004,"Population, age 6, total",SP.POP.AG06.TO.UN,4119761
Nigeria,NGA,2003,"Population, age 6, total",SP.POP.AG06.TO.UN,4047508
Nigeria,NGA,2002,"Population, age 6, total",SP.POP.AG06.TO.UN,3976996
Nigeria,NGA,2001,"Population, age 6, total",SP.POP.AG06.TO.UN,3904284
Nigeria,NGA,2000,"Population, age 6, total",SP.POP.AG06.TO.UN,3826636
Nigeria,NGA,1999,"Population, age 6, total",SP.POP.AG06.TO.UN,3742972
Nigeria,NGA,1998,"Population, age 6, total",SP.POP.AG06.TO.UN,3654499
Nigeria,NGA,1997,"Population, age 6, total",SP.POP.AG06.TO.UN,3563478
Nigeria,NGA,1996,"Population, age 6, total",SP.POP.AG06.TO.UN,3473231
Nigeria,NGA,1995,"Population, age 6, total",SP.POP.AG06.TO.UN,3386034
Nigeria,NGA,1994,"Population, age 6, total",SP.POP.AG06.TO.UN,3303180
Nigeria,NGA,1993,"Population, age 6, total",SP.POP.AG06.TO.UN,3223638
Nigeria,NGA,1992,"Population, age 6, total",SP.POP.AG06.TO.UN,3144610
Nigeria,NGA,1991,"Population, age 6, total",SP.POP.AG06.TO.UN,3062070
Nigeria,NGA,1990,"Population, age 6, total",SP.POP.AG06.TO.UN,2973395
Nigeria,NGA,2015,"Population, age 7, female",SP.POP.AG07.FE.UN,2376248
Nigeria,NGA,2013,"Population, age 7, female",SP.POP.AG07.FE.UN,2319683
Nigeria,NGA,2012,"Population, age 7, female",SP.POP.AG07.FE.UN,2288892
Nigeria,NGA,2011,"Population, age 7, female",SP.POP.AG07.FE.UN,2255704
Nigeria,NGA,2010,"Population, age 7, female",SP.POP.AG07.FE.UN,2219810
Nigeria,NGA,2009,"Population, age 7, female",SP.POP.AG07.FE.UN,2180935
Nigeria,NGA,2008,"Population, age 7, female",SP.POP.AG07.FE.UN,2139542
Nigeria,NGA,2007,"Population, age 7, female",SP.POP.AG07.FE.UN,2096954
Nigeria,NGA,2006,"Population, age 7, female",SP.POP.AG07.FE.UN,2054958
Nigeria,NGA,2005,"Population, age 7, female",SP.POP.AG07.FE.UN,2014794
Nigeria,NGA,2004,"Population, age 7, female",SP.POP.AG07.FE.UN,1977104
Nigeria,NGA,2003,"Population, age 7, female",SP.POP.AG07.FE.UN,1941447
Nigeria,NGA,2002,"Population, age 7, female",SP.POP.AG07.FE.UN,1906657
Nigeria,NGA,2001,"Population, age 7, female",SP.POP.AG07.FE.UN,1870996
Nigeria,NGA,2000,"Population, age 7, female",SP.POP.AG07.FE.UN,1833243
Nigeria,NGA,1999,"Population, age 7, female",SP.POP.AG07.FE.UN,1792934
Nigeria,NGA,1998,"Population, age 7, female",SP.POP.AG07.FE.UN,1750564
Nigeria,NGA,1997,"Population, age 7, female",SP.POP.AG07.FE.UN,1707032
Nigeria,NGA,1996,"Population, age 7, female",SP.POP.AG07.FE.UN,1663671
Nigeria,NGA,1995,"Population, age 7, female",SP.POP.AG07.FE.UN,1621398
Nigeria,NGA,1994,"Population, age 7, female",SP.POP.AG07.FE.UN,1580755
Nigeria,NGA,1993,"Population, age 7, female",SP.POP.AG07.FE.UN,1541339
Nigeria,NGA,1992,"Population, age 7, female",SP.POP.AG07.FE.UN,1502014
Nigeria,NGA,1991,"Population, age 7, female",SP.POP.AG07.FE.UN,1461147
Nigeria,NGA,1990,"Population, age 7, female",SP.POP.AG07.FE.UN,1417701
Nigeria,NGA,2015,"Population, age 7, male",SP.POP.AG07.MA.UN,2433966
Nigeria,NGA,2014,"Population, age 7, male",SP.POP.AG07.MA.UN,2406024
Nigeria,NGA,2013,"Population, age 7, male",SP.POP.AG07.MA.UN,2376871
Nigeria,NGA,2012,"Population, age 7, male",SP.POP.AG07.MA.UN,2345992
Nigeria,NGA,2011,"Population, age 7, male",SP.POP.AG07.MA.UN,2312640
Nigeria,NGA,2010,"Population, age 7, male",SP.POP.AG07.MA.UN,2276382
Nigeria,NGA,2009,"Population, age 7, male",SP.POP.AG07.MA.UN,2236912
Nigeria,NGA,2008,"Population, age 7, male",SP.POP.AG07.MA.UN,2194703
Nigeria,NGA,2007,"Population, age 7, male",SP.POP.AG07.MA.UN,2151047
Nigeria,NGA,2006,"Population, age 7, male",SP.POP.AG07.MA.UN,2107702
Nigeria,NGA,2005,"Population, age 7, male",SP.POP.AG07.MA.UN,2065898
Nigeria,NGA,2004,"Population, age 7, male",SP.POP.AG07.MA.UN,2026264
Nigeria,NGA,2003,"Population, age 7, male",SP.POP.AG07.MA.UN,1988369
Nigeria,NGA,2002,"Population, age 7, male",SP.POP.AG07.MA.UN,1951093
Nigeria,NGA,2001,"Population, age 7, male",SP.POP.AG07.MA.UN,1912765
Nigeria,NGA,2000,"Population, age 7, male",SP.POP.AG07.MA.UN,1872222
Nigeria,NGA,1999,"Population, age 7, male",SP.POP.AG07.MA.UN,1829029
Nigeria,NGA,1998,"Population, age 7, male",SP.POP.AG07.MA.UN,1783705
Nigeria,NGA,1997,"Population, age 7, male",SP.POP.AG07.MA.UN,1737175
Nigeria,NGA,1996,"Population, age 7, male",SP.POP.AG07.MA.UN,1690808
Nigeria,NGA,1995,"Population, age 7, male",SP.POP.AG07.MA.UN,1645555
Nigeria,NGA,1994,"Population, age 7, male",SP.POP.AG07.MA.UN,1601966
Nigeria,NGA,1993,"Population, age 7, male",SP.POP.AG07.MA.UN,1559674
Nigeria,NGA,1992,"Population, age 7, male",SP.POP.AG07.MA.UN,1517634
Nigeria,NGA,1991,"Population, age 7, male",SP.POP.AG07.MA.UN,1474325
Nigeria,NGA,1990,"Population, age 7, male",SP.POP.AG07.MA.UN,1428782
Nigeria,NGA,2015,"Population, age 7, total",SP.POP.AG07.TO.UN,4810214
Nigeria,NGA,2013,"Population, age 7, total",SP.POP.AG07.TO.UN,4696554
Nigeria,NGA,2012,"Population, age 7, total",SP.POP.AG07.TO.UN,4634884
Nigeria,NGA,2011,"Population, age 7, total",SP.POP.AG07.TO.UN,4568344
Nigeria,NGA,2010,"Population, age 7, total",SP.POP.AG07.TO.UN,4496192
Nigeria,NGA,2009,"Population, age 7, total",SP.POP.AG07.TO.UN,4417847
Nigeria,NGA,2008,"Population, age 7, total",SP.POP.AG07.TO.UN,4334245
Nigeria,NGA,2007,"Population, age 7, total",SP.POP.AG07.TO.UN,4248001
Nigeria,NGA,2006,"Population, age 7, total",SP.POP.AG07.TO.UN,4162660
Nigeria,NGA,2005,"Population, age 7, total",SP.POP.AG07.TO.UN,4080692
Nigeria,NGA,2004,"Population, age 7, total",SP.POP.AG07.TO.UN,4003368
Nigeria,NGA,2003,"Population, age 7, total",SP.POP.AG07.TO.UN,3929816
Nigeria,NGA,2002,"Population, age 7, total",SP.POP.AG07.TO.UN,3857750
Nigeria,NGA,2001,"Population, age 7, total",SP.POP.AG07.TO.UN,3783761
Nigeria,NGA,2000,"Population, age 7, total",SP.POP.AG07.TO.UN,3705465
Nigeria,NGA,1999,"Population, age 7, total",SP.POP.AG07.TO.UN,3621963
Nigeria,NGA,1998,"Population, age 7, total",SP.POP.AG07.TO.UN,3534269
Nigeria,NGA,1997,"Population, age 7, total",SP.POP.AG07.TO.UN,3444207
Nigeria,NGA,1996,"Population, age 7, total",SP.POP.AG07.TO.UN,3354479
Nigeria,NGA,1995,"Population, age 7, total",SP.POP.AG07.TO.UN,3266953
Nigeria,NGA,1994,"Population, age 7, total",SP.POP.AG07.TO.UN,3182721
Nigeria,NGA,1993,"Population, age 7, total",SP.POP.AG07.TO.UN,3101013
Nigeria,NGA,1992,"Population, age 7, total",SP.POP.AG07.TO.UN,3019648
Nigeria,NGA,1991,"Population, age 7, total",SP.POP.AG07.TO.UN,2935472
Nigeria,NGA,1990,"Population, age 7, total",SP.POP.AG07.TO.UN,2846483
Nigeria,NGA,2015,"Population, age 8, female",SP.POP.AG08.FE.UN,2333660
Nigeria,NGA,2013,"Population, age 8, female",SP.POP.AG08.FE.UN,2271336
Nigeria,NGA,2012,"Population, age 8, female",SP.POP.AG08.FE.UN,2237655
Nigeria,NGA,2011,"Population, age 8, female",SP.POP.AG08.FE.UN,2202182
Nigeria,NGA,2010,"Population, age 8, female",SP.POP.AG08.FE.UN,2164935
Nigeria,NGA,2009,"Population, age 8, female",SP.POP.AG08.FE.UN,2125816
Nigeria,NGA,2008,"Population, age 8, female",SP.POP.AG08.FE.UN,2085121
Nigeria,NGA,2007,"Population, age 8, female",SP.POP.AG08.FE.UN,2043727
Nigeria,NGA,2006,"Population, age 8, female",SP.POP.AG08.FE.UN,2002783
Nigeria,NGA,2005,"Population, age 8, female",SP.POP.AG08.FE.UN,1963083
Nigeria,NGA,2004,"Population, age 8, female",SP.POP.AG08.FE.UN,1925073
Nigeria,NGA,2003,"Population, age 8, female",SP.POP.AG08.FE.UN,1888473
Nigeria,NGA,2002,"Population, age 8, female",SP.POP.AG08.FE.UN,1852442
Nigeria,NGA,2001,"Population, age 8, female",SP.POP.AG08.FE.UN,1815737
Nigeria,NGA,2000,"Population, age 8, female",SP.POP.AG08.FE.UN,1777480
Nigeria,NGA,1999,"Population, age 8, female",SP.POP.AG08.FE.UN,1737363
Nigeria,NGA,1998,"Population, age 8, female",SP.POP.AG08.FE.UN,1695729
Nigeria,NGA,1997,"Population, age 8, female",SP.POP.AG08.FE.UN,1653107
Nigeria,NGA,1996,"Population, age 8, female",SP.POP.AG08.FE.UN,1610314
Nigeria,NGA,1995,"Population, age 8, female",SP.POP.AG08.FE.UN,1567921
Nigeria,NGA,1994,"Population, age 8, female",SP.POP.AG08.FE.UN,1526299
Nigeria,NGA,1993,"Population, age 8, female",SP.POP.AG08.FE.UN,1485251
Nigeria,NGA,1992,"Population, age 8, female",SP.POP.AG08.FE.UN,1444124
Nigeria,NGA,1991,"Population, age 8, female",SP.POP.AG08.FE.UN,1401970
Nigeria,NGA,1990,"Population, age 8, female",SP.POP.AG08.FE.UN,1358225
Nigeria,NGA,2015,"Population, age 8, male",SP.POP.AG08.MA.UN,2391170
Nigeria,NGA,2014,"Population, age 8, male",SP.POP.AG08.MA.UN,2360511
Nigeria,NGA,2013,"Population, age 8, male",SP.POP.AG08.MA.UN,2328333
Nigeria,NGA,2012,"Population, age 8, male",SP.POP.AG08.MA.UN,2294482
Nigeria,NGA,2011,"Population, age 8, male",SP.POP.AG08.MA.UN,2258713
Nigeria,NGA,2010,"Population, age 8, male",SP.POP.AG08.MA.UN,2220932
Nigeria,NGA,2009,"Population, age 8, male",SP.POP.AG08.MA.UN,2181008
Nigeria,NGA,2008,"Population, age 8, male",SP.POP.AG08.MA.UN,2139246
Nigeria,NGA,2007,"Population, age 8, male",SP.POP.AG08.MA.UN,2096513
Nigeria,NGA,2006,"Population, age 8, male",SP.POP.AG08.MA.UN,2053957
Nigeria,NGA,2005,"Population, age 8, male",SP.POP.AG08.MA.UN,2012376
Nigeria,NGA,2004,"Population, age 8, male",SP.POP.AG08.MA.UN,1972213
Nigeria,NGA,2003,"Population, age 8, male",SP.POP.AG08.MA.UN,1933199
Nigeria,NGA,2002,"Population, age 8, male",SP.POP.AG08.MA.UN,1894536
Nigeria,NGA,2001,"Population, age 8, male",SP.POP.AG08.MA.UN,1855038
Nigeria,NGA,2000,"Population, age 8, male",SP.POP.AG08.MA.UN,1813879
Nigeria,NGA,1999,"Population, age 8, male",SP.POP.AG08.MA.UN,1770781
Nigeria,NGA,1998,"Population, age 8, male",SP.POP.AG08.MA.UN,1726107
Nigeria,NGA,1997,"Population, age 8, male",SP.POP.AG08.MA.UN,1680440
Nigeria,NGA,1996,"Population, age 8, male",SP.POP.AG08.MA.UN,1634647
Nigeria,NGA,1995,"Population, age 8, male",SP.POP.AG08.MA.UN,1589347
Nigeria,NGA,1994,"Population, age 8, male",SP.POP.AG08.MA.UN,1544929
Nigeria,NGA,1993,"Population, age 8, male",SP.POP.AG08.MA.UN,1501220
Nigeria,NGA,1992,"Population, age 8, male",SP.POP.AG08.MA.UN,1457629
Nigeria,NGA,1991,"Population, age 8, male",SP.POP.AG08.MA.UN,1413286
Nigeria,NGA,1990,"Population, age 8, male",SP.POP.AG08.MA.UN,1367681
Nigeria,NGA,2015,"Population, age 8, total",SP.POP.AG08.TO.UN,4724830
Nigeria,NGA,2013,"Population, age 8, total",SP.POP.AG08.TO.UN,4599669
Nigeria,NGA,2012,"Population, age 8, total",SP.POP.AG08.TO.UN,4532137
Nigeria,NGA,2011,"Population, age 8, total",SP.POP.AG08.TO.UN,4460895
Nigeria,NGA,2010,"Population, age 8, total",SP.POP.AG08.TO.UN,4385867
Nigeria,NGA,2009,"Population, age 8, total",SP.POP.AG08.TO.UN,4306824
Nigeria,NGA,2008,"Population, age 8, total",SP.POP.AG08.TO.UN,4224367
Nigeria,NGA,2007,"Population, age 8, total",SP.POP.AG08.TO.UN,4140240
Nigeria,NGA,2006,"Population, age 8, total",SP.POP.AG08.TO.UN,4056740
Nigeria,NGA,2005,"Population, age 8, total",SP.POP.AG08.TO.UN,3975459
Nigeria,NGA,2004,"Population, age 8, total",SP.POP.AG08.TO.UN,3897286
Nigeria,NGA,2003,"Population, age 8, total",SP.POP.AG08.TO.UN,3821672
Nigeria,NGA,2002,"Population, age 8, total",SP.POP.AG08.TO.UN,3746978
Nigeria,NGA,2001,"Population, age 8, total",SP.POP.AG08.TO.UN,3670775
Nigeria,NGA,2000,"Population, age 8, total",SP.POP.AG08.TO.UN,3591359
Nigeria,NGA,1999,"Population, age 8, total",SP.POP.AG08.TO.UN,3508144
Nigeria,NGA,1998,"Population, age 8, total",SP.POP.AG08.TO.UN,3421836
Nigeria,NGA,1997,"Population, age 8, total",SP.POP.AG08.TO.UN,3333547
Nigeria,NGA,1996,"Population, age 8, total",SP.POP.AG08.TO.UN,3244961
Nigeria,NGA,1995,"Population, age 8, total",SP.POP.AG08.TO.UN,3157268
Nigeria,NGA,1994,"Population, age 8, total",SP.POP.AG08.TO.UN,3071228
Nigeria,NGA,1993,"Population, age 8, total",SP.POP.AG08.TO.UN,2986471
Nigeria,NGA,1992,"Population, age 8, total",SP.POP.AG08.TO.UN,2901753
Nigeria,NGA,1991,"Population, age 8, total",SP.POP.AG08.TO.UN,2815256
Nigeria,NGA,1990,"Population, age 8, total",SP.POP.AG08.TO.UN,2725906
Nigeria,NGA,2015,"Population, age 9, female",SP.POP.AG09.FE.UN,2292141
Nigeria,NGA,2013,"Population, age 9, female",SP.POP.AG09.FE.UN,2224372
Nigeria,NGA,2012,"Population, age 9, female",SP.POP.AG09.FE.UN,2187956
Nigeria,NGA,2011,"Population, age 9, female",SP.POP.AG09.FE.UN,2150417
Nigeria,NGA,2010,"Population, age 9, female",SP.POP.AG09.FE.UN,2112131
Nigeria,NGA,2009,"Population, age 9, female",SP.POP.AG09.FE.UN,2073202
Nigeria,NGA,2008,"Population, age 9, female",SP.POP.AG09.FE.UN,2033726
Nigeria,NGA,2007,"Population, age 9, female",SP.POP.AG09.FE.UN,1994050
Nigeria,NGA,2006,"Population, age 9, female",SP.POP.AG09.FE.UN,1954567
Nigeria,NGA,2005,"Population, age 9, female",SP.POP.AG09.FE.UN,1915539
Nigeria,NGA,2004,"Population, age 9, female",SP.POP.AG09.FE.UN,1877178
Nigeria,NGA,2003,"Population, age 9, female",SP.POP.AG09.FE.UN,1839396
Nigeria,NGA,2002,"Population, age 9, female",SP.POP.AG09.FE.UN,1801781
Nigeria,NGA,2001,"Population, age 9, female",SP.POP.AG09.FE.UN,1763726
Nigeria,NGA,2000,"Population, age 9, female",SP.POP.AG09.FE.UN,1724788
Nigeria,NGA,1999,"Population, age 9, female",SP.POP.AG09.FE.UN,1684871
Nigeria,NGA,1998,"Population, age 9, female",SP.POP.AG09.FE.UN,1644115
Nigeria,NGA,1997,"Population, age 9, female",SP.POP.AG09.FE.UN,1602620
Nigeria,NGA,1996,"Population, age 9, female",SP.POP.AG09.FE.UN,1560563
Nigeria,NGA,1995,"Population, age 9, female",SP.POP.AG09.FE.UN,1518097
Nigeria,NGA,1994,"Population, age 9, female",SP.POP.AG09.FE.UN,1475387
Nigeria,NGA,1993,"Population, age 9, female",SP.POP.AG09.FE.UN,1432477
Nigeria,NGA,1992,"Population, age 9, female",SP.POP.AG09.FE.UN,1389295
Nigeria,NGA,1991,"Population, age 9, female",SP.POP.AG09.FE.UN,1345713
Nigeria,NGA,1990,"Population, age 9, female",SP.POP.AG09.FE.UN,1301739
Nigeria,NGA,2015,"Population, age 9, male",SP.POP.AG09.MA.UN,2349603
Nigeria,NGA,2014,"Population, age 9, male",SP.POP.AG09.MA.UN,2316372
Nigeria,NGA,2013,"Population, age 9, male",SP.POP.AG09.MA.UN,2281273
Nigeria,NGA,2012,"Population, age 9, male",SP.POP.AG09.MA.UN,2244557
Nigeria,NGA,2011,"Population, age 9, male",SP.POP.AG09.MA.UN,2206543
Nigeria,NGA,2010,"Population, age 9, male",SP.POP.AG09.MA.UN,2167510
Nigeria,NGA,2009,"Population, age 9, male",SP.POP.AG09.MA.UN,2127532
Nigeria,NGA,2008,"Population, age 9, male",SP.POP.AG09.MA.UN,2086718
Nigeria,NGA,2007,"Population, age 9, male",SP.POP.AG09.MA.UN,2045416
Nigeria,NGA,2006,"Population, age 9, male",SP.POP.AG09.MA.UN,2004043
Nigeria,NGA,2005,"Population, age 9, male",SP.POP.AG09.MA.UN,1962883
Nigeria,NGA,2004,"Population, age 9, male",SP.POP.AG09.MA.UN,1922154
Nigeria,NGA,2003,"Population, age 9, male",SP.POP.AG09.MA.UN,1881781
Nigeria,NGA,2002,"Population, age 9, male",SP.POP.AG09.MA.UN,1841391
Nigeria,NGA,2001,"Population, age 9, male",SP.POP.AG09.MA.UN,1800428
Nigeria,NGA,2000,"Population, age 9, male",SP.POP.AG09.MA.UN,1758500
Nigeria,NGA,1999,"Population, age 9, male",SP.POP.AG09.MA.UN,1715533
Nigeria,NGA,1998,"Population, age 9, male",SP.POP.AG09.MA.UN,1671699
Nigeria,NGA,1997,"Population, age 9, male",SP.POP.AG09.MA.UN,1627158
Nigeria,NGA,1996,"Population, age 9, male",SP.POP.AG09.MA.UN,1582157
Nigeria,NGA,1995,"Population, age 9, male",SP.POP.AG09.MA.UN,1536910
Nigeria,NGA,1994,"Population, age 9, male",SP.POP.AG09.MA.UN,1491598
Nigeria,NGA,1993,"Population, age 9, male",SP.POP.AG09.MA.UN,1446281
Nigeria,NGA,1992,"Population, age 9, male",SP.POP.AG09.MA.UN,1400925
Nigeria,NGA,1991,"Population, age 9, male",SP.POP.AG09.MA.UN,1355438
Nigeria,NGA,1990,"Population, age 9, male",SP.POP.AG09.MA.UN,1309851
Nigeria,NGA,2015,"Population, age 9, total",SP.POP.AG09.TO.UN,4641744
Nigeria,NGA,2013,"Population, age 9, total",SP.POP.AG09.TO.UN,4505645
Nigeria,NGA,2012,"Population, age 9, total",SP.POP.AG09.TO.UN,4432513
Nigeria,NGA,2011,"Population, age 9, total",SP.POP.AG09.TO.UN,4356960
Nigeria,NGA,2010,"Population, age 9, total",SP.POP.AG09.TO.UN,4279641
Nigeria,NGA,2009,"Population, age 9, total",SP.POP.AG09.TO.UN,4200734
Nigeria,NGA,2008,"Population, age 9, total",SP.POP.AG09.TO.UN,4120444
Nigeria,NGA,2007,"Population, age 9, total",SP.POP.AG09.TO.UN,4039466
Nigeria,NGA,2006,"Population, age 9, total",SP.POP.AG09.TO.UN,3958610
Nigeria,NGA,2005,"Population, age 9, total",SP.POP.AG09.TO.UN,3878422
Nigeria,NGA,2004,"Population, age 9, total",SP.POP.AG09.TO.UN,3799332
Nigeria,NGA,2003,"Population, age 9, total",SP.POP.AG09.TO.UN,3721177
Nigeria,NGA,2002,"Population, age 9, total",SP.POP.AG09.TO.UN,3643172
Nigeria,NGA,2001,"Population, age 9, total",SP.POP.AG09.TO.UN,3564154
Nigeria,NGA,2000,"Population, age 9, total",SP.POP.AG09.TO.UN,3483288
Nigeria,NGA,1999,"Population, age 9, total",SP.POP.AG09.TO.UN,3400404
Nigeria,NGA,1998,"Population, age 9, total",SP.POP.AG09.TO.UN,3315814
Nigeria,NGA,1997,"Population, age 9, total",SP.POP.AG09.TO.UN,3229778
Nigeria,NGA,1996,"Population, age 9, total",SP.POP.AG09.TO.UN,3142720
Nigeria,NGA,1995,"Population, age 9, total",SP.POP.AG09.TO.UN,3055007
Nigeria,NGA,1994,"Population, age 9, total",SP.POP.AG09.TO.UN,2966985
Nigeria,NGA,1993,"Population, age 9, total",SP.POP.AG09.TO.UN,2878758
Nigeria,NGA,1992,"Population, age 9, total",SP.POP.AG09.TO.UN,2790220
Nigeria,NGA,1991,"Population, age 9, total",SP.POP.AG09.TO.UN,2701151
Nigeria,NGA,1990,"Population, age 9, total",SP.POP.AG09.TO.UN,2611590
Nigeria,NGA,2015,"Population, age 10, female",SP.POP.AG10.FE.UN,2252114
Nigeria,NGA,2013,"Population, age 10, female",SP.POP.AG10.FE.UN,2178863
Nigeria,NGA,2012,"Population, age 10, female",SP.POP.AG10.FE.UN,2139613
Nigeria,NGA,2011,"Population, age 10, female",SP.POP.AG10.FE.UN,2100020
Nigeria,NGA,2010,"Population, age 10, female",SP.POP.AG10.FE.UN,2060905
Nigeria,NGA,2009,"Population, age 10, female",SP.POP.AG10.FE.UN,2022629
Nigeria,NGA,2008,"Population, age 10, female",SP.POP.AG10.FE.UN,1985038
Nigeria,NGA,2007,"Population, age 10, female",SP.POP.AG10.FE.UN,1947802
Nigeria,NGA,2006,"Population, age 10, female",SP.POP.AG10.FE.UN,1910351
Nigeria,NGA,2005,"Population, age 10, female",SP.POP.AG10.FE.UN,1872276
Nigeria,NGA,2004,"Population, age 10, female",SP.POP.AG10.FE.UN,1833485
Nigeria,NGA,2003,"Population, age 10, female",SP.POP.AG10.FE.UN,1794152
Nigeria,NGA,2002,"Population, age 10, female",SP.POP.AG10.FE.UN,1754442
Nigeria,NGA,2001,"Population, age 10, female",SP.POP.AG10.FE.UN,1714609
Nigeria,NGA,2000,"Population, age 10, female",SP.POP.AG10.FE.UN,1674807
Nigeria,NGA,1999,"Population, age 10, female",SP.POP.AG10.FE.UN,1635212
Nigeria,NGA,1998,"Population, age 10, female",SP.POP.AG10.FE.UN,1595710
Nigeria,NGA,1997,"Population, age 10, female",SP.POP.AG10.FE.UN,1555818
Nigeria,NGA,1996,"Population, age 10, female",SP.POP.AG10.FE.UN,1514879
Nigeria,NGA,1995,"Population, age 10, female",SP.POP.AG10.FE.UN,1472480
Nigeria,NGA,1994,"Population, age 10, female",SP.POP.AG10.FE.UN,1428514
Nigeria,NGA,1993,"Population, age 10, female",SP.POP.AG10.FE.UN,1383340
Nigeria,NGA,1992,"Population, age 10, female",SP.POP.AG10.FE.UN,1337615
Nigeria,NGA,1991,"Population, age 10, female",SP.POP.AG10.FE.UN,1292245
Nigeria,NGA,1990,"Population, age 10, female",SP.POP.AG10.FE.UN,1247961
Nigeria,NGA,2015,"Population, age 10, male",SP.POP.AG10.MA.UN,2309641
Nigeria,NGA,2014,"Population, age 10, male",SP.POP.AG10.MA.UN,2273866
Nigeria,NGA,2013,"Population, age 10, male",SP.POP.AG10.MA.UN,2235739
Nigeria,NGA,2012,"Population, age 10, male",SP.POP.AG10.MA.UN,2196021
Nigeria,NGA,2011,"Population, age 10, male",SP.POP.AG10.MA.UN,2155732
Nigeria,NGA,2010,"Population, age 10, male",SP.POP.AG10.MA.UN,2115625
Nigeria,NGA,2009,"Population, age 10, male",SP.POP.AG10.MA.UN,2076032
Nigeria,NGA,2008,"Population, age 10, male",SP.POP.AG10.MA.UN,2036809
Nigeria,NGA,2007,"Population, age 10, male",SP.POP.AG10.MA.UN,1997646
Nigeria,NGA,2006,"Population, age 10, male",SP.POP.AG10.MA.UN,1958018
Nigeria,NGA,2005,"Population, age 10, male",SP.POP.AG10.MA.UN,1917552
Nigeria,NGA,2004,"Population, age 10, male",SP.POP.AG10.MA.UN,1876172
Nigeria,NGA,2003,"Population, age 10, male",SP.POP.AG10.MA.UN,1834067
Nigeria,NGA,2002,"Population, age 10, male",SP.POP.AG10.MA.UN,1791441
Nigeria,NGA,2001,"Population, age 10, male",SP.POP.AG10.MA.UN,1748594
Nigeria,NGA,2000,"Population, age 10, male",SP.POP.AG10.MA.UN,1705729
Nigeria,NGA,1999,"Population, age 10, male",SP.POP.AG10.MA.UN,1663042
Nigeria,NGA,1998,"Population, age 10, male",SP.POP.AG10.MA.UN,1620451
Nigeria,NGA,1997,"Population, age 10, male",SP.POP.AG10.MA.UN,1577547
Nigeria,NGA,1996,"Population, age 10, male",SP.POP.AG10.MA.UN,1533757
Nigeria,NGA,1995,"Population, age 10, male",SP.POP.AG10.MA.UN,1488738
Nigeria,NGA,1994,"Population, age 10, male",SP.POP.AG10.MA.UN,1442403
Nigeria,NGA,1993,"Population, age 10, male",SP.POP.AG10.MA.UN,1395113
Nigeria,NGA,1992,"Population, age 10, male",SP.POP.AG10.MA.UN,1347535
Nigeria,NGA,1991,"Population, age 10, male",SP.POP.AG10.MA.UN,1300574
Nigeria,NGA,1990,"Population, age 10, male",SP.POP.AG10.MA.UN,1254950
Nigeria,NGA,2015,"Population, age 10, total",SP.POP.AG10.TO.UN,4561755
Nigeria,NGA,2013,"Population, age 10, total",SP.POP.AG10.TO.UN,4414602
Nigeria,NGA,2012,"Population, age 10, total",SP.POP.AG10.TO.UN,4335634
Nigeria,NGA,2011,"Population, age 10, total",SP.POP.AG10.TO.UN,4255752
Nigeria,NGA,2010,"Population, age 10, total",SP.POP.AG10.TO.UN,4176530
Nigeria,NGA,2009,"Population, age 10, total",SP.POP.AG10.TO.UN,4098661
Nigeria,NGA,2008,"Population, age 10, total",SP.POP.AG10.TO.UN,4021847
Nigeria,NGA,2007,"Population, age 10, total",SP.POP.AG10.TO.UN,3945448
Nigeria,NGA,2006,"Population, age 10, total",SP.POP.AG10.TO.UN,3868369
Nigeria,NGA,2005,"Population, age 10, total",SP.POP.AG10.TO.UN,3789828
Nigeria,NGA,2004,"Population, age 10, total",SP.POP.AG10.TO.UN,3709657
Nigeria,NGA,2003,"Population, age 10, total",SP.POP.AG10.TO.UN,3628219
Nigeria,NGA,2002,"Population, age 10, total",SP.POP.AG10.TO.UN,3545883
Nigeria,NGA,2001,"Population, age 10, total",SP.POP.AG10.TO.UN,3463203
Nigeria,NGA,2000,"Population, age 10, total",SP.POP.AG10.TO.UN,3380536
Nigeria,NGA,1999,"Population, age 10, total",SP.POP.AG10.TO.UN,3298254
Nigeria,NGA,1998,"Population, age 10, total",SP.POP.AG10.TO.UN,3216161
Nigeria,NGA,1997,"Population, age 10, total",SP.POP.AG10.TO.UN,3133365
Nigeria,NGA,1996,"Population, age 10, total",SP.POP.AG10.TO.UN,3048636
Nigeria,NGA,1995,"Population, age 10, total",SP.POP.AG10.TO.UN,2961218
Nigeria,NGA,1994,"Population, age 10, total",SP.POP.AG10.TO.UN,2870917
Nigeria,NGA,1993,"Population, age 10, total",SP.POP.AG10.TO.UN,2778453
Nigeria,NGA,1992,"Population, age 10, total",SP.POP.AG10.TO.UN,2685150
Nigeria,NGA,1991,"Population, age 10, total",SP.POP.AG10.TO.UN,2592819
Nigeria,NGA,1990,"Population, age 10, total",SP.POP.AG10.TO.UN,2502911
Nigeria,NGA,2015,"Population, age 11, female",SP.POP.AG11.FE.UN,2214001
Nigeria,NGA,2013,"Population, age 11, female",SP.POP.AG11.FE.UN,2134889
Nigeria,NGA,2012,"Population, age 11, female",SP.POP.AG11.FE.UN,2092445
Nigeria,NGA,2011,"Population, age 11, female",SP.POP.AG11.FE.UN,2050595
Nigeria,NGA,2010,"Population, age 11, female",SP.POP.AG11.FE.UN,2010759
Nigeria,NGA,2009,"Population, age 11, female",SP.POP.AG11.FE.UN,1973636
Nigeria,NGA,2008,"Population, age 11, female",SP.POP.AG11.FE.UN,1938738
Nigeria,NGA,2007,"Population, age 11, female",SP.POP.AG11.FE.UN,1904857
Nigeria,NGA,2006,"Population, age 11, female",SP.POP.AG11.FE.UN,1870173
Nigeria,NGA,2005,"Population, age 11, female",SP.POP.AG11.FE.UN,1833407
Nigeria,NGA,2004,"Population, age 11, female",SP.POP.AG11.FE.UN,1794066
Nigeria,NGA,2003,"Population, age 11, female",SP.POP.AG11.FE.UN,1752673
Nigeria,NGA,2002,"Population, age 11, female",SP.POP.AG11.FE.UN,1710188
Nigeria,NGA,2001,"Population, age 11, female",SP.POP.AG11.FE.UN,1668031
Nigeria,NGA,2000,"Population, age 11, female",SP.POP.AG11.FE.UN,1627167
Nigeria,NGA,1999,"Population, age 11, female",SP.POP.AG11.FE.UN,1588145
Nigeria,NGA,1998,"Population, age 11, female",SP.POP.AG11.FE.UN,1550494
Nigeria,NGA,1997,"Population, age 11, female",SP.POP.AG11.FE.UN,1512954
Nigeria,NGA,1996,"Population, age 11, female",SP.POP.AG11.FE.UN,1473721
Nigeria,NGA,1995,"Population, age 11, female",SP.POP.AG11.FE.UN,1431621
Nigeria,NGA,1994,"Population, age 11, female",SP.POP.AG11.FE.UN,1386179
Nigeria,NGA,1993,"Population, age 11, female",SP.POP.AG11.FE.UN,1338166
Nigeria,NGA,1992,"Population, age 11, female",SP.POP.AG11.FE.UN,1289170
Nigeria,NGA,1991,"Population, age 11, female",SP.POP.AG11.FE.UN,1241437
Nigeria,NGA,1990,"Population, age 11, female",SP.POP.AG11.FE.UN,1196616
Nigeria,NGA,2015,"Population, age 11, male",SP.POP.AG11.MA.UN,2271652
Nigeria,NGA,2014,"Population, age 11, male",SP.POP.AG11.MA.UN,2233248
Nigeria,NGA,2013,"Population, age 11, male",SP.POP.AG11.MA.UN,2191782
Nigeria,NGA,2012,"Population, age 11, male",SP.POP.AG11.MA.UN,2148673
Nigeria,NGA,2011,"Population, age 11, male",SP.POP.AG11.MA.UN,2105885
Nigeria,NGA,2010,"Population, age 11, male",SP.POP.AG11.MA.UN,2064788
Nigeria,NGA,2009,"Population, age 11, male",SP.POP.AG11.MA.UN,2026054
Nigeria,NGA,2008,"Population, age 11, male",SP.POP.AG11.MA.UN,1989214
Nigeria,NGA,2007,"Population, age 11, male",SP.POP.AG11.MA.UN,1953093
Nigeria,NGA,2006,"Population, age 11, male",SP.POP.AG11.MA.UN,1915934
Nigeria,NGA,2005,"Population, age 11, male",SP.POP.AG11.MA.UN,1876511
Nigeria,NGA,2004,"Population, age 11, male",SP.POP.AG11.MA.UN,1834354
Nigeria,NGA,2003,"Population, age 11, male",SP.POP.AG11.MA.UN,1790007
Nigeria,NGA,2002,"Population, age 11, male",SP.POP.AG11.MA.UN,1744468
Nigeria,NGA,2001,"Population, age 11, male",SP.POP.AG11.MA.UN,1699198
Nigeria,NGA,2000,"Population, age 11, male",SP.POP.AG11.MA.UN,1655207
Nigeria,NGA,1999,"Population, age 11, male",SP.POP.AG11.MA.UN,1613062
Nigeria,NGA,1998,"Population, age 11, male",SP.POP.AG11.MA.UN,1572330
Nigeria,NGA,1997,"Population, age 11, male",SP.POP.AG11.MA.UN,1531832
Nigeria,NGA,1996,"Population, age 11, male",SP.POP.AG11.MA.UN,1489866
Nigeria,NGA,1995,"Population, age 11, male",SP.POP.AG11.MA.UN,1445330
Nigeria,NGA,1994,"Population, age 11, male",SP.POP.AG11.MA.UN,1397778
Nigeria,NGA,1993,"Population, age 11, male",SP.POP.AG11.MA.UN,1347969
Nigeria,NGA,1992,"Population, age 11, male",SP.POP.AG11.MA.UN,1297472
Nigeria,NGA,1991,"Population, age 11, male",SP.POP.AG11.MA.UN,1248489
Nigeria,NGA,1990,"Population, age 11, male",SP.POP.AG11.MA.UN,1202636
Nigeria,NGA,2015,"Population, age 11, total",SP.POP.AG11.TO.UN,4485653
Nigeria,NGA,2013,"Population, age 11, total",SP.POP.AG11.TO.UN,4326671
Nigeria,NGA,2012,"Population, age 11, total",SP.POP.AG11.TO.UN,4241118
Nigeria,NGA,2011,"Population, age 11, total",SP.POP.AG11.TO.UN,4156480
Nigeria,NGA,2010,"Population, age 11, total",SP.POP.AG11.TO.UN,4075547
Nigeria,NGA,2009,"Population, age 11, total",SP.POP.AG11.TO.UN,3999690
Nigeria,NGA,2008,"Population, age 11, total",SP.POP.AG11.TO.UN,3927952
Nigeria,NGA,2007,"Population, age 11, total",SP.POP.AG11.TO.UN,3857950
Nigeria,NGA,2006,"Population, age 11, total",SP.POP.AG11.TO.UN,3786107
Nigeria,NGA,2005,"Population, age 11, total",SP.POP.AG11.TO.UN,3709918
Nigeria,NGA,2004,"Population, age 11, total",SP.POP.AG11.TO.UN,3628420
Nigeria,NGA,2003,"Population, age 11, total",SP.POP.AG11.TO.UN,3542680
Nigeria,NGA,2002,"Population, age 11, total",SP.POP.AG11.TO.UN,3454656
Nigeria,NGA,2001,"Population, age 11, total",SP.POP.AG11.TO.UN,3367229
Nigeria,NGA,2000,"Population, age 11, total",SP.POP.AG11.TO.UN,3282374
Nigeria,NGA,1999,"Population, age 11, total",SP.POP.AG11.TO.UN,3201207
Nigeria,NGA,1998,"Population, age 11, total",SP.POP.AG11.TO.UN,3122824
Nigeria,NGA,1997,"Population, age 11, total",SP.POP.AG11.TO.UN,3044786
Nigeria,NGA,1996,"Population, age 11, total",SP.POP.AG11.TO.UN,2963587
Nigeria,NGA,1995,"Population, age 11, total",SP.POP.AG11.TO.UN,2876951
Nigeria,NGA,1994,"Population, age 11, total",SP.POP.AG11.TO.UN,2783957
Nigeria,NGA,1993,"Population, age 11, total",SP.POP.AG11.TO.UN,2686135
Nigeria,NGA,1992,"Population, age 11, total",SP.POP.AG11.TO.UN,2586642
Nigeria,NGA,1991,"Population, age 11, total",SP.POP.AG11.TO.UN,2489926
Nigeria,NGA,1990,"Population, age 11, total",SP.POP.AG11.TO.UN,2399252
Nigeria,NGA,2015,"Population, age 12, female",SP.POP.AG12.FE.UN,2172172
Nigeria,NGA,2013,"Population, age 12, female",SP.POP.AG12.FE.UN,2089859
Nigeria,NGA,2012,"Population, age 12, female",SP.POP.AG12.FE.UN,2046006
Nigeria,NGA,2011,"Population, age 12, female",SP.POP.AG12.FE.UN,2003269
Nigeria,NGA,2010,"Population, age 12, female",SP.POP.AG12.FE.UN,1963264
Nigeria,NGA,2009,"Population, age 12, female",SP.POP.AG12.FE.UN,1926824
Nigeria,NGA,2008,"Population, age 12, female",SP.POP.AG12.FE.UN,1893323
Nigeria,NGA,2007,"Population, age 12, female",SP.POP.AG12.FE.UN,1861117
Nigeria,NGA,2006,"Population, age 12, female",SP.POP.AG12.FE.UN,1827791
Nigeria,NGA,2005,"Population, age 12, female",SP.POP.AG12.FE.UN,1791651
Nigeria,NGA,2004,"Population, age 12, female",SP.POP.AG12.FE.UN,1752011
Nigeria,NGA,2003,"Population, age 12, female",SP.POP.AG12.FE.UN,1709560
Nigeria,NGA,2002,"Population, age 12, female",SP.POP.AG12.FE.UN,1665620
Nigeria,NGA,2001,"Population, age 12, female",SP.POP.AG12.FE.UN,1622159
Nigeria,NGA,2000,"Population, age 12, female",SP.POP.AG12.FE.UN,1580527
Nigeria,NGA,1999,"Population, age 12, female",SP.POP.AG12.FE.UN,1541447
Nigeria,NGA,1998,"Population, age 12, female",SP.POP.AG12.FE.UN,1504301
Nigeria,NGA,1997,"Population, age 12, female",SP.POP.AG12.FE.UN,1467518
Nigeria,NGA,1996,"Population, age 12, female",SP.POP.AG12.FE.UN,1428837
Nigeria,NGA,1995,"Population, age 12, female",SP.POP.AG12.FE.UN,1386782
Nigeria,NGA,1994,"Population, age 12, female",SP.POP.AG12.FE.UN,1340714
Nigeria,NGA,1993,"Population, age 12, female",SP.POP.AG12.FE.UN,1291590
Nigeria,NGA,1992,"Population, age 12, female",SP.POP.AG12.FE.UN,1241465
Nigeria,NGA,1991,"Population, age 12, female",SP.POP.AG12.FE.UN,1193238
Nigeria,NGA,1990,"Population, age 12, female",SP.POP.AG12.FE.UN,1149002
Nigeria,NGA,2015,"Population, age 12, male",SP.POP.AG12.MA.UN,2229647
Nigeria,NGA,2014,"Population, age 12, male",SP.POP.AG12.MA.UN,2189568
Nigeria,NGA,2013,"Population, age 12, male",SP.POP.AG12.MA.UN,2146313
Nigeria,NGA,2012,"Population, age 12, male",SP.POP.AG12.MA.UN,2101562
Nigeria,NGA,2011,"Population, age 12, male",SP.POP.AG12.MA.UN,2057619
Nigeria,NGA,2010,"Population, age 12, male",SP.POP.AG12.MA.UN,2016079
Nigeria,NGA,2009,"Population, age 12, male",SP.POP.AG12.MA.UN,1977764
Nigeria,NGA,2008,"Population, age 12, male",SP.POP.AG12.MA.UN,1942051
Nigeria,NGA,2007,"Population, age 12, male",SP.POP.AG12.MA.UN,1907351
Nigeria,NGA,2006,"Population, age 12, male",SP.POP.AG12.MA.UN,1871316
Nigeria,NGA,2005,"Population, age 12, male",SP.POP.AG12.MA.UN,1832317
Nigeria,NGA,2004,"Population, age 12, male",SP.POP.AG12.MA.UN,1789697
Nigeria,NGA,2003,"Population, age 12, male",SP.POP.AG12.MA.UN,1744165
Nigeria,NGA,2002,"Population, age 12, male",SP.POP.AG12.MA.UN,1697087
Nigeria,NGA,2001,"Population, age 12, male",SP.POP.AG12.MA.UN,1650477
Nigeria,NGA,2000,"Population, age 12, male",SP.POP.AG12.MA.UN,1605728
Nigeria,NGA,1999,"Population, age 12, male",SP.POP.AG12.MA.UN,1563580
Nigeria,NGA,1998,"Population, age 12, male",SP.POP.AG12.MA.UN,1523451
Nigeria,NGA,1997,"Population, age 12, male",SP.POP.AG12.MA.UN,1483853
Nigeria,NGA,1996,"Population, age 12, male",SP.POP.AG12.MA.UN,1442624
Nigeria,NGA,1995,"Population, age 12, male",SP.POP.AG12.MA.UN,1398356
Nigeria,NGA,1994,"Population, age 12, male",SP.POP.AG12.MA.UN,1350443
Nigeria,NGA,1993,"Population, age 12, male",SP.POP.AG12.MA.UN,1299821
Nigeria,NGA,1992,"Population, age 12, male",SP.POP.AG12.MA.UN,1248495
Nigeria,NGA,1991,"Population, age 12, male",SP.POP.AG12.MA.UN,1199289
Nigeria,NGA,1990,"Population, age 12, male",SP.POP.AG12.MA.UN,1154229
Nigeria,NGA,2015,"Population, age 12, total",SP.POP.AG12.TO.UN,4401819
Nigeria,NGA,2013,"Population, age 12, total",SP.POP.AG12.TO.UN,4236172
Nigeria,NGA,2012,"Population, age 12, total",SP.POP.AG12.TO.UN,4147568
Nigeria,NGA,2011,"Population, age 12, total",SP.POP.AG12.TO.UN,4060888
Nigeria,NGA,2010,"Population, age 12, total",SP.POP.AG12.TO.UN,3979343
Nigeria,NGA,2009,"Population, age 12, total",SP.POP.AG12.TO.UN,3904588
Nigeria,NGA,2008,"Population, age 12, total",SP.POP.AG12.TO.UN,3835374
Nigeria,NGA,2007,"Population, age 12, total",SP.POP.AG12.TO.UN,3768468
Nigeria,NGA,2006,"Population, age 12, total",SP.POP.AG12.TO.UN,3699107
Nigeria,NGA,2005,"Population, age 12, total",SP.POP.AG12.TO.UN,3623968
Nigeria,NGA,2004,"Population, age 12, total",SP.POP.AG12.TO.UN,3541708
Nigeria,NGA,2003,"Population, age 12, total",SP.POP.AG12.TO.UN,3453725
Nigeria,NGA,2002,"Population, age 12, total",SP.POP.AG12.TO.UN,3362707
Nigeria,NGA,2001,"Population, age 12, total",SP.POP.AG12.TO.UN,3272636
Nigeria,NGA,2000,"Population, age 12, total",SP.POP.AG12.TO.UN,3186255
Nigeria,NGA,1999,"Population, age 12, total",SP.POP.AG12.TO.UN,3105027
Nigeria,NGA,1998,"Population, age 12, total",SP.POP.AG12.TO.UN,3027752
Nigeria,NGA,1997,"Population, age 12, total",SP.POP.AG12.TO.UN,2951371
Nigeria,NGA,1996,"Population, age 12, total",SP.POP.AG12.TO.UN,2871461
Nigeria,NGA,1995,"Population, age 12, total",SP.POP.AG12.TO.UN,2785138
Nigeria,NGA,1994,"Population, age 12, total",SP.POP.AG12.TO.UN,2691157
Nigeria,NGA,1993,"Population, age 12, total",SP.POP.AG12.TO.UN,2591411
Nigeria,NGA,1992,"Population, age 12, total",SP.POP.AG12.TO.UN,2489960
Nigeria,NGA,1991,"Population, age 12, total",SP.POP.AG12.TO.UN,2392527
Nigeria,NGA,1990,"Population, age 12, total",SP.POP.AG12.TO.UN,2303231
Nigeria,NGA,2015,"Population, age 13, female",SP.POP.AG13.FE.UN,2124023
Nigeria,NGA,2013,"Population, age 13, female",SP.POP.AG13.FE.UN,2042518
Nigeria,NGA,2012,"Population, age 13, female",SP.POP.AG13.FE.UN,1999986
Nigeria,NGA,2011,"Population, age 13, female",SP.POP.AG13.FE.UN,1958407
Nigeria,NGA,2010,"Population, age 13, female",SP.POP.AG13.FE.UN,1918953
Nigeria,NGA,2009,"Population, age 13, female",SP.POP.AG13.FE.UN,1882269
Nigeria,NGA,2008,"Population, age 13, female",SP.POP.AG13.FE.UN,1847879
Nigeria,NGA,2007,"Population, age 13, female",SP.POP.AG13.FE.UN,1814466
Nigeria,NGA,2006,"Population, age 13, female",SP.POP.AG13.FE.UN,1780099
Nigeria,NGA,2005,"Population, age 13, female",SP.POP.AG13.FE.UN,1743421
Nigeria,NGA,2004,"Population, age 13, female",SP.POP.AG13.FE.UN,1703902
Nigeria,NGA,2003,"Population, age 13, female",SP.POP.AG13.FE.UN,1662075
Nigeria,NGA,2002,"Population, age 13, female",SP.POP.AG13.FE.UN,1618919
Nigeria,NGA,2001,"Population, age 13, female",SP.POP.AG13.FE.UN,1575900
Nigeria,NGA,2000,"Population, age 13, female",SP.POP.AG13.FE.UN,1534035
Nigeria,NGA,1999,"Population, age 13, female",SP.POP.AG13.FE.UN,1493884
Nigeria,NGA,1998,"Population, age 13, female",SP.POP.AG13.FE.UN,1455032
Nigeria,NGA,1997,"Population, age 13, female",SP.POP.AG13.FE.UN,1416379
Nigeria,NGA,1996,"Population, age 13, female",SP.POP.AG13.FE.UN,1376329
Nigeria,NGA,1995,"Population, age 13, female",SP.POP.AG13.FE.UN,1333870
Nigeria,NGA,1994,"Population, age 13, female",SP.POP.AG13.FE.UN,1288534
Nigeria,NGA,1993,"Population, age 13, female",SP.POP.AG13.FE.UN,1241095
Nigeria,NGA,1992,"Population, age 13, female",SP.POP.AG13.FE.UN,1193297
Nigeria,NGA,1991,"Population, age 13, female",SP.POP.AG13.FE.UN,1147562
Nigeria,NGA,1990,"Population, age 13, female",SP.POP.AG13.FE.UN,1105632
Nigeria,NGA,2015,"Population, age 13, male",SP.POP.AG13.MA.UN,2180812
Nigeria,NGA,2014,"Population, age 13, male",SP.POP.AG13.MA.UN,2140474
Nigeria,NGA,2013,"Population, age 13, male",SP.POP.AG13.MA.UN,2097820
Nigeria,NGA,2012,"Population, age 13, male",SP.POP.AG13.MA.UN,2054107
Nigeria,NGA,2011,"Population, age 13, male",SP.POP.AG13.MA.UN,2011043
Nigeria,NGA,2010,"Population, age 13, male",SP.POP.AG13.MA.UN,1969801
Nigeria,NGA,2009,"Population, age 13, male",SP.POP.AG13.MA.UN,1931016
Nigeria,NGA,2008,"Population, age 13, male",SP.POP.AG13.MA.UN,1894225
Nigeria,NGA,2007,"Population, age 13, male",SP.POP.AG13.MA.UN,1858158
Nigeria,NGA,2006,"Population, age 13, male",SP.POP.AG13.MA.UN,1820954
Nigeria,NGA,2005,"Population, age 13, male",SP.POP.AG13.MA.UN,1781314
Nigeria,NGA,2004,"Population, age 13, male",SP.POP.AG13.MA.UN,1738742
Nigeria,NGA,2003,"Population, age 13, male",SP.POP.AG13.MA.UN,1693792
Nigeria,NGA,2002,"Population, age 13, male",SP.POP.AG13.MA.UN,1647498
Nigeria,NGA,2001,"Population, age 13, male",SP.POP.AG13.MA.UN,1601379
Nigeria,NGA,2000,"Population, age 13, male",SP.POP.AG13.MA.UN,1556509
Nigeria,NGA,1999,"Population, age 13, male",SP.POP.AG13.MA.UN,1513463
Nigeria,NGA,1998,"Population, age 13, male",SP.POP.AG13.MA.UN,1471852
Nigeria,NGA,1997,"Population, age 13, male",SP.POP.AG13.MA.UN,1430642
Nigeria,NGA,1996,"Population, age 13, male",SP.POP.AG13.MA.UN,1388312
Nigeria,NGA,1995,"Population, age 13, male",SP.POP.AG13.MA.UN,1343902
Nigeria,NGA,1994,"Population, age 13, male",SP.POP.AG13.MA.UN,1296975
Nigeria,NGA,1993,"Population, age 13, male",SP.POP.AG13.MA.UN,1248283
Nigeria,NGA,1992,"Population, age 13, male",SP.POP.AG13.MA.UN,1199494
Nigeria,NGA,1991,"Population, age 13, male",SP.POP.AG13.MA.UN,1152920
Nigeria,NGA,1990,"Population, age 13, male",SP.POP.AG13.MA.UN,1110220
Nigeria,NGA,2015,"Population, age 13, total",SP.POP.AG13.TO.UN,4304835
Nigeria,NGA,2013,"Population, age 13, total",SP.POP.AG13.TO.UN,4140338
Nigeria,NGA,2012,"Population, age 13, total",SP.POP.AG13.TO.UN,4054093
Nigeria,NGA,2011,"Population, age 13, total",SP.POP.AG13.TO.UN,3969450
Nigeria,NGA,2010,"Population, age 13, total",SP.POP.AG13.TO.UN,3888754
Nigeria,NGA,2009,"Population, age 13, total",SP.POP.AG13.TO.UN,3813285
Nigeria,NGA,2008,"Population, age 13, total",SP.POP.AG13.TO.UN,3742104
Nigeria,NGA,2007,"Population, age 13, total",SP.POP.AG13.TO.UN,3672624
Nigeria,NGA,2006,"Population, age 13, total",SP.POP.AG13.TO.UN,3601053
Nigeria,NGA,2005,"Population, age 13, total",SP.POP.AG13.TO.UN,3524735
Nigeria,NGA,2004,"Population, age 13, total",SP.POP.AG13.TO.UN,3442644
Nigeria,NGA,2003,"Population, age 13, total",SP.POP.AG13.TO.UN,3355867
Nigeria,NGA,2002,"Population, age 13, total",SP.POP.AG13.TO.UN,3266417
Nigeria,NGA,2001,"Population, age 13, total",SP.POP.AG13.TO.UN,3177279
Nigeria,NGA,2000,"Population, age 13, total",SP.POP.AG13.TO.UN,3090544
Nigeria,NGA,1999,"Population, age 13, total",SP.POP.AG13.TO.UN,3007347
Nigeria,NGA,1998,"Population, age 13, total",SP.POP.AG13.TO.UN,2926884
Nigeria,NGA,1997,"Population, age 13, total",SP.POP.AG13.TO.UN,2847021
Nigeria,NGA,1996,"Population, age 13, total",SP.POP.AG13.TO.UN,2764641
Nigeria,NGA,1995,"Population, age 13, total",SP.POP.AG13.TO.UN,2677772
Nigeria,NGA,1994,"Population, age 13, total",SP.POP.AG13.TO.UN,2585509
Nigeria,NGA,1993,"Population, age 13, total",SP.POP.AG13.TO.UN,2489378
Nigeria,NGA,1992,"Population, age 13, total",SP.POP.AG13.TO.UN,2392791
Nigeria,NGA,1991,"Population, age 13, total",SP.POP.AG13.TO.UN,2300482
Nigeria,NGA,1990,"Population, age 13, total",SP.POP.AG13.TO.UN,2215852
Nigeria,NGA,2015,"Population, age 14, female",SP.POP.AG14.FE.UN,2071994
Nigeria,NGA,2013,"Population, age 14, female",SP.POP.AG14.FE.UN,1993831
Nigeria,NGA,2012,"Population, age 14, female",SP.POP.AG14.FE.UN,1954288
Nigeria,NGA,2011,"Population, age 14, female",SP.POP.AG14.FE.UN,1915109
Nigeria,NGA,2010,"Population, age 14, female",SP.POP.AG14.FE.UN,1876644
Nigeria,NGA,2009,"Population, age 14, female",SP.POP.AG14.FE.UN,1839149
Nigeria,NGA,2008,"Population, age 14, female",SP.POP.AG14.FE.UN,1802485
Nigeria,NGA,2007,"Population, age 14, female",SP.POP.AG14.FE.UN,1766110
Nigeria,NGA,2006,"Population, age 14, female",SP.POP.AG14.FE.UN,1729235
Nigeria,NGA,2005,"Population, age 14, female",SP.POP.AG14.FE.UN,1691297
Nigeria,NGA,2004,"Population, age 14, female",SP.POP.AG14.FE.UN,1652134
Nigeria,NGA,2003,"Population, age 14, female",SP.POP.AG14.FE.UN,1611936
Nigeria,NGA,2002,"Population, age 14, female",SP.POP.AG14.FE.UN,1570909
Nigeria,NGA,2001,"Population, age 14, female",SP.POP.AG14.FE.UN,1529391
Nigeria,NGA,2000,"Population, age 14, female",SP.POP.AG14.FE.UN,1487648
Nigeria,NGA,1999,"Population, age 14, female",SP.POP.AG14.FE.UN,1445875
Nigeria,NGA,1998,"Population, age 14, female",SP.POP.AG14.FE.UN,1404060
Nigeria,NGA,1997,"Population, age 14, female",SP.POP.AG14.FE.UN,1362042
Nigeria,NGA,1996,"Population, age 14, female",SP.POP.AG14.FE.UN,1319562
Nigeria,NGA,1995,"Population, age 14, female",SP.POP.AG14.FE.UN,1276534
Nigeria,NGA,1994,"Population, age 14, female",SP.POP.AG14.FE.UN,1232858
Nigeria,NGA,1993,"Population, age 14, female",SP.POP.AG14.FE.UN,1188901
Nigeria,NGA,1992,"Population, age 14, female",SP.POP.AG14.FE.UN,1145613
Nigeria,NGA,1991,"Population, age 14, female",SP.POP.AG14.FE.UN,1104247
Nigeria,NGA,1990,"Population, age 14, female",SP.POP.AG14.FE.UN,1065701
Nigeria,NGA,2015,"Population, age 14, male",SP.POP.AG14.MA.UN,2127643
Nigeria,NGA,2014,"Population, age 14, male",SP.POP.AG14.MA.UN,2087962
Nigeria,NGA,2013,"Population, age 14, male",SP.POP.AG14.MA.UN,2047391
Nigeria,NGA,2012,"Population, age 14, male",SP.POP.AG14.MA.UN,2006366
Nigeria,NGA,2011,"Population, age 14, male",SP.POP.AG14.MA.UN,1965426
Nigeria,NGA,2010,"Population, age 14, male",SP.POP.AG14.MA.UN,1924935
Nigeria,NGA,2009,"Population, age 14, male",SP.POP.AG14.MA.UN,1885153
Nigeria,NGA,2008,"Population, age 14, male",SP.POP.AG14.MA.UN,1845954
Nigeria,NGA,2007,"Population, age 14, male",SP.POP.AG14.MA.UN,1806841
Nigeria,NGA,2006,"Population, age 14, male",SP.POP.AG14.MA.UN,1767079
Nigeria,NGA,2005,"Population, age 14, male",SP.POP.AG14.MA.UN,1726157
Nigeria,NGA,2004,"Population, age 14, male",SP.POP.AG14.MA.UN,1683938
Nigeria,NGA,2003,"Population, age 14, male",SP.POP.AG14.MA.UN,1640642
Nigeria,NGA,2002,"Population, age 14, male",SP.POP.AG14.MA.UN,1596537
Nigeria,NGA,2001,"Population, age 14, male",SP.POP.AG14.MA.UN,1552041
Nigeria,NGA,2000,"Population, age 14, male",SP.POP.AG14.MA.UN,1507475
Nigeria,NGA,1999,"Population, age 14, male",SP.POP.AG14.MA.UN,1463057
Nigeria,NGA,1998,"Population, age 14, male",SP.POP.AG14.MA.UN,1418788
Nigeria,NGA,1997,"Population, age 14, male",SP.POP.AG14.MA.UN,1374546
Nigeria,NGA,1996,"Population, age 14, male",SP.POP.AG14.MA.UN,1330108
Nigeria,NGA,1995,"Population, age 14, male",SP.POP.AG14.MA.UN,1285407
Nigeria,NGA,1994,"Population, age 14, male",SP.POP.AG14.MA.UN,1240377
Nigeria,NGA,1993,"Population, age 14, male",SP.POP.AG14.MA.UN,1195368
Nigeria,NGA,1992,"Population, age 14, male",SP.POP.AG14.MA.UN,1151228
Nigeria,NGA,1991,"Population, age 14, male",SP.POP.AG14.MA.UN,1109076
Nigeria,NGA,1990,"Population, age 14, male",SP.POP.AG14.MA.UN,1069712
Nigeria,NGA,2015,"Population, age 14, total",SP.POP.AG14.TO.UN,4199637
Nigeria,NGA,2013,"Population, age 14, total",SP.POP.AG14.TO.UN,4041222
Nigeria,NGA,2012,"Population, age 14, total",SP.POP.AG14.TO.UN,3960654
Nigeria,NGA,2011,"Population, age 14, total",SP.POP.AG14.TO.UN,3880535
Nigeria,NGA,2010,"Population, age 14, total",SP.POP.AG14.TO.UN,3801579
Nigeria,NGA,2009,"Population, age 14, total",SP.POP.AG14.TO.UN,3724302
Nigeria,NGA,2008,"Population, age 14, total",SP.POP.AG14.TO.UN,3648439
Nigeria,NGA,2007,"Population, age 14, total",SP.POP.AG14.TO.UN,3572951
Nigeria,NGA,2006,"Population, age 14, total",SP.POP.AG14.TO.UN,3496314
Nigeria,NGA,2005,"Population, age 14, total",SP.POP.AG14.TO.UN,3417454
Nigeria,NGA,2004,"Population, age 14, total",SP.POP.AG14.TO.UN,3336072
Nigeria,NGA,2003,"Population, age 14, total",SP.POP.AG14.TO.UN,3252578
Nigeria,NGA,2002,"Population, age 14, total",SP.POP.AG14.TO.UN,3167446
Nigeria,NGA,2001,"Population, age 14, total",SP.POP.AG14.TO.UN,3081432
Nigeria,NGA,2000,"Population, age 14, total",SP.POP.AG14.TO.UN,2995123
Nigeria,NGA,1999,"Population, age 14, total",SP.POP.AG14.TO.UN,2908932
Nigeria,NGA,1998,"Population, age 14, total",SP.POP.AG14.TO.UN,2822848
Nigeria,NGA,1997,"Population, age 14, total",SP.POP.AG14.TO.UN,2736588
Nigeria,NGA,1996,"Population, age 14, total",SP.POP.AG14.TO.UN,2649670
Nigeria,NGA,1995,"Population, age 14, total",SP.POP.AG14.TO.UN,2561941
Nigeria,NGA,1994,"Population, age 14, total",SP.POP.AG14.TO.UN,2473235
Nigeria,NGA,1993,"Population, age 14, total",SP.POP.AG14.TO.UN,2384269
Nigeria,NGA,1992,"Population, age 14, total",SP.POP.AG14.TO.UN,2296841
Nigeria,NGA,1991,"Population, age 14, total",SP.POP.AG14.TO.UN,2213323
Nigeria,NGA,1990,"Population, age 14, total",SP.POP.AG14.TO.UN,2135413
Nigeria,NGA,2015,"Population, age 15, female",SP.POP.AG15.FE.UN,2020658
Nigeria,NGA,2013,"Population, age 15, female",SP.POP.AG15.FE.UN,1945727
Nigeria,NGA,2012,"Population, age 15, female",SP.POP.AG15.FE.UN,1909036
Nigeria,NGA,2011,"Population, age 15, female",SP.POP.AG15.FE.UN,1872187
Nigeria,NGA,2010,"Population, age 15, female",SP.POP.AG15.FE.UN,1834771
Nigeria,NGA,2009,"Population, age 15, female",SP.POP.AG15.FE.UN,1796692
Nigeria,NGA,2008,"Population, age 15, female",SP.POP.AG15.FE.UN,1758115
Nigeria,NGA,2007,"Population, age 15, female",SP.POP.AG15.FE.UN,1719193
Nigeria,NGA,2006,"Population, age 15, female",SP.POP.AG15.FE.UN,1680161
Nigeria,NGA,2005,"Population, age 15, female",SP.POP.AG15.FE.UN,1641164
Nigeria,NGA,2004,"Population, age 15, female",SP.POP.AG15.FE.UN,1602371
Nigeria,NGA,2003,"Population, age 15, female",SP.POP.AG15.FE.UN,1563663
Nigeria,NGA,2002,"Population, age 15, female",SP.POP.AG15.FE.UN,1524564
Nigeria,NGA,2001,"Population, age 15, female",SP.POP.AG15.FE.UN,1484420
Nigeria,NGA,2000,"Population, age 15, female",SP.POP.AG15.FE.UN,1442825
Nigeria,NGA,1999,"Population, age 15, female",SP.POP.AG15.FE.UN,1399654
Nigeria,NGA,1998,"Population, age 15, female",SP.POP.AG15.FE.UN,1355261
Nigeria,NGA,1997,"Population, age 15, female",SP.POP.AG15.FE.UN,1310318
Nigeria,NGA,1996,"Population, age 15, female",SP.POP.AG15.FE.UN,1265761
Nigeria,NGA,1995,"Population, age 15, female",SP.POP.AG15.FE.UN,1222328
Nigeria,NGA,1994,"Population, age 15, female",SP.POP.AG15.FE.UN,1180243
Nigeria,NGA,1993,"Population, age 15, female",SP.POP.AG15.FE.UN,1139512
Nigeria,NGA,1992,"Population, age 15, female",SP.POP.AG15.FE.UN,1100393
Nigeria,NGA,1991,"Population, age 15, female",SP.POP.AG15.FE.UN,1063111
Nigeria,NGA,1990,"Population, age 15, female",SP.POP.AG15.FE.UN,1027827
Nigeria,NGA,2015,"Population, age 15, male",SP.POP.AG15.MA.UN,2075112
Nigeria,NGA,2014,"Population, age 15, male",SP.POP.AG15.MA.UN,2036093
Nigeria,NGA,2013,"Population, age 15, male",SP.POP.AG15.MA.UN,1997504
Nigeria,NGA,2012,"Population, age 15, male",SP.POP.AG15.MA.UN,1959032
Nigeria,NGA,2011,"Population, age 15, male",SP.POP.AG15.MA.UN,1920146
Nigeria,NGA,2010,"Population, age 15, male",SP.POP.AG15.MA.UN,1880470
Nigeria,NGA,2009,"Population, age 15, male",SP.POP.AG15.MA.UN,1839924
Nigeria,NGA,2008,"Population, age 15, male",SP.POP.AG15.MA.UN,1798687
Nigeria,NGA,2007,"Population, age 15, male",SP.POP.AG15.MA.UN,1756946
Nigeria,NGA,2006,"Population, age 15, male",SP.POP.AG15.MA.UN,1714981
Nigeria,NGA,2005,"Population, age 15, male",SP.POP.AG15.MA.UN,1672980
Nigeria,NGA,2004,"Population, age 15, male",SP.POP.AG15.MA.UN,1631131
Nigeria,NGA,2003,"Population, age 15, male",SP.POP.AG15.MA.UN,1589349
Nigeria,NGA,2002,"Population, age 15, male",SP.POP.AG15.MA.UN,1547237
Nigeria,NGA,2001,"Population, age 15, male",SP.POP.AG15.MA.UN,1504230
Nigeria,NGA,2000,"Population, age 15, male",SP.POP.AG15.MA.UN,1459995
Nigeria,NGA,1999,"Population, age 15, male",SP.POP.AG15.MA.UN,1414429
Nigeria,NGA,1998,"Population, age 15, male",SP.POP.AG15.MA.UN,1367886
Nigeria,NGA,1997,"Population, age 15, male",SP.POP.AG15.MA.UN,1321048
Nigeria,NGA,1996,"Population, age 15, male",SP.POP.AG15.MA.UN,1274856
Nigeria,NGA,1995,"Population, age 15, male",SP.POP.AG15.MA.UN,1230036
Nigeria,NGA,1994,"Population, age 15, male",SP.POP.AG15.MA.UN,1186846
Nigeria,NGA,1993,"Population, age 15, male",SP.POP.AG15.MA.UN,1145277
Nigeria,NGA,1992,"Population, age 15, male",SP.POP.AG15.MA.UN,1105463
Nigeria,NGA,1991,"Population, age 15, male",SP.POP.AG15.MA.UN,1067466
Nigeria,NGA,1990,"Population, age 15, male",SP.POP.AG15.MA.UN,1031336
Nigeria,NGA,2015,"Population, age 15, total",SP.POP.AG15.TO.UN,4095770
Nigeria,NGA,2013,"Population, age 15, total",SP.POP.AG15.TO.UN,3943231
Nigeria,NGA,2012,"Population, age 15, total",SP.POP.AG15.TO.UN,3868068
Nigeria,NGA,2011,"Population, age 15, total",SP.POP.AG15.TO.UN,3792333
Nigeria,NGA,2010,"Population, age 15, total",SP.POP.AG15.TO.UN,3715241
Nigeria,NGA,2009,"Population, age 15, total",SP.POP.AG15.TO.UN,3636616
Nigeria,NGA,2008,"Population, age 15, total",SP.POP.AG15.TO.UN,3556802
Nigeria,NGA,2007,"Population, age 15, total",SP.POP.AG15.TO.UN,3476139
Nigeria,NGA,2006,"Population, age 15, total",SP.POP.AG15.TO.UN,3395142
Nigeria,NGA,2005,"Population, age 15, total",SP.POP.AG15.TO.UN,3314144
Nigeria,NGA,2004,"Population, age 15, total",SP.POP.AG15.TO.UN,3233502
Nigeria,NGA,2003,"Population, age 15, total",SP.POP.AG15.TO.UN,3153012
Nigeria,NGA,2002,"Population, age 15, total",SP.POP.AG15.TO.UN,3071801
Nigeria,NGA,2001,"Population, age 15, total",SP.POP.AG15.TO.UN,2988650
Nigeria,NGA,2000,"Population, age 15, total",SP.POP.AG15.TO.UN,2902820
Nigeria,NGA,1999,"Population, age 15, total",SP.POP.AG15.TO.UN,2814083
Nigeria,NGA,1998,"Population, age 15, total",SP.POP.AG15.TO.UN,2723147
Nigeria,NGA,1997,"Population, age 15, total",SP.POP.AG15.TO.UN,2631366
Nigeria,NGA,1996,"Population, age 15, total",SP.POP.AG15.TO.UN,2540617
Nigeria,NGA,1995,"Population, age 15, total",SP.POP.AG15.TO.UN,2452364
Nigeria,NGA,1994,"Population, age 15, total",SP.POP.AG15.TO.UN,2367089
Nigeria,NGA,1993,"Population, age 15, total",SP.POP.AG15.TO.UN,2284789
Nigeria,NGA,1992,"Population, age 15, total",SP.POP.AG15.TO.UN,2205856
Nigeria,NGA,1991,"Population, age 15, total",SP.POP.AG15.TO.UN,2130577
Nigeria,NGA,1990,"Population, age 15, total",SP.POP.AG15.TO.UN,2059163
Nigeria,NGA,2015,"Population, age 16, female",SP.POP.AG16.FE.UN,1968527
Nigeria,NGA,2013,"Population, age 16, female",SP.POP.AG16.FE.UN,1897468
Nigeria,NGA,2012,"Population, age 16, female",SP.POP.AG16.FE.UN,1864092
Nigeria,NGA,2011,"Population, age 16, female",SP.POP.AG16.FE.UN,1829963
Nigeria,NGA,2010,"Population, age 16, female",SP.POP.AG16.FE.UN,1793826
Nigeria,NGA,2009,"Population, age 16, female",SP.POP.AG16.FE.UN,1755187
Nigeria,NGA,2008,"Population, age 16, female",SP.POP.AG16.FE.UN,1714561
Nigeria,NGA,2007,"Population, age 16, female",SP.POP.AG16.FE.UN,1672883
Nigeria,NGA,2006,"Population, age 16, female",SP.POP.AG16.FE.UN,1631551
Nigeria,NGA,2005,"Population, age 16, female",SP.POP.AG16.FE.UN,1591507
Nigeria,NGA,2004,"Population, age 16, female",SP.POP.AG16.FE.UN,1553293
Nigeria,NGA,2003,"Population, age 16, female",SP.POP.AG16.FE.UN,1516440
Nigeria,NGA,2002,"Population, age 16, female",SP.POP.AG16.FE.UN,1479699
Nigeria,NGA,2001,"Population, age 16, female",SP.POP.AG16.FE.UN,1441286
Nigeria,NGA,2000,"Population, age 16, female",SP.POP.AG16.FE.UN,1400041
Nigeria,NGA,1999,"Population, age 16, female",SP.POP.AG16.FE.UN,1355480
Nigeria,NGA,1998,"Population, age 16, female",SP.POP.AG16.FE.UN,1308358
Nigeria,NGA,1997,"Population, age 16, female",SP.POP.AG16.FE.UN,1260264
Nigeria,NGA,1996,"Population, age 16, female",SP.POP.AG16.FE.UN,1213437
Nigeria,NGA,1995,"Population, age 16, female",SP.POP.AG16.FE.UN,1169520
Nigeria,NGA,1994,"Population, age 16, female",SP.POP.AG16.FE.UN,1129085
Nigeria,NGA,1993,"Population, age 16, female",SP.POP.AG16.FE.UN,1091749
Nigeria,NGA,1992,"Population, age 16, female",SP.POP.AG16.FE.UN,1057027
Nigeria,NGA,1991,"Population, age 16, female",SP.POP.AG16.FE.UN,1024058
Nigeria,NGA,1990,"Population, age 16, female",SP.POP.AG16.FE.UN,992208
Nigeria,NGA,2015,"Population, age 16, male",SP.POP.AG16.MA.UN,2021825
Nigeria,NGA,2014,"Population, age 16, male",SP.POP.AG16.MA.UN,1983710
Nigeria,NGA,2013,"Population, age 16, male",SP.POP.AG16.MA.UN,1947501
Nigeria,NGA,2012,"Population, age 16, male",SP.POP.AG16.MA.UN,1912042
Nigeria,NGA,2011,"Population, age 16, male",SP.POP.AG16.MA.UN,1875602
Nigeria,NGA,2010,"Population, age 16, male",SP.POP.AG16.MA.UN,1836976
Nigeria,NGA,2009,"Population, age 16, male",SP.POP.AG16.MA.UN,1795697
Nigeria,NGA,2008,"Population, age 16, male",SP.POP.AG16.MA.UN,1752291
Nigeria,NGA,2007,"Population, age 16, male",SP.POP.AG16.MA.UN,1707723
Nigeria,NGA,2006,"Population, age 16, male",SP.POP.AG16.MA.UN,1663416
Nigeria,NGA,2005,"Population, age 16, male",SP.POP.AG16.MA.UN,1620349
Nigeria,NGA,2004,"Population, age 16, male",SP.POP.AG16.MA.UN,1579072
Nigeria,NGA,2003,"Population, age 16, male",SP.POP.AG16.MA.UN,1539160
Nigeria,NGA,2002,"Population, age 16, male",SP.POP.AG16.MA.UN,1499454
Nigeria,NGA,2001,"Population, age 16, male",SP.POP.AG16.MA.UN,1458287
Nigeria,NGA,2000,"Population, age 16, male",SP.POP.AG16.MA.UN,1414577
Nigeria,NGA,1999,"Population, age 16, male",SP.POP.AG16.MA.UN,1367871
Nigeria,NGA,1998,"Population, age 16, male",SP.POP.AG16.MA.UN,1318906
Nigeria,NGA,1997,"Population, age 16, male",SP.POP.AG16.MA.UN,1269258
Nigeria,NGA,1996,"Population, age 16, male",SP.POP.AG16.MA.UN,1221131
Nigeria,NGA,1995,"Population, age 16, male",SP.POP.AG16.MA.UN,1176131
Nigeria,NGA,1994,"Population, age 16, male",SP.POP.AG16.MA.UN,1134865
Nigeria,NGA,1993,"Population, age 16, male",SP.POP.AG16.MA.UN,1096935
Nigeria,NGA,1992,"Population, age 16, male",SP.POP.AG16.MA.UN,1061705
Nigeria,NGA,1991,"Population, age 16, male",SP.POP.AG16.MA.UN,1028111
Nigeria,NGA,1990,"Population, age 16, male",SP.POP.AG16.MA.UN,995390
Nigeria,NGA,2015,"Population, age 16, total",SP.POP.AG16.TO.UN,3990352
Nigeria,NGA,2013,"Population, age 16, total",SP.POP.AG16.TO.UN,3844969
Nigeria,NGA,2012,"Population, age 16, total",SP.POP.AG16.TO.UN,3776134
Nigeria,NGA,2011,"Population, age 16, total",SP.POP.AG16.TO.UN,3705565
Nigeria,NGA,2010,"Population, age 16, total",SP.POP.AG16.TO.UN,3630802
Nigeria,NGA,2009,"Population, age 16, total",SP.POP.AG16.TO.UN,3550884
Nigeria,NGA,2008,"Population, age 16, total",SP.POP.AG16.TO.UN,3466852
Nigeria,NGA,2007,"Population, age 16, total",SP.POP.AG16.TO.UN,3380606
Nigeria,NGA,2006,"Population, age 16, total",SP.POP.AG16.TO.UN,3294967
Nigeria,NGA,2005,"Population, age 16, total",SP.POP.AG16.TO.UN,3211856
Nigeria,NGA,2004,"Population, age 16, total",SP.POP.AG16.TO.UN,3132365
Nigeria,NGA,2003,"Population, age 16, total",SP.POP.AG16.TO.UN,3055600
Nigeria,NGA,2002,"Population, age 16, total",SP.POP.AG16.TO.UN,2979153
Nigeria,NGA,2001,"Population, age 16, total",SP.POP.AG16.TO.UN,2899573
Nigeria,NGA,2000,"Population, age 16, total",SP.POP.AG16.TO.UN,2814618
Nigeria,NGA,1999,"Population, age 16, total",SP.POP.AG16.TO.UN,2723351
Nigeria,NGA,1998,"Population, age 16, total",SP.POP.AG16.TO.UN,2627264
Nigeria,NGA,1997,"Population, age 16, total",SP.POP.AG16.TO.UN,2529522
Nigeria,NGA,1996,"Population, age 16, total",SP.POP.AG16.TO.UN,2434568
Nigeria,NGA,1995,"Population, age 16, total",SP.POP.AG16.TO.UN,2345651
Nigeria,NGA,1994,"Population, age 16, total",SP.POP.AG16.TO.UN,2263950
Nigeria,NGA,1993,"Population, age 16, total",SP.POP.AG16.TO.UN,2188684
Nigeria,NGA,1992,"Population, age 16, total",SP.POP.AG16.TO.UN,2118732
Nigeria,NGA,1991,"Population, age 16, total",SP.POP.AG16.TO.UN,2052169
Nigeria,NGA,1990,"Population, age 16, total",SP.POP.AG16.TO.UN,1987598
Nigeria,NGA,2015,"Population, age 17, female",SP.POP.AG17.FE.UN,1919512
Nigeria,NGA,2013,"Population, age 17, female",SP.POP.AG17.FE.UN,1850526
Nigeria,NGA,2012,"Population, age 17, female",SP.POP.AG17.FE.UN,1818789
Nigeria,NGA,2011,"Population, age 17, female",SP.POP.AG17.FE.UN,1785979
Nigeria,NGA,2010,"Population, age 17, female",SP.POP.AG17.FE.UN,1750433
Nigeria,NGA,2009,"Population, age 17, female",SP.POP.AG17.FE.UN,1711473
Nigeria,NGA,2008,"Population, age 17, female",SP.POP.AG17.FE.UN,1669766
Nigeria,NGA,2007,"Population, age 17, female",SP.POP.AG17.FE.UN,1626623
Nigeria,NGA,2006,"Population, age 17, female",SP.POP.AG17.FE.UN,1583986
Nigeria,NGA,2005,"Population, age 17, female",SP.POP.AG17.FE.UN,1543186
Nigeria,NGA,2004,"Population, age 17, female",SP.POP.AG17.FE.UN,1504933
Nigeria,NGA,2003,"Population, age 17, female",SP.POP.AG17.FE.UN,1468616
Nigeria,NGA,2002,"Population, age 17, female",SP.POP.AG17.FE.UN,1432676
Nigeria,NGA,2001,"Population, age 17, female",SP.POP.AG17.FE.UN,1394873
Nigeria,NGA,2000,"Population, age 17, female",SP.POP.AG17.FE.UN,1353737
Nigeria,NGA,1999,"Population, age 17, female",SP.POP.AG17.FE.UN,1308627
Nigeria,NGA,1998,"Population, age 17, female",SP.POP.AG17.FE.UN,1260481
Nigeria,NGA,1997,"Population, age 17, female",SP.POP.AG17.FE.UN,1211341
Nigeria,NGA,1996,"Population, age 17, female",SP.POP.AG17.FE.UN,1164088
Nigeria,NGA,1995,"Population, age 17, female",SP.POP.AG17.FE.UN,1120796
Nigeria,NGA,1994,"Population, age 17, female",SP.POP.AG17.FE.UN,1082224
Nigeria,NGA,1993,"Population, age 17, female",SP.POP.AG17.FE.UN,1047774
Nigeria,NGA,1992,"Population, age 17, female",SP.POP.AG17.FE.UN,1016501
Nigeria,NGA,1991,"Population, age 17, female",SP.POP.AG17.FE.UN,986870
Nigeria,NGA,1990,"Population, age 17, female",SP.POP.AG17.FE.UN,957767
Nigeria,NGA,2015,"Population, age 17, male",SP.POP.AG17.MA.UN,1970612
Nigeria,NGA,2014,"Population, age 17, male",SP.POP.AG17.MA.UN,1932927
Nigeria,NGA,2013,"Population, age 17, male",SP.POP.AG17.MA.UN,1897834
Nigeria,NGA,2012,"Population, age 17, male",SP.POP.AG17.MA.UN,1863772
Nigeria,NGA,2011,"Population, age 17, male",SP.POP.AG17.MA.UN,1828443
Nigeria,NGA,2010,"Population, age 17, male",SP.POP.AG17.MA.UN,1790249
Nigeria,NGA,2009,"Population, age 17, male",SP.POP.AG17.MA.UN,1748542
Nigeria,NGA,2008,"Population, age 17, male",SP.POP.AG17.MA.UN,1704006
Nigeria,NGA,2007,"Population, age 17, male",SP.POP.AG17.MA.UN,1657974
Nigeria,NGA,2006,"Population, age 17, male",SP.POP.AG17.MA.UN,1612403
Nigeria,NGA,2005,"Population, age 17, male",SP.POP.AG17.MA.UN,1568648
Nigeria,NGA,2004,"Population, age 17, male",SP.POP.AG17.MA.UN,1527429
Nigeria,NGA,2003,"Population, age 17, male",SP.POP.AG17.MA.UN,1488174
Nigeria,NGA,2002,"Population, age 17, male",SP.POP.AG17.MA.UN,1449422
Nigeria,NGA,2001,"Population, age 17, male",SP.POP.AG17.MA.UN,1409048
Nigeria,NGA,2000,"Population, age 17, male",SP.POP.AG17.MA.UN,1365673
Nigeria,NGA,1999,"Population, age 17, male",SP.POP.AG17.MA.UN,1318679
Nigeria,NGA,1998,"Population, age 17, male",SP.POP.AG17.MA.UN,1268982
Nigeria,NGA,1997,"Population, age 17, male",SP.POP.AG17.MA.UN,1218583
Nigeria,NGA,1996,"Population, age 17, male",SP.POP.AG17.MA.UN,1170296
Nigeria,NGA,1995,"Population, age 17, male",SP.POP.AG17.MA.UN,1126136
Nigeria,NGA,1994,"Population, age 17, male",SP.POP.AG17.MA.UN,1086895
Nigeria,NGA,1993,"Population, age 17, male",SP.POP.AG17.MA.UN,1051959
Nigeria,NGA,1992,"Population, age 17, male",SP.POP.AG17.MA.UN,1020235
Nigeria,NGA,1991,"Population, age 17, male",SP.POP.AG17.MA.UN,989994
Nigeria,NGA,1990,"Population, age 17, male",SP.POP.AG17.MA.UN,960000
Nigeria,NGA,2015,"Population, age 17, total",SP.POP.AG17.TO.UN,3890124
Nigeria,NGA,2013,"Population, age 17, total",SP.POP.AG17.TO.UN,3748360
Nigeria,NGA,2012,"Population, age 17, total",SP.POP.AG17.TO.UN,3682561
Nigeria,NGA,2011,"Population, age 17, total",SP.POP.AG17.TO.UN,3614422
Nigeria,NGA,2010,"Population, age 17, total",SP.POP.AG17.TO.UN,3540682
Nigeria,NGA,2009,"Population, age 17, total",SP.POP.AG17.TO.UN,3460015
Nigeria,NGA,2008,"Population, age 17, total",SP.POP.AG17.TO.UN,3373772
Nigeria,NGA,2007,"Population, age 17, total",SP.POP.AG17.TO.UN,3284597
Nigeria,NGA,2006,"Population, age 17, total",SP.POP.AG17.TO.UN,3196389
Nigeria,NGA,2005,"Population, age 17, total",SP.POP.AG17.TO.UN,3111834
Nigeria,NGA,2004,"Population, age 17, total",SP.POP.AG17.TO.UN,3032362
Nigeria,NGA,2003,"Population, age 17, total",SP.POP.AG17.TO.UN,2956790
Nigeria,NGA,2002,"Population, age 17, total",SP.POP.AG17.TO.UN,2882098
Nigeria,NGA,2001,"Population, age 17, total",SP.POP.AG17.TO.UN,2803921
Nigeria,NGA,2000,"Population, age 17, total",SP.POP.AG17.TO.UN,2719410
Nigeria,NGA,1999,"Population, age 17, total",SP.POP.AG17.TO.UN,2627306
Nigeria,NGA,1998,"Population, age 17, total",SP.POP.AG17.TO.UN,2529463
Nigeria,NGA,1997,"Population, age 17, total",SP.POP.AG17.TO.UN,2429924
Nigeria,NGA,1996,"Population, age 17, total",SP.POP.AG17.TO.UN,2334384
Nigeria,NGA,1995,"Population, age 17, total",SP.POP.AG17.TO.UN,2246932
Nigeria,NGA,1994,"Population, age 17, total",SP.POP.AG17.TO.UN,2169119
Nigeria,NGA,1993,"Population, age 17, total",SP.POP.AG17.TO.UN,2099733
Nigeria,NGA,1992,"Population, age 17, total",SP.POP.AG17.TO.UN,2036736
Nigeria,NGA,1991,"Population, age 17, total",SP.POP.AG17.TO.UN,1976864
Nigeria,NGA,1990,"Population, age 17, total",SP.POP.AG17.TO.UN,1917767
Nigeria,NGA,2015,"Population, age 18, female",SP.POP.AG18.FE.UN,1875834
Nigeria,NGA,2013,"Population, age 18, female",SP.POP.AG18.FE.UN,1805709
Nigeria,NGA,2012,"Population, age 18, female",SP.POP.AG18.FE.UN,1772770
Nigeria,NGA,2011,"Population, age 18, female",SP.POP.AG18.FE.UN,1738916
Nigeria,NGA,2010,"Population, age 18, female",SP.POP.AG18.FE.UN,1702811
Nigeria,NGA,2009,"Population, age 18, female",SP.POP.AG18.FE.UN,1663929
Nigeria,NGA,2008,"Population, age 18, female",SP.POP.AG18.FE.UN,1622794
Nigeria,NGA,2007,"Population, age 18, female",SP.POP.AG18.FE.UN,1580380
Nigeria,NGA,2006,"Population, age 18, female",SP.POP.AG18.FE.UN,1538144
Nigeria,NGA,2005,"Population, age 18, female",SP.POP.AG18.FE.UN,1497103
Nigeria,NGA,2004,"Population, age 18, female",SP.POP.AG18.FE.UN,1457810
Nigeria,NGA,2003,"Population, age 18, female",SP.POP.AG18.FE.UN,1419847
Nigeria,NGA,2002,"Population, age 18, female",SP.POP.AG18.FE.UN,1382115
Nigeria,NGA,2001,"Population, age 18, female",SP.POP.AG18.FE.UN,1343014
Nigeria,NGA,2000,"Population, age 18, female",SP.POP.AG18.FE.UN,1301534
Nigeria,NGA,1999,"Population, age 18, female",SP.POP.AG18.FE.UN,1257191
Nigeria,NGA,1998,"Population, age 18, female",SP.POP.AG18.FE.UN,1210747
Nigeria,NGA,1997,"Population, age 18, female",SP.POP.AG18.FE.UN,1163936
Nigeria,NGA,1996,"Population, age 18, female",SP.POP.AG18.FE.UN,1119172
Nigeria,NGA,1995,"Population, age 18, female",SP.POP.AG18.FE.UN,1078181
Nigeria,NGA,1994,"Population, age 18, female",SP.POP.AG18.FE.UN,1041640
Nigeria,NGA,1993,"Population, age 18, female",SP.POP.AG18.FE.UN,1009031
Nigeria,NGA,1992,"Population, age 18, female",SP.POP.AG18.FE.UN,979431
Nigeria,NGA,1991,"Population, age 18, female",SP.POP.AG18.FE.UN,951378
Nigeria,NGA,1990,"Population, age 18, female",SP.POP.AG18.FE.UN,923805
Nigeria,NGA,2015,"Population, age 18, male",SP.POP.AG18.MA.UN,1923247
Nigeria,NGA,2014,"Population, age 18, male",SP.POP.AG18.MA.UN,1885092
Nigeria,NGA,2013,"Population, age 18, male",SP.POP.AG18.MA.UN,1848925
Nigeria,NGA,2012,"Population, age 18, male",SP.POP.AG18.MA.UN,1813506
Nigeria,NGA,2011,"Population, age 18, male",SP.POP.AG18.MA.UN,1777022
Nigeria,NGA,2010,"Population, age 18, male",SP.POP.AG18.MA.UN,1738207
Nigeria,NGA,2009,"Population, age 18, male",SP.POP.AG18.MA.UN,1696571
Nigeria,NGA,2008,"Population, age 18, male",SP.POP.AG18.MA.UN,1652652
Nigeria,NGA,2007,"Population, age 18, male",SP.POP.AG18.MA.UN,1607442
Nigeria,NGA,2006,"Population, age 18, male",SP.POP.AG18.MA.UN,1562419
Nigeria,NGA,2005,"Population, age 18, male",SP.POP.AG18.MA.UN,1518614
Nigeria,NGA,2004,"Population, age 18, male",SP.POP.AG18.MA.UN,1476590
Nigeria,NGA,2003,"Population, age 18, male",SP.POP.AG18.MA.UN,1435963
Nigeria,NGA,2002,"Population, age 18, male",SP.POP.AG18.MA.UN,1395711
Nigeria,NGA,2001,"Population, age 18, male",SP.POP.AG18.MA.UN,1354340
Nigeria,NGA,2000,"Population, age 18, male",SP.POP.AG18.MA.UN,1310902
Nigeria,NGA,1999,"Population, age 18, male",SP.POP.AG18.MA.UN,1264945
Nigeria,NGA,1998,"Population, age 18, male",SP.POP.AG18.MA.UN,1217202
Nigeria,NGA,1997,"Population, age 18, male",SP.POP.AG18.MA.UN,1169346
Nigeria,NGA,1996,"Population, age 18, male",SP.POP.AG18.MA.UN,1123700
Nigeria,NGA,1995,"Population, age 18, male",SP.POP.AG18.MA.UN,1081917
Nigeria,NGA,1994,"Population, age 18, male",SP.POP.AG18.MA.UN,1044688
Nigeria,NGA,1993,"Population, age 18, male",SP.POP.AG18.MA.UN,1011499
Nigeria,NGA,1992,"Population, age 18, male",SP.POP.AG18.MA.UN,981324
Nigeria,NGA,1991,"Population, age 18, male",SP.POP.AG18.MA.UN,952572
Nigeria,NGA,1990,"Population, age 18, male",SP.POP.AG18.MA.UN,924100
Nigeria,NGA,2015,"Population, age 18, total",SP.POP.AG18.TO.UN,3799081
Nigeria,NGA,2013,"Population, age 18, total",SP.POP.AG18.TO.UN,3654634
Nigeria,NGA,2012,"Population, age 18, total",SP.POP.AG18.TO.UN,3586276
Nigeria,NGA,2011,"Population, age 18, total",SP.POP.AG18.TO.UN,3515938
Nigeria,NGA,2010,"Population, age 18, total",SP.POP.AG18.TO.UN,3441018
Nigeria,NGA,2009,"Population, age 18, total",SP.POP.AG18.TO.UN,3360500
Nigeria,NGA,2008,"Population, age 18, total",SP.POP.AG18.TO.UN,3275446
Nigeria,NGA,2007,"Population, age 18, total",SP.POP.AG18.TO.UN,3187822
Nigeria,NGA,2006,"Population, age 18, total",SP.POP.AG18.TO.UN,3100563
Nigeria,NGA,2005,"Population, age 18, total",SP.POP.AG18.TO.UN,3015717
Nigeria,NGA,2004,"Population, age 18, total",SP.POP.AG18.TO.UN,2934400
Nigeria,NGA,2003,"Population, age 18, total",SP.POP.AG18.TO.UN,2855810
Nigeria,NGA,2002,"Population, age 18, total",SP.POP.AG18.TO.UN,2777826
Nigeria,NGA,2001,"Population, age 18, total",SP.POP.AG18.TO.UN,2697354
Nigeria,NGA,2000,"Population, age 18, total",SP.POP.AG18.TO.UN,2612436
Nigeria,NGA,1999,"Population, age 18, total",SP.POP.AG18.TO.UN,2522136
Nigeria,NGA,1998,"Population, age 18, total",SP.POP.AG18.TO.UN,2427949
Nigeria,NGA,1997,"Population, age 18, total",SP.POP.AG18.TO.UN,2333282
Nigeria,NGA,1996,"Population, age 18, total",SP.POP.AG18.TO.UN,2242872
Nigeria,NGA,1995,"Population, age 18, total",SP.POP.AG18.TO.UN,2160098
Nigeria,NGA,1994,"Population, age 18, total",SP.POP.AG18.TO.UN,2086328
Nigeria,NGA,1993,"Population, age 18, total",SP.POP.AG18.TO.UN,2020530
Nigeria,NGA,1992,"Population, age 18, total",SP.POP.AG18.TO.UN,1960755
Nigeria,NGA,1991,"Population, age 18, total",SP.POP.AG18.TO.UN,1903950
Nigeria,NGA,1990,"Population, age 18, total",SP.POP.AG18.TO.UN,1847905
Nigeria,NGA,2015,"Population, age 19, female",SP.POP.AG19.FE.UN,1835218
Nigeria,NGA,2013,"Population, age 19, female",SP.POP.AG19.FE.UN,1761990
Nigeria,NGA,2012,"Population, age 19, female",SP.POP.AG19.FE.UN,1726115
Nigeria,NGA,2011,"Population, age 19, female",SP.POP.AG19.FE.UN,1689771
Nigeria,NGA,2010,"Population, age 19, female",SP.POP.AG19.FE.UN,1652397
Nigeria,NGA,2009,"Population, age 19, female",SP.POP.AG19.FE.UN,1613827
Nigeria,NGA,2008,"Population, age 19, female",SP.POP.AG19.FE.UN,1574251
Nigeria,NGA,2007,"Population, age 19, female",SP.POP.AG19.FE.UN,1533891
Nigeria,NGA,2006,"Population, age 19, female",SP.POP.AG19.FE.UN,1493112
Nigeria,NGA,2005,"Population, age 19, female",SP.POP.AG19.FE.UN,1452189
Nigeria,NGA,2004,"Population, age 19, female",SP.POP.AG19.FE.UN,1411322
Nigeria,NGA,2003,"Population, age 19, female",SP.POP.AG19.FE.UN,1370488
Nigeria,NGA,2002,"Population, age 19, female",SP.POP.AG19.FE.UN,1329501
Nigeria,NGA,2001,"Population, age 19, female",SP.POP.AG19.FE.UN,1288071
Nigeria,NGA,2000,"Population, age 19, female",SP.POP.AG19.FE.UN,1246084
Nigeria,NGA,1999,"Population, age 19, female",SP.POP.AG19.FE.UN,1203419
Nigeria,NGA,1998,"Population, age 19, female",SP.POP.AG19.FE.UN,1160437
Nigeria,NGA,1997,"Population, age 19, female",SP.POP.AG19.FE.UN,1118093
Nigeria,NGA,1996,"Population, age 19, female",SP.POP.AG19.FE.UN,1077653
Nigeria,NGA,1995,"Population, age 19, female",SP.POP.AG19.FE.UN,1040018
Nigeria,NGA,1994,"Population, age 19, female",SP.POP.AG19.FE.UN,1005605
Nigeria,NGA,1993,"Population, age 19, female",SP.POP.AG19.FE.UN,974168
Nigeria,NGA,1992,"Population, age 19, female",SP.POP.AG19.FE.UN,945112
Nigeria,NGA,1991,"Population, age 19, female",SP.POP.AG19.FE.UN,917508
Nigeria,NGA,1990,"Population, age 19, female",SP.POP.AG19.FE.UN,890679
Nigeria,NGA,2015,"Population, age 19, male",SP.POP.AG19.MA.UN,1877995
Nigeria,NGA,2014,"Population, age 19, male",SP.POP.AG19.MA.UN,1838830
Nigeria,NGA,2013,"Population, age 19, male",SP.POP.AG19.MA.UN,1800265
Nigeria,NGA,2012,"Population, age 19, male",SP.POP.AG19.MA.UN,1761826
Nigeria,NGA,2011,"Population, age 19, male",SP.POP.AG19.MA.UN,1722817
Nigeria,NGA,2010,"Population, age 19, male",SP.POP.AG19.MA.UN,1682746
Nigeria,NGA,2009,"Population, age 19, male",SP.POP.AG19.MA.UN,1641485
Nigeria,NGA,2008,"Population, age 19, male",SP.POP.AG19.MA.UN,1599234
Nigeria,NGA,2007,"Population, age 19, male",SP.POP.AG19.MA.UN,1556241
Nigeria,NGA,2006,"Population, age 19, male",SP.POP.AG19.MA.UN,1512886
Nigeria,NGA,2005,"Population, age 19, male",SP.POP.AG19.MA.UN,1469466
Nigeria,NGA,2004,"Population, age 19, male",SP.POP.AG19.MA.UN,1426187
Nigeria,NGA,2003,"Population, age 19, male",SP.POP.AG19.MA.UN,1383050
Nigeria,NGA,2002,"Population, age 19, male",SP.POP.AG19.MA.UN,1339922
Nigeria,NGA,2001,"Population, age 19, male",SP.POP.AG19.MA.UN,1296577
Nigeria,NGA,2000,"Population, age 19, male",SP.POP.AG19.MA.UN,1252942
Nigeria,NGA,1999,"Population, age 19, male",SP.POP.AG19.MA.UN,1208922
Nigeria,NGA,1998,"Population, age 19, male",SP.POP.AG19.MA.UN,1164853
Nigeria,NGA,1997,"Population, age 19, male",SP.POP.AG19.MA.UN,1121615
Nigeria,NGA,1996,"Population, age 19, male",SP.POP.AG19.MA.UN,1080362
Nigeria,NGA,1995,"Population, age 19, male",SP.POP.AG19.MA.UN,1041917
Nigeria,NGA,1994,"Population, age 19, male",SP.POP.AG19.MA.UN,1006693
Nigeria,NGA,1993,"Population, age 19, male",SP.POP.AG19.MA.UN,974460
Nigeria,NGA,1992,"Population, age 19, male",SP.POP.AG19.MA.UN,944599
Nigeria,NGA,1991,"Population, age 19, male",SP.POP.AG19.MA.UN,916151
Nigeria,NGA,1990,"Population, age 19, male",SP.POP.AG19.MA.UN,888433
Nigeria,NGA,2015,"Population, age 19, total",SP.POP.AG19.TO.UN,3713213
Nigeria,NGA,2013,"Population, age 19, total",SP.POP.AG19.TO.UN,3562255
Nigeria,NGA,2012,"Population, age 19, total",SP.POP.AG19.TO.UN,3487941
Nigeria,NGA,2011,"Population, age 19, total",SP.POP.AG19.TO.UN,3412588
Nigeria,NGA,2010,"Population, age 19, total",SP.POP.AG19.TO.UN,3335143
Nigeria,NGA,2009,"Population, age 19, total",SP.POP.AG19.TO.UN,3255312
Nigeria,NGA,2008,"Population, age 19, total",SP.POP.AG19.TO.UN,3173485
Nigeria,NGA,2007,"Population, age 19, total",SP.POP.AG19.TO.UN,3090132
Nigeria,NGA,2006,"Population, age 19, total",SP.POP.AG19.TO.UN,3005998
Nigeria,NGA,2005,"Population, age 19, total",SP.POP.AG19.TO.UN,2921655
Nigeria,NGA,2004,"Population, age 19, total",SP.POP.AG19.TO.UN,2837509
Nigeria,NGA,2003,"Population, age 19, total",SP.POP.AG19.TO.UN,2753538
Nigeria,NGA,2002,"Population, age 19, total",SP.POP.AG19.TO.UN,2669423
Nigeria,NGA,2001,"Population, age 19, total",SP.POP.AG19.TO.UN,2584648
Nigeria,NGA,2000,"Population, age 19, total",SP.POP.AG19.TO.UN,2499026
Nigeria,NGA,1999,"Population, age 19, total",SP.POP.AG19.TO.UN,2412341
Nigeria,NGA,1998,"Population, age 19, total",SP.POP.AG19.TO.UN,2325290
Nigeria,NGA,1997,"Population, age 19, total",SP.POP.AG19.TO.UN,2239708
Nigeria,NGA,1996,"Population, age 19, total",SP.POP.AG19.TO.UN,2158015
Nigeria,NGA,1995,"Population, age 19, total",SP.POP.AG19.TO.UN,2081935
Nigeria,NGA,1994,"Population, age 19, total",SP.POP.AG19.TO.UN,2012298
Nigeria,NGA,1993,"Population, age 19, total",SP.POP.AG19.TO.UN,1948628
Nigeria,NGA,1992,"Population, age 19, total",SP.POP.AG19.TO.UN,1889711
Nigeria,NGA,1991,"Population, age 19, total",SP.POP.AG19.TO.UN,1833659
Nigeria,NGA,1990,"Population, age 19, total",SP.POP.AG19.TO.UN,1779112
Nigeria,NGA,2015,"Population, age 20, female",SP.POP.AG20.FE.UN,1793441
Nigeria,NGA,2013,"Population, age 20, female",SP.POP.AG20.FE.UN,1717658
Nigeria,NGA,2012,"Population, age 20, female",SP.POP.AG20.FE.UN,1679239
Nigeria,NGA,2011,"Population, age 20, female",SP.POP.AG20.FE.UN,1640738
Nigeria,NGA,2010,"Population, age 20, female",SP.POP.AG20.FE.UN,1602286
Nigeria,NGA,2009,"Population, age 20, female",SP.POP.AG20.FE.UN,1564045
Nigeria,NGA,2008,"Population, age 20, female",SP.POP.AG20.FE.UN,1525903
Nigeria,NGA,2007,"Population, age 20, female",SP.POP.AG20.FE.UN,1487417
Nigeria,NGA,2006,"Population, age 20, female",SP.POP.AG20.FE.UN,1447984
Nigeria,NGA,2005,"Population, age 20, female",SP.POP.AG20.FE.UN,1407228
Nigeria,NGA,2004,"Population, age 20, female",SP.POP.AG20.FE.UN,1365037
Nigeria,NGA,2003,"Population, age 20, female",SP.POP.AG20.FE.UN,1321739
Nigeria,NGA,2002,"Population, age 20, female",SP.POP.AG20.FE.UN,1277962
Nigeria,NGA,2001,"Population, age 20, female",SP.POP.AG20.FE.UN,1234581
Nigeria,NGA,2000,"Population, age 20, female",SP.POP.AG20.FE.UN,1192279
Nigeria,NGA,1999,"Population, age 20, female",SP.POP.AG20.FE.UN,1151251
Nigeria,NGA,1998,"Population, age 20, female",SP.POP.AG20.FE.UN,1111506
Nigeria,NGA,1997,"Population, age 20, female",SP.POP.AG20.FE.UN,1073316
Nigeria,NGA,1996,"Population, age 20, female",SP.POP.AG20.FE.UN,1036946
Nigeria,NGA,1995,"Population, age 20, female",SP.POP.AG20.FE.UN,1002568
Nigeria,NGA,1994,"Population, age 20, female",SP.POP.AG20.FE.UN,970382
Nigeria,NGA,1993,"Population, age 20, female",SP.POP.AG20.FE.UN,940367
Nigeria,NGA,1992,"Population, age 20, female",SP.POP.AG20.FE.UN,912180
Nigeria,NGA,1991,"Population, age 20, female",SP.POP.AG20.FE.UN,885314
Nigeria,NGA,1990,"Population, age 20, female",SP.POP.AG20.FE.UN,859397
Nigeria,NGA,2015,"Population, age 20, male",SP.POP.AG20.MA.UN,1831698
Nigeria,NGA,2014,"Population, age 20, male",SP.POP.AG20.MA.UN,1791732
Nigeria,NGA,2013,"Population, age 20, male",SP.POP.AG20.MA.UN,1751115
Nigeria,NGA,2012,"Population, age 20, male",SP.POP.AG20.MA.UN,1710055
Nigeria,NGA,2011,"Population, age 20, male",SP.POP.AG20.MA.UN,1668858
Nigeria,NGA,2010,"Population, age 20, male",SP.POP.AG20.MA.UN,1627727
Nigeria,NGA,2009,"Population, age 20, male",SP.POP.AG20.MA.UN,1586855
Nigeria,NGA,2008,"Population, age 20, male",SP.POP.AG20.MA.UN,1546145
Nigeria,NGA,2007,"Population, age 20, male",SP.POP.AG20.MA.UN,1505182
Nigeria,NGA,2006,"Population, age 20, male",SP.POP.AG20.MA.UN,1463380
Nigeria,NGA,2005,"Population, age 20, male",SP.POP.AG20.MA.UN,1420383
Nigeria,NGA,2004,"Population, age 20, male",SP.POP.AG20.MA.UN,1376088
Nigeria,NGA,2003,"Population, age 20, male",SP.POP.AG20.MA.UN,1330833
Nigeria,NGA,2002,"Population, age 20, male",SP.POP.AG20.MA.UN,1285280
Nigeria,NGA,2001,"Population, age 20, male",SP.POP.AG20.MA.UN,1240329
Nigeria,NGA,2000,"Population, age 20, male",SP.POP.AG20.MA.UN,1196686
Nigeria,NGA,1999,"Population, age 20, male",SP.POP.AG20.MA.UN,1154567
Nigeria,NGA,1998,"Population, age 20, male",SP.POP.AG20.MA.UN,1113958
Nigeria,NGA,1997,"Population, age 20, male",SP.POP.AG20.MA.UN,1075038
Nigeria,NGA,1996,"Population, age 20, male",SP.POP.AG20.MA.UN,1037940
Nigeria,NGA,1995,"Population, age 20, male",SP.POP.AG20.MA.UN,1002750
Nigeria,NGA,1994,"Population, age 20, male",SP.POP.AG20.MA.UN,969642
Nigeria,NGA,1993,"Population, age 20, male",SP.POP.AG20.MA.UN,938631
Nigeria,NGA,1992,"Population, age 20, male",SP.POP.AG20.MA.UN,909418
Nigeria,NGA,1991,"Population, age 20, male",SP.POP.AG20.MA.UN,881563
Nigeria,NGA,1990,"Population, age 20, male",SP.POP.AG20.MA.UN,854755
Nigeria,NGA,2015,"Population, age 20, total",SP.POP.AG20.TO.UN,3625139
Nigeria,NGA,2013,"Population, age 20, total",SP.POP.AG20.TO.UN,3468773
Nigeria,NGA,2012,"Population, age 20, total",SP.POP.AG20.TO.UN,3389294
Nigeria,NGA,2011,"Population, age 20, total",SP.POP.AG20.TO.UN,3309596
Nigeria,NGA,2010,"Population, age 20, total",SP.POP.AG20.TO.UN,3230013
Nigeria,NGA,2009,"Population, age 20, total",SP.POP.AG20.TO.UN,3150900
Nigeria,NGA,2008,"Population, age 20, total",SP.POP.AG20.TO.UN,3072048
Nigeria,NGA,2007,"Population, age 20, total",SP.POP.AG20.TO.UN,2992599
Nigeria,NGA,2006,"Population, age 20, total",SP.POP.AG20.TO.UN,2911364
Nigeria,NGA,2005,"Population, age 20, total",SP.POP.AG20.TO.UN,2827611
Nigeria,NGA,2004,"Population, age 20, total",SP.POP.AG20.TO.UN,2741125
Nigeria,NGA,2003,"Population, age 20, total",SP.POP.AG20.TO.UN,2652572
Nigeria,NGA,2002,"Population, age 20, total",SP.POP.AG20.TO.UN,2563242
Nigeria,NGA,2001,"Population, age 20, total",SP.POP.AG20.TO.UN,2474910
Nigeria,NGA,2000,"Population, age 20, total",SP.POP.AG20.TO.UN,2388965
Nigeria,NGA,1999,"Population, age 20, total",SP.POP.AG20.TO.UN,2305818
Nigeria,NGA,1998,"Population, age 20, total",SP.POP.AG20.TO.UN,2225464
Nigeria,NGA,1997,"Population, age 20, total",SP.POP.AG20.TO.UN,2148354
Nigeria,NGA,1996,"Population, age 20, total",SP.POP.AG20.TO.UN,2074886
Nigeria,NGA,1995,"Population, age 20, total",SP.POP.AG20.TO.UN,2005318
Nigeria,NGA,1994,"Population, age 20, total",SP.POP.AG20.TO.UN,1940024
Nigeria,NGA,1993,"Population, age 20, total",SP.POP.AG20.TO.UN,1878998
Nigeria,NGA,1992,"Population, age 20, total",SP.POP.AG20.TO.UN,1821598
Nigeria,NGA,1991,"Population, age 20, total",SP.POP.AG20.TO.UN,1766877
Nigeria,NGA,1990,"Population, age 20, total",SP.POP.AG20.TO.UN,1714152
Nigeria,NGA,2015,"Population, age 21, female",SP.POP.AG21.FE.UN,1751671
Nigeria,NGA,2013,"Population, age 21, female",SP.POP.AG21.FE.UN,1673198
Nigeria,NGA,2012,"Population, age 21, female",SP.POP.AG21.FE.UN,1632026
Nigeria,NGA,2011,"Population, age 21, female",SP.POP.AG21.FE.UN,1591221
Nigeria,NGA,2010,"Population, age 21, female",SP.POP.AG21.FE.UN,1551709
Nigeria,NGA,2009,"Population, age 21, female",SP.POP.AG21.FE.UN,1514006
Nigeria,NGA,2008,"Population, age 21, female",SP.POP.AG21.FE.UN,1477664
Nigeria,NGA,2007,"Population, age 21, female",SP.POP.AG21.FE.UN,1441486
Nigeria,NGA,2006,"Population, age 21, female",SP.POP.AG21.FE.UN,1403763
Nigeria,NGA,2005,"Population, age 21, female",SP.POP.AG21.FE.UN,1363380
Nigeria,NGA,2004,"Population, age 21, female",SP.POP.AG21.FE.UN,1319872
Nigeria,NGA,2003,"Population, age 21, female",SP.POP.AG21.FE.UN,1273964
Nigeria,NGA,2002,"Population, age 21, female",SP.POP.AG21.FE.UN,1227176
Nigeria,NGA,2001,"Population, age 21, female",SP.POP.AG21.FE.UN,1181653
Nigeria,NGA,2000,"Population, age 21, female",SP.POP.AG21.FE.UN,1138965
Nigeria,NGA,1999,"Population, age 21, female",SP.POP.AG21.FE.UN,1099642
Nigeria,NGA,1998,"Population, age 21, female",SP.POP.AG21.FE.UN,1063309
Nigeria,NGA,1997,"Population, age 21, female",SP.POP.AG21.FE.UN,1029516
Nigeria,NGA,1996,"Population, age 21, female",SP.POP.AG21.FE.UN,997452
Nigeria,NGA,1995,"Population, age 21, female",SP.POP.AG21.FE.UN,966517
Nigeria,NGA,1994,"Population, age 21, female",SP.POP.AG21.FE.UN,936681
Nigeria,NGA,1993,"Population, age 21, female",SP.POP.AG21.FE.UN,908159
Nigeria,NGA,1992,"Population, age 21, female",SP.POP.AG21.FE.UN,880867
Nigeria,NGA,1991,"Population, age 21, female",SP.POP.AG21.FE.UN,854732
Nigeria,NGA,1990,"Population, age 21, female",SP.POP.AG21.FE.UN,829701
Nigeria,NGA,2015,"Population, age 21, male",SP.POP.AG21.MA.UN,1785416
Nigeria,NGA,2014,"Population, age 21, male",SP.POP.AG21.MA.UN,1744662
Nigeria,NGA,2013,"Population, age 21, male",SP.POP.AG21.MA.UN,1701850
Nigeria,NGA,2012,"Population, age 21, male",SP.POP.AG21.MA.UN,1657958
Nigeria,NGA,2011,"Population, age 21, male",SP.POP.AG21.MA.UN,1614426
Nigeria,NGA,2010,"Population, age 21, male",SP.POP.AG21.MA.UN,1572245
Nigeria,NGA,2009,"Population, age 21, male",SP.POP.AG21.MA.UN,1531962
Nigeria,NGA,2008,"Population, age 21, male",SP.POP.AG21.MA.UN,1493145
Nigeria,NGA,2007,"Population, age 21, male",SP.POP.AG21.MA.UN,1454630
Nigeria,NGA,2006,"Population, age 21, male",SP.POP.AG21.MA.UN,1414734
Nigeria,NGA,2005,"Population, age 21, male",SP.POP.AG21.MA.UN,1372366
Nigeria,NGA,2004,"Population, age 21, male",SP.POP.AG21.MA.UN,1327069
Nigeria,NGA,2003,"Population, age 21, male",SP.POP.AG21.MA.UN,1279568
Nigeria,NGA,2002,"Population, age 21, male",SP.POP.AG21.MA.UN,1231385
Nigeria,NGA,2001,"Population, age 21, male",SP.POP.AG21.MA.UN,1184664
Nigeria,NGA,2000,"Population, age 21, male",SP.POP.AG21.MA.UN,1140964
Nigeria,NGA,1999,"Population, age 21, male",SP.POP.AG21.MA.UN,1100842
Nigeria,NGA,1998,"Population, age 21, male",SP.POP.AG21.MA.UN,1063897
Nigeria,NGA,1997,"Population, age 21, male",SP.POP.AG21.MA.UN,1029564
Nigeria,NGA,1996,"Population, age 21, male",SP.POP.AG21.MA.UN,996875
Nigeria,NGA,1995,"Population, age 21, male",SP.POP.AG21.MA.UN,965125
Nigeria,NGA,1994,"Population, age 21, male",SP.POP.AG21.MA.UN,934239
Nigeria,NGA,1993,"Population, age 21, male",SP.POP.AG21.MA.UN,904491
Nigeria,NGA,1992,"Population, age 21, male",SP.POP.AG21.MA.UN,875913
Nigeria,NGA,1991,"Population, age 21, male",SP.POP.AG21.MA.UN,848608
Nigeria,NGA,1990,"Population, age 21, male",SP.POP.AG21.MA.UN,822654
Nigeria,NGA,2015,"Population, age 21, total",SP.POP.AG21.TO.UN,3537087
Nigeria,NGA,2013,"Population, age 21, total",SP.POP.AG21.TO.UN,3375048
Nigeria,NGA,2012,"Population, age 21, total",SP.POP.AG21.TO.UN,3289984
Nigeria,NGA,2011,"Population, age 21, total",SP.POP.AG21.TO.UN,3205647
Nigeria,NGA,2010,"Population, age 21, total",SP.POP.AG21.TO.UN,3123954
Nigeria,NGA,2009,"Population, age 21, total",SP.POP.AG21.TO.UN,3045968
Nigeria,NGA,2008,"Population, age 21, total",SP.POP.AG21.TO.UN,2970809
Nigeria,NGA,2007,"Population, age 21, total",SP.POP.AG21.TO.UN,2896116
Nigeria,NGA,2006,"Population, age 21, total",SP.POP.AG21.TO.UN,2818497
Nigeria,NGA,2005,"Population, age 21, total",SP.POP.AG21.TO.UN,2735746
Nigeria,NGA,2004,"Population, age 21, total",SP.POP.AG21.TO.UN,2646941
Nigeria,NGA,2003,"Population, age 21, total",SP.POP.AG21.TO.UN,2553532
Nigeria,NGA,2002,"Population, age 21, total",SP.POP.AG21.TO.UN,2458561
Nigeria,NGA,2001,"Population, age 21, total",SP.POP.AG21.TO.UN,2366317
Nigeria,NGA,2000,"Population, age 21, total",SP.POP.AG21.TO.UN,2279929
Nigeria,NGA,1999,"Population, age 21, total",SP.POP.AG21.TO.UN,2200484
Nigeria,NGA,1998,"Population, age 21, total",SP.POP.AG21.TO.UN,2127206
Nigeria,NGA,1997,"Population, age 21, total",SP.POP.AG21.TO.UN,2059080
Nigeria,NGA,1996,"Population, age 21, total",SP.POP.AG21.TO.UN,1994327
Nigeria,NGA,1995,"Population, age 21, total",SP.POP.AG21.TO.UN,1931642
Nigeria,NGA,1994,"Population, age 21, total",SP.POP.AG21.TO.UN,1870920
Nigeria,NGA,1993,"Population, age 21, total",SP.POP.AG21.TO.UN,1812650
Nigeria,NGA,1992,"Population, age 21, total",SP.POP.AG21.TO.UN,1756780
Nigeria,NGA,1991,"Population, age 21, total",SP.POP.AG21.TO.UN,1703340
Nigeria,NGA,1990,"Population, age 21, total",SP.POP.AG21.TO.UN,1652355
Nigeria,NGA,2015,"Population, age 22, female",SP.POP.AG22.FE.UN,1706605
Nigeria,NGA,2013,"Population, age 22, female",SP.POP.AG22.FE.UN,1626629
Nigeria,NGA,2012,"Population, age 22, female",SP.POP.AG22.FE.UN,1583957
Nigeria,NGA,2011,"Population, age 22, female",SP.POP.AG22.FE.UN,1541831
Nigeria,NGA,2010,"Population, age 22, female",SP.POP.AG22.FE.UN,1501555
Nigeria,NGA,2009,"Population, age 22, female",SP.POP.AG22.FE.UN,1463824
Nigeria,NGA,2008,"Population, age 22, female",SP.POP.AG22.FE.UN,1428041
Nigeria,NGA,2007,"Population, age 22, female",SP.POP.AG22.FE.UN,1392713
Nigeria,NGA,2006,"Population, age 22, female",SP.POP.AG22.FE.UN,1355682
Nigeria,NGA,2005,"Population, age 22, female",SP.POP.AG22.FE.UN,1315537
Nigeria,NGA,2004,"Population, age 22, female",SP.POP.AG22.FE.UN,1271659
Nigeria,NGA,2003,"Population, age 22, female",SP.POP.AG22.FE.UN,1224946
Nigeria,NGA,2002,"Population, age 22, female",SP.POP.AG22.FE.UN,1177346
Nigeria,NGA,2001,"Population, age 22, female",SP.POP.AG22.FE.UN,1131607
Nigeria,NGA,2000,"Population, age 22, female",SP.POP.AG22.FE.UN,1089709
Nigeria,NGA,1999,"Population, age 22, female",SP.POP.AG22.FE.UN,1052357
Nigeria,NGA,1998,"Population, age 22, female",SP.POP.AG22.FE.UN,1018965
Nigeria,NGA,1997,"Population, age 22, female",SP.POP.AG22.FE.UN,988638
Nigeria,NGA,1996,"Population, age 22, female",SP.POP.AG22.FE.UN,959923
Nigeria,NGA,1995,"Population, age 22, female",SP.POP.AG22.FE.UN,931751
Nigeria,NGA,1994,"Population, age 22, female",SP.POP.AG22.FE.UN,903939
Nigeria,NGA,1993,"Population, age 22, female",SP.POP.AG22.FE.UN,876841
Nigeria,NGA,1992,"Population, age 22, female",SP.POP.AG22.FE.UN,850553
Nigeria,NGA,1991,"Population, age 22, female",SP.POP.AG22.FE.UN,825293
Nigeria,NGA,1990,"Population, age 22, female",SP.POP.AG22.FE.UN,801223
Nigeria,NGA,2015,"Population, age 22, male",SP.POP.AG22.MA.UN,1736079
Nigeria,NGA,2014,"Population, age 22, male",SP.POP.AG22.MA.UN,1694860
Nigeria,NGA,2013,"Population, age 22, male",SP.POP.AG22.MA.UN,1650893
Nigeria,NGA,2012,"Population, age 22, male",SP.POP.AG22.MA.UN,1605525
Nigeria,NGA,2011,"Population, age 22, male",SP.POP.AG22.MA.UN,1560733
Nigeria,NGA,2010,"Population, age 22, male",SP.POP.AG22.MA.UN,1517884
Nigeria,NGA,2009,"Population, age 22, male",SP.POP.AG22.MA.UN,1477698
Nigeria,NGA,2008,"Population, age 22, male",SP.POP.AG22.MA.UN,1439593
Nigeria,NGA,2007,"Population, age 22, male",SP.POP.AG22.MA.UN,1402104
Nigeria,NGA,2006,"Population, age 22, male",SP.POP.AG22.MA.UN,1363103
Nigeria,NGA,2005,"Population, age 22, male",SP.POP.AG22.MA.UN,1321192
Nigeria,NGA,2004,"Population, age 22, male",SP.POP.AG22.MA.UN,1275758
Nigeria,NGA,2003,"Population, age 22, male",SP.POP.AG22.MA.UN,1227696
Nigeria,NGA,2002,"Population, age 22, male",SP.POP.AG22.MA.UN,1178940
Nigeria,NGA,2001,"Population, age 22, male",SP.POP.AG22.MA.UN,1132220
Nigeria,NGA,2000,"Population, age 22, male",SP.POP.AG22.MA.UN,1089488
Nigeria,NGA,1999,"Population, age 22, male",SP.POP.AG22.MA.UN,1051474
Nigeria,NGA,1998,"Population, age 22, male",SP.POP.AG22.MA.UN,1017572
Nigeria,NGA,1997,"Population, age 22, male",SP.POP.AG22.MA.UN,986767
Nigeria,NGA,1996,"Population, age 22, male",SP.POP.AG22.MA.UN,957454
Nigeria,NGA,1995,"Population, age 22, male",SP.POP.AG22.MA.UN,928462
Nigeria,NGA,1994,"Population, age 22, male",SP.POP.AG22.MA.UN,899557
Nigeria,NGA,1993,"Population, age 22, male",SP.POP.AG22.MA.UN,871153
Nigeria,NGA,1992,"Population, age 22, male",SP.POP.AG22.MA.UN,843506
Nigeria,NGA,1991,"Population, age 22, male",SP.POP.AG22.MA.UN,817058
Nigeria,NGA,1990,"Population, age 22, male",SP.POP.AG22.MA.UN,792140
Nigeria,NGA,2015,"Population, age 22, total",SP.POP.AG22.TO.UN,3442684
Nigeria,NGA,2013,"Population, age 22, total",SP.POP.AG22.TO.UN,3277522
Nigeria,NGA,2012,"Population, age 22, total",SP.POP.AG22.TO.UN,3189482
Nigeria,NGA,2011,"Population, age 22, total",SP.POP.AG22.TO.UN,3102564
Nigeria,NGA,2010,"Population, age 22, total",SP.POP.AG22.TO.UN,3019439
Nigeria,NGA,2009,"Population, age 22, total",SP.POP.AG22.TO.UN,2941522
Nigeria,NGA,2008,"Population, age 22, total",SP.POP.AG22.TO.UN,2867634
Nigeria,NGA,2007,"Population, age 22, total",SP.POP.AG22.TO.UN,2794817
Nigeria,NGA,2006,"Population, age 22, total",SP.POP.AG22.TO.UN,2718785
Nigeria,NGA,2005,"Population, age 22, total",SP.POP.AG22.TO.UN,2636729
Nigeria,NGA,2004,"Population, age 22, total",SP.POP.AG22.TO.UN,2547417
Nigeria,NGA,2003,"Population, age 22, total",SP.POP.AG22.TO.UN,2452642
Nigeria,NGA,2002,"Population, age 22, total",SP.POP.AG22.TO.UN,2356286
Nigeria,NGA,2001,"Population, age 22, total",SP.POP.AG22.TO.UN,2263827
Nigeria,NGA,2000,"Population, age 22, total",SP.POP.AG22.TO.UN,2179197
Nigeria,NGA,1999,"Population, age 22, total",SP.POP.AG22.TO.UN,2103831
Nigeria,NGA,1998,"Population, age 22, total",SP.POP.AG22.TO.UN,2036537
Nigeria,NGA,1997,"Population, age 22, total",SP.POP.AG22.TO.UN,1975405
Nigeria,NGA,1996,"Population, age 22, total",SP.POP.AG22.TO.UN,1917377
Nigeria,NGA,1995,"Population, age 22, total",SP.POP.AG22.TO.UN,1860213
Nigeria,NGA,1994,"Population, age 22, total",SP.POP.AG22.TO.UN,1803496
Nigeria,NGA,1993,"Population, age 22, total",SP.POP.AG22.TO.UN,1747994
Nigeria,NGA,1992,"Population, age 22, total",SP.POP.AG22.TO.UN,1694059
Nigeria,NGA,1991,"Population, age 22, total",SP.POP.AG22.TO.UN,1642351
Nigeria,NGA,1990,"Population, age 22, total",SP.POP.AG22.TO.UN,1593363
Nigeria,NGA,2015,"Population, age 23, female",SP.POP.AG23.FE.UN,1656281
Nigeria,NGA,2013,"Population, age 23, female",SP.POP.AG23.FE.UN,1576835
Nigeria,NGA,2012,"Population, age 23, female",SP.POP.AG23.FE.UN,1534809
Nigeria,NGA,2011,"Population, age 23, female",SP.POP.AG23.FE.UN,1493034
Nigeria,NGA,2010,"Population, age 23, female",SP.POP.AG23.FE.UN,1452533
Nigeria,NGA,2009,"Population, age 23, female",SP.POP.AG23.FE.UN,1413840
Nigeria,NGA,2008,"Population, age 23, female",SP.POP.AG23.FE.UN,1376552
Nigeria,NGA,2007,"Population, age 23, female",SP.POP.AG23.FE.UN,1339625
Nigeria,NGA,2006,"Population, age 23, female",SP.POP.AG23.FE.UN,1301542
Nigeria,NGA,2005,"Population, age 23, female",SP.POP.AG23.FE.UN,1261333
Nigeria,NGA,2004,"Population, age 23, female",SP.POP.AG23.FE.UN,1218546
Nigeria,NGA,2003,"Population, age 23, female",SP.POP.AG23.FE.UN,1173894
Nigeria,NGA,2002,"Population, age 23, female",SP.POP.AG23.FE.UN,1128986
Nigeria,NGA,2001,"Population, age 23, female",SP.POP.AG23.FE.UN,1086064
Nigeria,NGA,2000,"Population, age 23, female",SP.POP.AG23.FE.UN,1046728
Nigeria,NGA,1999,"Population, age 23, female",SP.POP.AG23.FE.UN,1011588
Nigeria,NGA,1998,"Population, age 23, female",SP.POP.AG23.FE.UN,980145
Nigeria,NGA,1997,"Population, age 23, female",SP.POP.AG23.FE.UN,951546
Nigeria,NGA,1996,"Population, age 23, female",SP.POP.AG23.FE.UN,924435
Nigeria,NGA,1995,"Population, age 23, female",SP.POP.AG23.FE.UN,897817
Nigeria,NGA,1994,"Population, age 23, female",SP.POP.AG23.FE.UN,871491
Nigeria,NGA,1993,"Population, age 23, female",SP.POP.AG23.FE.UN,845775
Nigeria,NGA,1992,"Population, age 23, female",SP.POP.AG23.FE.UN,820778
Nigeria,NGA,1991,"Population, age 23, female",SP.POP.AG23.FE.UN,796748
Nigeria,NGA,1990,"Population, age 23, female",SP.POP.AG23.FE.UN,773868
Nigeria,NGA,2015,"Population, age 23, male",SP.POP.AG23.MA.UN,1681981
Nigeria,NGA,2014,"Population, age 23, male",SP.POP.AG23.MA.UN,1640830
Nigeria,NGA,2013,"Population, age 23, male",SP.POP.AG23.MA.UN,1597458
Nigeria,NGA,2012,"Population, age 23, male",SP.POP.AG23.MA.UN,1552893
Nigeria,NGA,2011,"Population, age 23, male",SP.POP.AG23.MA.UN,1508646
Nigeria,NGA,2010,"Population, age 23, male",SP.POP.AG23.MA.UN,1465781
Nigeria,NGA,2009,"Population, age 23, male",SP.POP.AG23.MA.UN,1424858
Nigeria,NGA,2008,"Population, age 23, male",SP.POP.AG23.MA.UN,1385483
Nigeria,NGA,2007,"Population, age 23, male",SP.POP.AG23.MA.UN,1346624
Nigeria,NGA,2006,"Population, age 23, male",SP.POP.AG23.MA.UN,1306766
Nigeria,NGA,2005,"Population, age 23, male",SP.POP.AG23.MA.UN,1264943
Nigeria,NGA,2004,"Population, age 23, male",SP.POP.AG23.MA.UN,1220703
Nigeria,NGA,2003,"Population, age 23, male",SP.POP.AG23.MA.UN,1174757
Nigeria,NGA,2002,"Population, age 23, male",SP.POP.AG23.MA.UN,1128705
Nigeria,NGA,2001,"Population, age 23, male",SP.POP.AG23.MA.UN,1084772
Nigeria,NGA,2000,"Population, age 23, male",SP.POP.AG23.MA.UN,1044542
Nigeria,NGA,1999,"Population, age 23, male",SP.POP.AG23.MA.UN,1008641
Nigeria,NGA,1998,"Population, age 23, male",SP.POP.AG23.MA.UN,976559
Nigeria,NGA,1997,"Population, age 23, male",SP.POP.AG23.MA.UN,947358
Nigeria,NGA,1996,"Population, age 23, male",SP.POP.AG23.MA.UN,919572
Nigeria,NGA,1995,"Population, age 23, male",SP.POP.AG23.MA.UN,892139
Nigeria,NGA,1994,"Population, age 23, male",SP.POP.AG23.MA.UN,864817
Nigeria,NGA,1993,"Population, age 23, male",SP.POP.AG23.MA.UN,837970
Nigeria,NGA,1992,"Population, age 23, male",SP.POP.AG23.MA.UN,811843
Nigeria,NGA,1991,"Population, age 23, male",SP.POP.AG23.MA.UN,786873
Nigeria,NGA,1990,"Population, age 23, male",SP.POP.AG23.MA.UN,763376
Nigeria,NGA,2015,"Population, age 23, total",SP.POP.AG23.TO.UN,3338262
Nigeria,NGA,2013,"Population, age 23, total",SP.POP.AG23.TO.UN,3174293
Nigeria,NGA,2012,"Population, age 23, total",SP.POP.AG23.TO.UN,3087702
Nigeria,NGA,2011,"Population, age 23, total",SP.POP.AG23.TO.UN,3001680
Nigeria,NGA,2010,"Population, age 23, total",SP.POP.AG23.TO.UN,2918314
Nigeria,NGA,2009,"Population, age 23, total",SP.POP.AG23.TO.UN,2838698
Nigeria,NGA,2008,"Population, age 23, total",SP.POP.AG23.TO.UN,2762035
Nigeria,NGA,2007,"Population, age 23, total",SP.POP.AG23.TO.UN,2686249
Nigeria,NGA,2006,"Population, age 23, total",SP.POP.AG23.TO.UN,2608308
Nigeria,NGA,2005,"Population, age 23, total",SP.POP.AG23.TO.UN,2526276
Nigeria,NGA,2004,"Population, age 23, total",SP.POP.AG23.TO.UN,2439249
Nigeria,NGA,2003,"Population, age 23, total",SP.POP.AG23.TO.UN,2348651
Nigeria,NGA,2002,"Population, age 23, total",SP.POP.AG23.TO.UN,2257691
Nigeria,NGA,2001,"Population, age 23, total",SP.POP.AG23.TO.UN,2170836
Nigeria,NGA,2000,"Population, age 23, total",SP.POP.AG23.TO.UN,2091270
Nigeria,NGA,1999,"Population, age 23, total",SP.POP.AG23.TO.UN,2020229
Nigeria,NGA,1998,"Population, age 23, total",SP.POP.AG23.TO.UN,1956704
Nigeria,NGA,1997,"Population, age 23, total",SP.POP.AG23.TO.UN,1898904
Nigeria,NGA,1996,"Population, age 23, total",SP.POP.AG23.TO.UN,1844007
Nigeria,NGA,1995,"Population, age 23, total",SP.POP.AG23.TO.UN,1789956
Nigeria,NGA,1994,"Population, age 23, total",SP.POP.AG23.TO.UN,1736308
Nigeria,NGA,1993,"Population, age 23, total",SP.POP.AG23.TO.UN,1683745
Nigeria,NGA,1992,"Population, age 23, total",SP.POP.AG23.TO.UN,1632621
Nigeria,NGA,1991,"Population, age 23, total",SP.POP.AG23.TO.UN,1583621
Nigeria,NGA,1990,"Population, age 23, total",SP.POP.AG23.TO.UN,1537244
Nigeria,NGA,2015,"Population, age 24, female",SP.POP.AG24.FE.UN,1602456
Nigeria,NGA,2013,"Population, age 24, female",SP.POP.AG24.FE.UN,1524762
Nigeria,NGA,2012,"Population, age 24, female",SP.POP.AG24.FE.UN,1484684
Nigeria,NGA,2011,"Population, age 24, female",SP.POP.AG24.FE.UN,1444306
Nigeria,NGA,2010,"Population, age 24, female",SP.POP.AG24.FE.UN,1403956
Nigeria,NGA,2009,"Population, age 24, female",SP.POP.AG24.FE.UN,1363828
Nigeria,NGA,2008,"Population, age 24, female",SP.POP.AG24.FE.UN,1323892
Nigeria,NGA,2007,"Population, age 24, female",SP.POP.AG24.FE.UN,1284011
Nigeria,NGA,2006,"Population, age 24, female",SP.POP.AG24.FE.UN,1243948
Nigeria,NGA,2005,"Population, age 24, female",SP.POP.AG24.FE.UN,1203616
Nigeria,NGA,2004,"Population, age 24, female",SP.POP.AG24.FE.UN,1162922
Nigeria,NGA,2003,"Population, age 24, female",SP.POP.AG24.FE.UN,1122176
Nigeria,NGA,2002,"Population, age 24, female",SP.POP.AG24.FE.UN,1082174
Nigeria,NGA,2001,"Population, age 24, female",SP.POP.AG24.FE.UN,1043968
Nigeria,NGA,2000,"Population, age 24, female",SP.POP.AG24.FE.UN,1008303
Nigeria,NGA,1999,"Population, age 24, female",SP.POP.AG24.FE.UN,975515
Nigeria,NGA,1998,"Population, age 24, female",SP.POP.AG24.FE.UN,945384
Nigeria,NGA,1997,"Population, age 24, female",SP.POP.AG24.FE.UN,917400
Nigeria,NGA,1996,"Population, age 24, female",SP.POP.AG24.FE.UN,890778
Nigeria,NGA,1995,"Population, age 24, female",SP.POP.AG24.FE.UN,864928
Nigeria,NGA,1994,"Population, age 24, female",SP.POP.AG24.FE.UN,839729
Nigeria,NGA,1993,"Population, age 24, female",SP.POP.AG24.FE.UN,815337
Nigeria,NGA,1992,"Population, age 24, female",SP.POP.AG24.FE.UN,791788
Nigeria,NGA,1991,"Population, age 24, female",SP.POP.AG24.FE.UN,769188
Nigeria,NGA,1990,"Population, age 24, female",SP.POP.AG24.FE.UN,747618
Nigeria,NGA,2015,"Population, age 24, male",SP.POP.AG24.MA.UN,1624855
Nigeria,NGA,2014,"Population, age 24, male",SP.POP.AG24.MA.UN,1584100
Nigeria,NGA,2013,"Population, age 24, male",SP.POP.AG24.MA.UN,1542386
Nigeria,NGA,2012,"Population, age 24, male",SP.POP.AG24.MA.UN,1500012
Nigeria,NGA,2011,"Population, age 24, male",SP.POP.AG24.MA.UN,1457433
Nigeria,NGA,2010,"Population, age 24, male",SP.POP.AG24.MA.UN,1414992
Nigeria,NGA,2009,"Population, age 24, male",SP.POP.AG24.MA.UN,1372906
Nigeria,NGA,2008,"Population, age 24, male",SP.POP.AG24.MA.UN,1331152
Nigeria,NGA,2007,"Population, age 24, male",SP.POP.AG24.MA.UN,1289575
Nigeria,NGA,2006,"Population, age 24, male",SP.POP.AG24.MA.UN,1247914
Nigeria,NGA,2005,"Population, age 24, male",SP.POP.AG24.MA.UN,1206061
Nigeria,NGA,2004,"Population, age 24, male",SP.POP.AG24.MA.UN,1163917
Nigeria,NGA,2003,"Population, age 24, male",SP.POP.AG24.MA.UN,1121801
Nigeria,NGA,2002,"Population, age 24, male",SP.POP.AG24.MA.UN,1080511
Nigeria,NGA,2001,"Population, age 24, male",SP.POP.AG24.MA.UN,1041108
Nigeria,NGA,2000,"Population, age 24, male",SP.POP.AG24.MA.UN,1004337
Nigeria,NGA,1999,"Population, age 24, male",SP.POP.AG24.MA.UN,970546
Nigeria,NGA,1998,"Population, age 24, male",SP.POP.AG24.MA.UN,939510
Nigeria,NGA,1997,"Population, age 24, male",SP.POP.AG24.MA.UN,910693
Nigeria,NGA,1996,"Population, age 24, male",SP.POP.AG24.MA.UN,883266
Nigeria,NGA,1995,"Population, age 24, male",SP.POP.AG24.MA.UN,856618
Nigeria,NGA,1994,"Population, age 24, male",SP.POP.AG24.MA.UN,830611
Nigeria,NGA,1993,"Population, age 24, male",SP.POP.AG24.MA.UN,805426
Nigeria,NGA,1992,"Population, age 24, male",SP.POP.AG24.MA.UN,781166
Nigeria,NGA,1991,"Population, age 24, male",SP.POP.AG24.MA.UN,758031
Nigeria,NGA,1990,"Population, age 24, male",SP.POP.AG24.MA.UN,736168
Nigeria,NGA,2015,"Population, age 24, total",SP.POP.AG24.TO.UN,3227311
Nigeria,NGA,2013,"Population, age 24, total",SP.POP.AG24.TO.UN,3067148
Nigeria,NGA,2012,"Population, age 24, total",SP.POP.AG24.TO.UN,2984696
Nigeria,NGA,2011,"Population, age 24, total",SP.POP.AG24.TO.UN,2901739
Nigeria,NGA,2010,"Population, age 24, total",SP.POP.AG24.TO.UN,2818948
Nigeria,NGA,2009,"Population, age 24, total",SP.POP.AG24.TO.UN,2736734
Nigeria,NGA,2008,"Population, age 24, total",SP.POP.AG24.TO.UN,2655044
Nigeria,NGA,2007,"Population, age 24, total",SP.POP.AG24.TO.UN,2573586
Nigeria,NGA,2006,"Population, age 24, total",SP.POP.AG24.TO.UN,2491862
Nigeria,NGA,2005,"Population, age 24, total",SP.POP.AG24.TO.UN,2409677
Nigeria,NGA,2004,"Population, age 24, total",SP.POP.AG24.TO.UN,2326839
Nigeria,NGA,2003,"Population, age 24, total",SP.POP.AG24.TO.UN,2243977
Nigeria,NGA,2002,"Population, age 24, total",SP.POP.AG24.TO.UN,2162685
Nigeria,NGA,2001,"Population, age 24, total",SP.POP.AG24.TO.UN,2085076
Nigeria,NGA,2000,"Population, age 24, total",SP.POP.AG24.TO.UN,2012640
Nigeria,NGA,1999,"Population, age 24, total",SP.POP.AG24.TO.UN,1946061
Nigeria,NGA,1998,"Population, age 24, total",SP.POP.AG24.TO.UN,1884894
Nigeria,NGA,1997,"Population, age 24, total",SP.POP.AG24.TO.UN,1828093
Nigeria,NGA,1996,"Population, age 24, total",SP.POP.AG24.TO.UN,1774044
Nigeria,NGA,1995,"Population, age 24, total",SP.POP.AG24.TO.UN,1721546
Nigeria,NGA,1994,"Population, age 24, total",SP.POP.AG24.TO.UN,1670340
Nigeria,NGA,1993,"Population, age 24, total",SP.POP.AG24.TO.UN,1620763
Nigeria,NGA,1992,"Population, age 24, total",SP.POP.AG24.TO.UN,1572954
Nigeria,NGA,1991,"Population, age 24, total",SP.POP.AG24.TO.UN,1527219
Nigeria,NGA,1990,"Population, age 24, total",SP.POP.AG24.TO.UN,1483786
Nigeria,NGA,2015,"Population, age 25, female",SP.POP.AG25.FE.UN,1548876
Nigeria,NGA,2013,"Population, age 25, female",SP.POP.AG25.FE.UN,1472825
Nigeria,NGA,2012,"Population, age 25, female",SP.POP.AG25.FE.UN,1434523
Nigeria,NGA,2011,"Population, age 25, female",SP.POP.AG25.FE.UN,1395437
Nigeria,NGA,2010,"Population, age 25, female",SP.POP.AG25.FE.UN,1355290
Nigeria,NGA,2009,"Population, age 25, female",SP.POP.AG25.FE.UN,1313970
Nigeria,NGA,2008,"Population, age 25, female",SP.POP.AG25.FE.UN,1271789
Nigeria,NGA,2007,"Population, age 25, female",SP.POP.AG25.FE.UN,1229408
Nigeria,NGA,2006,"Population, age 25, female",SP.POP.AG25.FE.UN,1187733
Nigeria,NGA,2005,"Population, age 25, female",SP.POP.AG25.FE.UN,1147456
Nigeria,NGA,2004,"Population, age 25, female",SP.POP.AG25.FE.UN,1108802
Nigeria,NGA,2003,"Population, age 25, female",SP.POP.AG25.FE.UN,1071721
Nigeria,NGA,2002,"Population, age 25, female",SP.POP.AG25.FE.UN,1036297
Nigeria,NGA,2001,"Population, age 25, female",SP.POP.AG25.FE.UN,1002540
Nigeria,NGA,2000,"Population, age 25, female",SP.POP.AG25.FE.UN,970435
Nigeria,NGA,1999,"Population, age 25, female",SP.POP.AG25.FE.UN,940087
Nigeria,NGA,1998,"Population, age 25, female",SP.POP.AG25.FE.UN,911509
Nigeria,NGA,1997,"Population, age 25, female",SP.POP.AG25.FE.UN,884462
Nigeria,NGA,1996,"Population, age 25, female",SP.POP.AG25.FE.UN,858611
Nigeria,NGA,1995,"Population, age 25, female",SP.POP.AG25.FE.UN,833699
Nigeria,NGA,1994,"Population, age 25, female",SP.POP.AG25.FE.UN,809653
Nigeria,NGA,1993,"Population, age 25, female",SP.POP.AG25.FE.UN,786509
Nigeria,NGA,1992,"Population, age 25, female",SP.POP.AG25.FE.UN,764251
Nigeria,NGA,1991,"Population, age 25, female",SP.POP.AG25.FE.UN,742901
Nigeria,NGA,1990,"Population, age 25, female",SP.POP.AG25.FE.UN,722474
Nigeria,NGA,2015,"Population, age 25, male",SP.POP.AG25.MA.UN,1568034
Nigeria,NGA,2014,"Population, age 25, male",SP.POP.AG25.MA.UN,1527680
Nigeria,NGA,2013,"Population, age 25, male",SP.POP.AG25.MA.UN,1487489
Nigeria,NGA,2012,"Population, age 25, male",SP.POP.AG25.MA.UN,1447120
Nigeria,NGA,2011,"Population, age 25, male",SP.POP.AG25.MA.UN,1406089
Nigeria,NGA,2010,"Population, age 25, male",SP.POP.AG25.MA.UN,1364110
Nigeria,NGA,2009,"Population, age 25, male",SP.POP.AG25.MA.UN,1321092
Nigeria,NGA,2008,"Population, age 25, male",SP.POP.AG25.MA.UN,1277346
Nigeria,NGA,2007,"Population, age 25, male",SP.POP.AG25.MA.UN,1233497
Nigeria,NGA,2006,"Population, age 25, male",SP.POP.AG25.MA.UN,1190395
Nigeria,NGA,2005,"Population, age 25, male",SP.POP.AG25.MA.UN,1148695
Nigeria,NGA,2004,"Population, age 25, male",SP.POP.AG25.MA.UN,1108612
Nigeria,NGA,2003,"Population, age 25, male",SP.POP.AG25.MA.UN,1070111
Nigeria,NGA,2002,"Population, age 25, male",SP.POP.AG25.MA.UN,1033287
Nigeria,NGA,2001,"Population, age 25, male",SP.POP.AG25.MA.UN,998174
Nigeria,NGA,2000,"Population, age 25, male",SP.POP.AG25.MA.UN,964779
Nigeria,NGA,1999,"Population, age 25, male",SP.POP.AG25.MA.UN,933209
Nigeria,NGA,1998,"Population, age 25, male",SP.POP.AG25.MA.UN,903480
Nigeria,NGA,1997,"Population, age 25, male",SP.POP.AG25.MA.UN,875377
Nigeria,NGA,1996,"Population, age 25, male",SP.POP.AG25.MA.UN,848592
Nigeria,NGA,1995,"Population, age 25, male",SP.POP.AG25.MA.UN,822886
Nigeria,NGA,1994,"Population, age 25, male",SP.POP.AG25.MA.UN,798193
Nigeria,NGA,1993,"Population, age 25, male",SP.POP.AG25.MA.UN,774547
Nigeria,NGA,1992,"Population, age 25, male",SP.POP.AG25.MA.UN,751951
Nigeria,NGA,1991,"Population, age 25, male",SP.POP.AG25.MA.UN,730438
Nigeria,NGA,1990,"Population, age 25, male",SP.POP.AG25.MA.UN,710030
Nigeria,NGA,2015,"Population, age 25, total",SP.POP.AG25.TO.UN,3116910
Nigeria,NGA,2013,"Population, age 25, total",SP.POP.AG25.TO.UN,2960314
Nigeria,NGA,2012,"Population, age 25, total",SP.POP.AG25.TO.UN,2881643
Nigeria,NGA,2011,"Population, age 25, total",SP.POP.AG25.TO.UN,2801526
Nigeria,NGA,2010,"Population, age 25, total",SP.POP.AG25.TO.UN,2719400
Nigeria,NGA,2009,"Population, age 25, total",SP.POP.AG25.TO.UN,2635062
Nigeria,NGA,2008,"Population, age 25, total",SP.POP.AG25.TO.UN,2549135
Nigeria,NGA,2007,"Population, age 25, total",SP.POP.AG25.TO.UN,2462905
Nigeria,NGA,2006,"Population, age 25, total",SP.POP.AG25.TO.UN,2378128
Nigeria,NGA,2005,"Population, age 25, total",SP.POP.AG25.TO.UN,2296151
Nigeria,NGA,2004,"Population, age 25, total",SP.POP.AG25.TO.UN,2217414
Nigeria,NGA,2003,"Population, age 25, total",SP.POP.AG25.TO.UN,2141832
Nigeria,NGA,2002,"Population, age 25, total",SP.POP.AG25.TO.UN,2069584
Nigeria,NGA,2001,"Population, age 25, total",SP.POP.AG25.TO.UN,2000714
Nigeria,NGA,2000,"Population, age 25, total",SP.POP.AG25.TO.UN,1935214
Nigeria,NGA,1999,"Population, age 25, total",SP.POP.AG25.TO.UN,1873296
Nigeria,NGA,1998,"Population, age 25, total",SP.POP.AG25.TO.UN,1814989
Nigeria,NGA,1997,"Population, age 25, total",SP.POP.AG25.TO.UN,1759839
Nigeria,NGA,1996,"Population, age 25, total",SP.POP.AG25.TO.UN,1707203
Nigeria,NGA,1995,"Population, age 25, total",SP.POP.AG25.TO.UN,1656585
Nigeria,NGA,1994,"Population, age 25, total",SP.POP.AG25.TO.UN,1607846
Nigeria,NGA,1993,"Population, age 25, total",SP.POP.AG25.TO.UN,1561056
Nigeria,NGA,1992,"Population, age 25, total",SP.POP.AG25.TO.UN,1516202
Nigeria,NGA,1991,"Population, age 25, total",SP.POP.AG25.TO.UN,1473339
Nigeria,NGA,1990,"Population, age 25, total",SP.POP.AG25.TO.UN,1432504
Nigeria,NGA,2019,"School age population, pre-primary education, female (number)",SP.PRE.TOTL.FE.IN,2968157
Nigeria,NGA,2018,"School age population, pre-primary education, female (number)",SP.PRE.TOTL.FE.IN,2898999
Nigeria,NGA,2017,"School age population, pre-primary education, female (number)",SP.PRE.TOTL.FE.IN,2826971
Nigeria,NGA,2016,"School age population, pre-primary education, female (number)",SP.PRE.TOTL.FE.IN,2754726
Nigeria,NGA,2015,"School age population, pre-primary education, female (number)",SP.PRE.TOTL.FE.IN,2693057
Nigeria,NGA,2014,"School age population, pre-primary education, female (number)",SP.PRE.TOTL.FE.IN,2629959
Nigeria,NGA,2013,"School age population, pre-primary education, female (number)",SP.PRE.TOTL.FE.IN,2564695
Nigeria,NGA,2012,"School age population, pre-primary education, female (number)",SP.PRE.TOTL.FE.IN,2496699
Nigeria,NGA,2011,"School age population, pre-primary education, female (number)",SP.PRE.TOTL.FE.IN,2426023
Nigeria,NGA,2010,"School age population, pre-primary education, female (number)",SP.PRE.TOTL.FE.IN,2365219
Nigeria,NGA,2009,"School age population, pre-primary education, female (number)",SP.PRE.TOTL.FE.IN,2297189
Nigeria,NGA,2008,"School age population, pre-primary education, female (number)",SP.PRE.TOTL.FE.IN,2225512
Nigeria,NGA,2007,"School age population, pre-primary education, female (number)",SP.PRE.TOTL.FE.IN,2153524
Nigeria,NGA,2006,"School age population, pre-primary education, female (number)",SP.PRE.TOTL.FE.IN,2084013
Nigeria,NGA,2005,"School age population, pre-primary education, female (number)",SP.PRE.TOTL.FE.IN,2031840
Nigeria,NGA,2004,"School age population, pre-primary education, female (number)",SP.PRE.TOTL.FE.IN,1975404
Nigeria,NGA,2003,"School age population, pre-primary education, female (number)",SP.PRE.TOTL.FE.IN,1917496
Nigeria,NGA,2002,"School age population, pre-primary education, female (number)",SP.PRE.TOTL.FE.IN,1860432
Nigeria,NGA,2001,"School age population, pre-primary education, female (number)",SP.PRE.TOTL.FE.IN,1806223
Nigeria,NGA,2000,"School age population, pre-primary education, female (number)",SP.PRE.TOTL.FE.IN,1771718
Nigeria,NGA,1999,"School age population, pre-primary education, female (number)",SP.PRE.TOTL.FE.IN,1734259
Nigeria,NGA,1998,"School age population, pre-primary education, female (number)",SP.PRE.TOTL.FE.IN,5287466
Nigeria,NGA,1997,"School age population, pre-primary education, female (number)",SP.PRE.TOTL.FE.IN,5157618
Nigeria,NGA,1996,"School age population, pre-primary education, female (number)",SP.PRE.TOTL.FE.IN,5028473
Nigeria,NGA,1995,"School age population, pre-primary education, female (number)",SP.PRE.TOTL.FE.IN,4943450
Nigeria,NGA,1994,"School age population, pre-primary education, female (number)",SP.PRE.TOTL.FE.IN,4868474
Nigeria,NGA,1993,"School age population, pre-primary education, female (number)",SP.PRE.TOTL.FE.IN,4780646
Nigeria,NGA,1992,"School age population, pre-primary education, female (number)",SP.PRE.TOTL.FE.IN,4684891
Nigeria,NGA,1991,"School age population, pre-primary education, female (number)",SP.PRE.TOTL.FE.IN,4580548
Nigeria,NGA,1990,"School age population, pre-primary education, female (number)",SP.PRE.TOTL.FE.IN,4502382
Nigeria,NGA,1989,"School age population, pre-primary education, female (number)",SP.PRE.TOTL.FE.IN,4426692
Nigeria,NGA,1988,"School age population, pre-primary education, female (number)",SP.PRE.TOTL.FE.IN,4328611
Nigeria,NGA,1987,"School age population, pre-primary education, female (number)",SP.PRE.TOTL.FE.IN,4219648
Nigeria,NGA,1986,"School age population, pre-primary education, female (number)",SP.PRE.TOTL.FE.IN,4102628
Nigeria,NGA,1985,"School age population, pre-primary education, female (number)",SP.PRE.TOTL.FE.IN,4009472
Nigeria,NGA,1984,"School age population, pre-primary education, female (number)",SP.PRE.TOTL.FE.IN,3918678
Nigeria,NGA,1983,"School age population, pre-primary education, female (number)",SP.PRE.TOTL.FE.IN,3805030
Nigeria,NGA,1982,"School age population, pre-primary education, female (number)",SP.PRE.TOTL.FE.IN,3680116
Nigeria,NGA,1981,"School age population, pre-primary education, female (number)",SP.PRE.TOTL.FE.IN,3547006
Nigeria,NGA,1980,"School age population, pre-primary education, female (number)",SP.PRE.TOTL.FE.IN,3445767
Nigeria,NGA,1979,"School age population, pre-primary education, female (number)",SP.PRE.TOTL.FE.IN,3347137
Nigeria,NGA,1978,"School age population, pre-primary education, female (number)",SP.PRE.TOTL.FE.IN,3220217
Nigeria,NGA,1977,"School age population, pre-primary education, female (number)",SP.PRE.TOTL.FE.IN,3090207
Nigeria,NGA,1976,"School age population, pre-primary education, female (number)",SP.PRE.TOTL.FE.IN,2966108
Nigeria,NGA,1975,"School age population, pre-primary education, female (number)",SP.PRE.TOTL.FE.IN,2878447
Nigeria,NGA,1974,"School age population, pre-primary education, female (number)",SP.PRE.TOTL.FE.IN,2804939
Nigeria,NGA,1973,"School age population, pre-primary education, female (number)",SP.PRE.TOTL.FE.IN,2731085
Nigeria,NGA,1972,"School age population, pre-primary education, female (number)",SP.PRE.TOTL.FE.IN,2657179
Nigeria,NGA,1971,"School age population, pre-primary education, female (number)",SP.PRE.TOTL.FE.IN,2581181
Nigeria,NGA,1970,"School age population, pre-primary education, female (number)",SP.PRE.TOTL.FE.IN,2529208
Nigeria,NGA,2019,"School age population, pre-primary education, both sexes (number)",SP.PRE.TOTL.IN,6073092
Nigeria,NGA,2018,"School age population, pre-primary education, both sexes (number)",SP.PRE.TOTL.IN,5930444
Nigeria,NGA,2017,"School age population, pre-primary education, both sexes (number)",SP.PRE.TOTL.IN,5781802
Nigeria,NGA,2016,"School age population, pre-primary education, both sexes (number)",SP.PRE.TOTL.IN,5632653
Nigeria,NGA,2015,"School age population, pre-primary education, both sexes (number)",SP.PRE.TOTL.IN,5505916
Nigeria,NGA,2014,"School age population, pre-primary education, both sexes (number)",SP.PRE.TOTL.IN,5376125
Nigeria,NGA,2013,"School age population, pre-primary education, both sexes (number)",SP.PRE.TOTL.IN,5241720
Nigeria,NGA,2012,"School age population, pre-primary education, both sexes (number)",SP.PRE.TOTL.IN,5101514
Nigeria,NGA,2011,"School age population, pre-primary education, both sexes (number)",SP.PRE.TOTL.IN,4955617
Nigeria,NGA,2010,"School age population, pre-primary education, both sexes (number)",SP.PRE.TOTL.IN,4830530
Nigeria,NGA,2009,"School age population, pre-primary education, both sexes (number)",SP.PRE.TOTL.IN,4690101
Nigeria,NGA,2008,"School age population, pre-primary education, both sexes (number)",SP.PRE.TOTL.IN,4541938
Nigeria,NGA,2007,"School age population, pre-primary education, both sexes (number)",SP.PRE.TOTL.IN,4393129
Nigeria,NGA,2006,"School age population, pre-primary education, both sexes (number)",SP.PRE.TOTL.IN,4249602
Nigeria,NGA,2005,"School age population, pre-primary education, both sexes (number)",SP.PRE.TOTL.IN,4142307
Nigeria,NGA,2004,"School age population, pre-primary education, both sexes (number)",SP.PRE.TOTL.IN,4026298
Nigeria,NGA,2003,"School age population, pre-primary education, both sexes (number)",SP.PRE.TOTL.IN,3907317
Nigeria,NGA,2002,"School age population, pre-primary education, both sexes (number)",SP.PRE.TOTL.IN,3790118
Nigeria,NGA,2001,"School age population, pre-primary education, both sexes (number)",SP.PRE.TOTL.IN,3678858
Nigeria,NGA,2000,"School age population, pre-primary education, both sexes (number)",SP.PRE.TOTL.IN,3608339
Nigeria,NGA,1999,"School age population, pre-primary education, both sexes (number)",SP.PRE.TOTL.IN,3531574
Nigeria,NGA,1998,"School age population, pre-primary education, both sexes (number)",SP.PRE.TOTL.IN,10771318
Nigeria,NGA,1997,"School age population, pre-primary education, both sexes (number)",SP.PRE.TOTL.IN,10505118
Nigeria,NGA,1996,"School age population, pre-primary education, both sexes (number)",SP.PRE.TOTL.IN,10241077
Nigeria,NGA,1995,"School age population, pre-primary education, both sexes (number)",SP.PRE.TOTL.IN,10067715
Nigeria,NGA,1994,"School age population, pre-primary education, both sexes (number)",SP.PRE.TOTL.IN,9915640
Nigeria,NGA,1993,"School age population, pre-primary education, both sexes (number)",SP.PRE.TOTL.IN,9738364
Nigeria,NGA,1992,"School age population, pre-primary education, both sexes (number)",SP.PRE.TOTL.IN,9544669
Nigeria,NGA,1991,"School age population, pre-primary education, both sexes (number)",SP.PRE.TOTL.IN,9332576
Nigeria,NGA,1990,"School age population, pre-primary education, both sexes (number)",SP.PRE.TOTL.IN,9173454
Nigeria,NGA,1989,"School age population, pre-primary education, both sexes (number)",SP.PRE.TOTL.IN,9019030
Nigeria,NGA,1988,"School age population, pre-primary education, both sexes (number)",SP.PRE.TOTL.IN,8816775
Nigeria,NGA,1987,"School age population, pre-primary education, both sexes (number)",SP.PRE.TOTL.IN,8592444
Nigeria,NGA,1986,"School age population, pre-primary education, both sexes (number)",SP.PRE.TOTL.IN,8352722
Nigeria,NGA,1985,"School age population, pre-primary education, both sexes (number)",SP.PRE.TOTL.IN,8161702
Nigeria,NGA,1984,"School age population, pre-primary education, both sexes (number)",SP.PRE.TOTL.IN,7976440
Nigeria,NGA,1983,"School age population, pre-primary education, both sexes (number)",SP.PRE.TOTL.IN,7745325
Nigeria,NGA,1982,"School age population, pre-primary education, both sexes (number)",SP.PRE.TOTL.IN,7489779
Nigeria,NGA,1981,"School age population, pre-primary education, both sexes (number)",SP.PRE.TOTL.IN,7214956
Nigeria,NGA,1980,"School age population, pre-primary education, both sexes (number)",SP.PRE.TOTL.IN,7008581
Nigeria,NGA,1979,"School age population, pre-primary education, both sexes (number)",SP.PRE.TOTL.IN,6805782
Nigeria,NGA,1978,"School age population, pre-primary education, both sexes (number)",SP.PRE.TOTL.IN,6542417
Nigeria,NGA,1977,"School age population, pre-primary education, both sexes (number)",SP.PRE.TOTL.IN,6272957
Nigeria,NGA,1976,"School age population, pre-primary education, both sexes (number)",SP.PRE.TOTL.IN,6017243
Nigeria,NGA,1975,"School age population, pre-primary education, both sexes (number)",SP.PRE.TOTL.IN,5835332
Nigeria,NGA,1974,"School age population, pre-primary education, both sexes (number)",SP.PRE.TOTL.IN,5683858
Nigeria,NGA,1973,"School age population, pre-primary education, both sexes (number)",SP.PRE.TOTL.IN,5533261
Nigeria,NGA,1972,"School age population, pre-primary education, both sexes (number)",SP.PRE.TOTL.IN,5382873
Nigeria,NGA,1971,"School age population, pre-primary education, both sexes (number)",SP.PRE.TOTL.IN,5227761
Nigeria,NGA,1970,"School age population, pre-primary education, both sexes (number)",SP.PRE.TOTL.IN,5120703
Nigeria,NGA,2019,"School age population, pre-primary education, male (number)",SP.PRE.TOTL.MA.IN,3104935
Nigeria,NGA,2018,"School age population, pre-primary education, male (number)",SP.PRE.TOTL.MA.IN,3031445
Nigeria,NGA,2017,"School age population, pre-primary education, male (number)",SP.PRE.TOTL.MA.IN,2954831
Nigeria,NGA,2016,"School age population, pre-primary education, male (number)",SP.PRE.TOTL.MA.IN,2877927
Nigeria,NGA,2015,"School age population, pre-primary education, male (number)",SP.PRE.TOTL.MA.IN,2812859
Nigeria,NGA,2014,"School age population, pre-primary education, male (number)",SP.PRE.TOTL.MA.IN,2746166
Nigeria,NGA,2013,"School age population, pre-primary education, male (number)",SP.PRE.TOTL.MA.IN,2677025
Nigeria,NGA,2012,"School age population, pre-primary education, male (number)",SP.PRE.TOTL.MA.IN,2604815
Nigeria,NGA,2011,"School age population, pre-primary education, male (number)",SP.PRE.TOTL.MA.IN,2529594
Nigeria,NGA,2010,"School age population, pre-primary education, male (number)",SP.PRE.TOTL.MA.IN,2465311
Nigeria,NGA,2009,"School age population, pre-primary education, male (number)",SP.PRE.TOTL.MA.IN,2392912
Nigeria,NGA,2008,"School age population, pre-primary education, male (number)",SP.PRE.TOTL.MA.IN,2316426
Nigeria,NGA,2007,"School age population, pre-primary education, male (number)",SP.PRE.TOTL.MA.IN,2239605
Nigeria,NGA,2006,"School age population, pre-primary education, male (number)",SP.PRE.TOTL.MA.IN,2165589
Nigeria,NGA,2005,"School age population, pre-primary education, male (number)",SP.PRE.TOTL.MA.IN,2110467
Nigeria,NGA,2004,"School age population, pre-primary education, male (number)",SP.PRE.TOTL.MA.IN,2050894
Nigeria,NGA,2003,"School age population, pre-primary education, male (number)",SP.PRE.TOTL.MA.IN,1989821
Nigeria,NGA,2002,"School age population, pre-primary education, male (number)",SP.PRE.TOTL.MA.IN,1929686
Nigeria,NGA,2001,"School age population, pre-primary education, male (number)",SP.PRE.TOTL.MA.IN,1872635
Nigeria,NGA,2000,"School age population, pre-primary education, male (number)",SP.PRE.TOTL.MA.IN,1836621
Nigeria,NGA,1999,"School age population, pre-primary education, male (number)",SP.PRE.TOTL.MA.IN,1797315
Nigeria,NGA,1998,"School age population, pre-primary education, male (number)",SP.PRE.TOTL.MA.IN,5483852
Nigeria,NGA,1997,"School age population, pre-primary education, male (number)",SP.PRE.TOTL.MA.IN,5347500
Nigeria,NGA,1996,"School age population, pre-primary education, male (number)",SP.PRE.TOTL.MA.IN,5212604
Nigeria,NGA,1995,"School age population, pre-primary education, male (number)",SP.PRE.TOTL.MA.IN,5124265
Nigeria,NGA,1994,"School age population, pre-primary education, male (number)",SP.PRE.TOTL.MA.IN,5047166
Nigeria,NGA,1993,"School age population, pre-primary education, male (number)",SP.PRE.TOTL.MA.IN,4957718
Nigeria,NGA,1992,"School age population, pre-primary education, male (number)",SP.PRE.TOTL.MA.IN,4859778
Nigeria,NGA,1991,"School age population, pre-primary education, male (number)",SP.PRE.TOTL.MA.IN,4752028
Nigeria,NGA,1990,"School age population, pre-primary education, male (number)",SP.PRE.TOTL.MA.IN,4671072
Nigeria,NGA,1989,"School age population, pre-primary education, male (number)",SP.PRE.TOTL.MA.IN,4592338
Nigeria,NGA,1988,"School age population, pre-primary education, male (number)",SP.PRE.TOTL.MA.IN,4488164
Nigeria,NGA,1987,"School age population, pre-primary education, male (number)",SP.PRE.TOTL.MA.IN,4372796
Nigeria,NGA,1986,"School age population, pre-primary education, male (number)",SP.PRE.TOTL.MA.IN,4250094
Nigeria,NGA,1985,"School age population, pre-primary education, male (number)",SP.PRE.TOTL.MA.IN,4152230
Nigeria,NGA,1984,"School age population, pre-primary education, male (number)",SP.PRE.TOTL.MA.IN,4057762
Nigeria,NGA,1983,"School age population, pre-primary education, male (number)",SP.PRE.TOTL.MA.IN,3940295
Nigeria,NGA,1982,"School age population, pre-primary education, male (number)",SP.PRE.TOTL.MA.IN,3809663
Nigeria,NGA,1981,"School age population, pre-primary education, male (number)",SP.PRE.TOTL.MA.IN,3667950
Nigeria,NGA,1980,"School age population, pre-primary education, male (number)",SP.PRE.TOTL.MA.IN,3562814
Nigeria,NGA,1979,"School age population, pre-primary education, male (number)",SP.PRE.TOTL.MA.IN,3458645
Nigeria,NGA,1978,"School age population, pre-primary education, male (number)",SP.PRE.TOTL.MA.IN,3322200
Nigeria,NGA,1977,"School age population, pre-primary education, male (number)",SP.PRE.TOTL.MA.IN,3182750
Nigeria,NGA,1976,"School age population, pre-primary education, male (number)",SP.PRE.TOTL.MA.IN,3051135
Nigeria,NGA,1975,"School age population, pre-primary education, male (number)",SP.PRE.TOTL.MA.IN,2956885
Nigeria,NGA,1974,"School age population, pre-primary education, male (number)",SP.PRE.TOTL.MA.IN,2878919
Nigeria,NGA,1973,"School age population, pre-primary education, male (number)",SP.PRE.TOTL.MA.IN,2802176
Nigeria,NGA,1972,"School age population, pre-primary education, male (number)",SP.PRE.TOTL.MA.IN,2725694
Nigeria,NGA,1971,"School age population, pre-primary education, male (number)",SP.PRE.TOTL.MA.IN,2646580
Nigeria,NGA,1970,"School age population, pre-primary education, male (number)",SP.PRE.TOTL.MA.IN,2591495
Nigeria,NGA,2020,"School age population, last grade of primary education, female (number)",SP.PRM.GRAD.FE,2534979
Nigeria,NGA,2019,"School age population, last grade of primary education, female (number)",SP.PRM.GRAD.FE,2467686
Nigeria,NGA,2018,"School age population, last grade of primary education, female (number)",SP.PRM.GRAD.FE,2400670
Nigeria,NGA,2017,"School age population, last grade of primary education, female (number)",SP.PRM.GRAD.FE,2334655
Nigeria,NGA,2016,"School age population, last grade of primary education, female (number)",SP.PRM.GRAD.FE,2271738
Nigeria,NGA,2015,"School age population, last grade of primary education, female (number)",SP.PRM.GRAD.FE,2207129
Nigeria,NGA,2014,"School age population, last grade of primary education, female (number)",SP.PRM.GRAD.FE,2138609
Nigeria,NGA,2013,"School age population, last grade of primary education, female (number)",SP.PRM.GRAD.FE,2069979
Nigeria,NGA,2012,"School age population, last grade of primary education, female (number)",SP.PRM.GRAD.FE,2003700
Nigeria,NGA,2011,"School age population, last grade of primary education, female (number)",SP.PRM.GRAD.FE,1939572
Nigeria,NGA,2010,"School age population, last grade of primary education, female (number)",SP.PRM.GRAD.FE,1880819
Nigeria,NGA,2009,"School age population, last grade of primary education, female (number)",SP.PRM.GRAD.FE,1825750
Nigeria,NGA,2008,"School age population, last grade of primary education, female (number)",SP.PRM.GRAD.FE,1773996
Nigeria,NGA,2007,"School age population, last grade of primary education, female (number)",SP.PRM.GRAD.FE,1725404
Nigeria,NGA,2006,"School age population, last grade of primary education, female (number)",SP.PRM.GRAD.FE,1681184
Nigeria,NGA,2005,"School age population, last grade of primary education, female (number)",SP.PRM.GRAD.FE,1641122
Nigeria,NGA,2004,"School age population, last grade of primary education, female (number)",SP.PRM.GRAD.FE,1604321
Nigeria,NGA,2003,"School age population, last grade of primary education, female (number)",SP.PRM.GRAD.FE,1570539
Nigeria,NGA,2002,"School age population, last grade of primary education, female (number)",SP.PRM.GRAD.FE,1539891
Nigeria,NGA,2001,"School age population, last grade of primary education, female (number)",SP.PRM.GRAD.FE,1513392
Nigeria,NGA,2000,"School age population, last grade of primary education, female (number)",SP.PRM.GRAD.FE,1486567
Nigeria,NGA,1999,"School age population, last grade of primary education, female (number)",SP.PRM.GRAD.FE,1457342
Nigeria,NGA,1998,"School age population, last grade of primary education, female (number)",SP.PRM.GRAD.FE,1428280
Nigeria,NGA,1997,"School age population, last grade of primary education, female (number)",SP.PRM.GRAD.FE,1402138
Nigeria,NGA,1996,"School age population, last grade of primary education, female (number)",SP.PRM.GRAD.FE,1379950
Nigeria,NGA,1995,"School age population, last grade of primary education, female (number)",SP.PRM.GRAD.FE,1353160
Nigeria,NGA,1994,"School age population, last grade of primary education, female (number)",SP.PRM.GRAD.FE,1319038
Nigeria,NGA,1993,"School age population, last grade of primary education, female (number)",SP.PRM.GRAD.FE,1282977
Nigeria,NGA,1992,"School age population, last grade of primary education, female (number)",SP.PRM.GRAD.FE,1249522
Nigeria,NGA,1991,"School age population, last grade of primary education, female (number)",SP.PRM.GRAD.FE,1219096
Nigeria,NGA,1990,"School age population, last grade of primary education, female (number)",SP.PRM.GRAD.FE,1185418
Nigeria,NGA,1989,"School age population, last grade of primary education, female (number)",SP.PRM.GRAD.FE,1146404
Nigeria,NGA,1988,"School age population, last grade of primary education, female (number)",SP.PRM.GRAD.FE,1106533
Nigeria,NGA,1987,"School age population, last grade of primary education, female (number)",SP.PRM.GRAD.FE,1069626
Nigeria,NGA,1986,"School age population, last grade of primary education, female (number)",SP.PRM.GRAD.FE,1036502
Nigeria,NGA,1985,"School age population, last grade of primary education, female (number)",SP.PRM.GRAD.FE,1002599
Nigeria,NGA,1984,"School age population, last grade of primary education, female (number)",SP.PRM.GRAD.FE,967168
Nigeria,NGA,1983,"School age population, last grade of primary education, female (number)",SP.PRM.GRAD.FE,932769
Nigeria,NGA,1982,"School age population, last grade of primary education, female (number)",SP.PRM.GRAD.FE,900947
Nigeria,NGA,1981,"School age population, last grade of primary education, female (number)",SP.PRM.GRAD.FE,871816
Nigeria,NGA,1980,"School age population, last grade of primary education, female (number)",SP.PRM.GRAD.FE,845026
Nigeria,NGA,1979,"School age population, last grade of primary education, female (number)",SP.PRM.GRAD.FE,819458
Nigeria,NGA,1978,"School age population, last grade of primary education, female (number)",SP.PRM.GRAD.FE,795660
Nigeria,NGA,1977,"School age population, last grade of primary education, female (number)",SP.PRM.GRAD.FE,775026
Nigeria,NGA,1976,"School age population, last grade of primary education, female (number)",SP.PRM.GRAD.FE,759417
Nigeria,NGA,1975,"School age population, last grade of primary education, female (number)",SP.PRM.GRAD.FE,741707
Nigeria,NGA,1974,"School age population, last grade of primary education, female (number)",SP.PRM.GRAD.FE,720701
Nigeria,NGA,1973,"School age population, last grade of primary education, female (number)",SP.PRM.GRAD.FE,699982
Nigeria,NGA,1972,"School age population, last grade of primary education, female (number)",SP.PRM.GRAD.FE,682295
Nigeria,NGA,1971,"School age population, last grade of primary education, female (number)",SP.PRM.GRAD.FE,667541
Nigeria,NGA,1970,"School age population, last grade of primary education, female (number)",SP.PRM.GRAD.FE,651383
Nigeria,NGA,2020,"School age population, last grade of primary education, male (number)",SP.PRM.GRAD.MA,2641502
Nigeria,NGA,2019,"School age population, last grade of primary education, male (number)",SP.PRM.GRAD.MA,2569925
Nigeria,NGA,2018,"School age population, last grade of primary education, male (number)",SP.PRM.GRAD.MA,2498719
Nigeria,NGA,2017,"School age population, last grade of primary education, male (number)",SP.PRM.GRAD.MA,2428934
Nigeria,NGA,2016,"School age population, last grade of primary education, male (number)",SP.PRM.GRAD.MA,2362819
Nigeria,NGA,2015,"School age population, last grade of primary education, male (number)",SP.PRM.GRAD.MA,2294331
Nigeria,NGA,2014,"School age population, last grade of primary education, male (number)",SP.PRM.GRAD.MA,2221255
Nigeria,NGA,2013,"School age population, last grade of primary education, male (number)",SP.PRM.GRAD.MA,2148060
Nigeria,NGA,2012,"School age population, last grade of primary education, male (number)",SP.PRM.GRAD.MA,2077668
Nigeria,NGA,2011,"School age population, last grade of primary education, male (number)",SP.PRM.GRAD.MA,2009852
Nigeria,NGA,2010,"School age population, last grade of primary education, male (number)",SP.PRM.GRAD.MA,1947557
Nigeria,NGA,2009,"School age population, last grade of primary education, male (number)",SP.PRM.GRAD.MA,1889212
Nigeria,NGA,2008,"School age population, last grade of primary education, male (number)",SP.PRM.GRAD.MA,1834603
Nigeria,NGA,2007,"School age population, last grade of primary education, male (number)",SP.PRM.GRAD.MA,1783740
Nigeria,NGA,2006,"School age population, last grade of primary education, male (number)",SP.PRM.GRAD.MA,1737991
Nigeria,NGA,2005,"School age population, last grade of primary education, male (number)",SP.PRM.GRAD.MA,1696100
Nigeria,NGA,2004,"School age population, last grade of primary education, male (number)",SP.PRM.GRAD.MA,1657492
Nigeria,NGA,2003,"School age population, last grade of primary education, male (number)",SP.PRM.GRAD.MA,1622200
Nigeria,NGA,2002,"School age population, last grade of primary education, male (number)",SP.PRM.GRAD.MA,1590540
Nigeria,NGA,2001,"School age population, last grade of primary education, male (number)",SP.PRM.GRAD.MA,1563547
Nigeria,NGA,2000,"School age population, last grade of primary education, male (number)",SP.PRM.GRAD.MA,1535799
Nigeria,NGA,1999,"School age population, last grade of primary education, male (number)",SP.PRM.GRAD.MA,1505549
Nigeria,NGA,1998,"School age population, last grade of primary education, male (number)",SP.PRM.GRAD.MA,1475609
Nigeria,NGA,1997,"School age population, last grade of primary education, male (number)",SP.PRM.GRAD.MA,1449042
Nigeria,NGA,1996,"School age population, last grade of primary education, male (number)",SP.PRM.GRAD.MA,1427040
Nigeria,NGA,1995,"School age population, last grade of primary education, male (number)",SP.PRM.GRAD.MA,1399250
Nigeria,NGA,1994,"School age population, last grade of primary education, male (number)",SP.PRM.GRAD.MA,1363339
Nigeria,NGA,1993,"School age population, last grade of primary education, male (number)",SP.PRM.GRAD.MA,1325313
Nigeria,NGA,1992,"School age population, last grade of primary education, male (number)",SP.PRM.GRAD.MA,1290111
Nigeria,NGA,1991,"School age population, last grade of primary education, male (number)",SP.PRM.GRAD.MA,1258015
Nigeria,NGA,1990,"School age population, last grade of primary education, male (number)",SP.PRM.GRAD.MA,1222483
Nigeria,NGA,1989,"School age population, last grade of primary education, male (number)",SP.PRM.GRAD.MA,1181442
Nigeria,NGA,1988,"School age population, last grade of primary education, male (number)",SP.PRM.GRAD.MA,1139572
Nigeria,NGA,1987,"School age population, last grade of primary education, male (number)",SP.PRM.GRAD.MA,1101061
Nigeria,NGA,1986,"School age population, last grade of primary education, male (number)",SP.PRM.GRAD.MA,1067017
Nigeria,NGA,1985,"School age population, last grade of primary education, male (number)",SP.PRM.GRAD.MA,1031110
Nigeria,NGA,1984,"School age population, last grade of primary education, male (number)",SP.PRM.GRAD.MA,993255
Nigeria,NGA,1983,"School age population, last grade of primary education, male (number)",SP.PRM.GRAD.MA,956534
Nigeria,NGA,1982,"School age population, last grade of primary education, male (number)",SP.PRM.GRAD.MA,922623
Nigeria,NGA,1981,"School age population, last grade of primary education, male (number)",SP.PRM.GRAD.MA,891311
Nigeria,NGA,1980,"School age population, last grade of primary education, male (number)",SP.PRM.GRAD.MA,863572
Nigeria,NGA,1979,"School age population, last grade of primary education, male (number)",SP.PRM.GRAD.MA,837151
Nigeria,NGA,1978,"School age population, last grade of primary education, male (number)",SP.PRM.GRAD.MA,812351
Nigeria,NGA,1977,"School age population, last grade of primary education, male (number)",SP.PRM.GRAD.MA,790648
Nigeria,NGA,1976,"School age population, last grade of primary education, male (number)",SP.PRM.GRAD.MA,774340
Nigeria,NGA,1975,"School age population, last grade of primary education, male (number)",SP.PRM.GRAD.MA,755463
Nigeria,NGA,1974,"School age population, last grade of primary education, male (number)",SP.PRM.GRAD.MA,733121
Nigeria,NGA,1973,"School age population, last grade of primary education, male (number)",SP.PRM.GRAD.MA,711206
Nigeria,NGA,1972,"School age population, last grade of primary education, male (number)",SP.PRM.GRAD.MA,692709
Nigeria,NGA,1971,"School age population, last grade of primary education, male (number)",SP.PRM.GRAD.MA,677489
Nigeria,NGA,1970,"School age population, last grade of primary education, male (number)",SP.PRM.GRAD.MA,660279
Nigeria,NGA,2020,"School age population, last grade of primary education, both sexes (number)",SP.PRM.GRAD.TO,5176481
Nigeria,NGA,2019,"School age population, last grade of primary education, both sexes (number)",SP.PRM.GRAD.TO,5037611
Nigeria,NGA,2018,"School age population, last grade of primary education, both sexes (number)",SP.PRM.GRAD.TO,4899389
Nigeria,NGA,2017,"School age population, last grade of primary education, both sexes (number)",SP.PRM.GRAD.TO,4763589
Nigeria,NGA,2016,"School age population, last grade of primary education, both sexes (number)",SP.PRM.GRAD.TO,4634557
Nigeria,NGA,2015,"School age population, last grade of primary education, both sexes (number)",SP.PRM.GRAD.TO,4501460
Nigeria,NGA,2014,"School age population, last grade of primary education, both sexes (number)",SP.PRM.GRAD.TO,4359864
Nigeria,NGA,2013,"School age population, last grade of primary education, both sexes (number)",SP.PRM.GRAD.TO,4218039
Nigeria,NGA,2012,"School age population, last grade of primary education, both sexes (number)",SP.PRM.GRAD.TO,4081368
Nigeria,NGA,2011,"School age population, last grade of primary education, both sexes (number)",SP.PRM.GRAD.TO,3949424
Nigeria,NGA,2010,"School age population, last grade of primary education, both sexes (number)",SP.PRM.GRAD.TO,3828376
Nigeria,NGA,2009,"School age population, last grade of primary education, both sexes (number)",SP.PRM.GRAD.TO,3714962
Nigeria,NGA,2008,"School age population, last grade of primary education, both sexes (number)",SP.PRM.GRAD.TO,3608599
Nigeria,NGA,2007,"School age population, last grade of primary education, both sexes (number)",SP.PRM.GRAD.TO,3509144
Nigeria,NGA,2006,"School age population, last grade of primary education, both sexes (number)",SP.PRM.GRAD.TO,3419175
Nigeria,NGA,2005,"School age population, last grade of primary education, both sexes (number)",SP.PRM.GRAD.TO,3337222
Nigeria,NGA,2004,"School age population, last grade of primary education, both sexes (number)",SP.PRM.GRAD.TO,3261813
Nigeria,NGA,2003,"School age population, last grade of primary education, both sexes (number)",SP.PRM.GRAD.TO,3192739
Nigeria,NGA,2002,"School age population, last grade of primary education, both sexes (number)",SP.PRM.GRAD.TO,3130431
Nigeria,NGA,2001,"School age population, last grade of primary education, both sexes (number)",SP.PRM.GRAD.TO,3076939
Nigeria,NGA,2000,"School age population, last grade of primary education, both sexes (number)",SP.PRM.GRAD.TO,3022366
Nigeria,NGA,1999,"School age population, last grade of primary education, both sexes (number)",SP.PRM.GRAD.TO,2962891
Nigeria,NGA,1998,"School age population, last grade of primary education, both sexes (number)",SP.PRM.GRAD.TO,2903889
Nigeria,NGA,1997,"School age population, last grade of primary education, both sexes (number)",SP.PRM.GRAD.TO,2851180
Nigeria,NGA,1996,"School age population, last grade of primary education, both sexes (number)",SP.PRM.GRAD.TO,2806990
Nigeria,NGA,1995,"School age population, last grade of primary education, both sexes (number)",SP.PRM.GRAD.TO,2752410
Nigeria,NGA,1994,"School age population, last grade of primary education, both sexes (number)",SP.PRM.GRAD.TO,2682377
Nigeria,NGA,1993,"School age population, last grade of primary education, both sexes (number)",SP.PRM.GRAD.TO,2608290
Nigeria,NGA,1992,"School age population, last grade of primary education, both sexes (number)",SP.PRM.GRAD.TO,2539633
Nigeria,NGA,1991,"School age population, last grade of primary education, both sexes (number)",SP.PRM.GRAD.TO,2477111
Nigeria,NGA,1990,"School age population, last grade of primary education, both sexes (number)",SP.PRM.GRAD.TO,2407901
Nigeria,NGA,1989,"School age population, last grade of primary education, both sexes (number)",SP.PRM.GRAD.TO,2327846
Nigeria,NGA,1988,"School age population, last grade of primary education, both sexes (number)",SP.PRM.GRAD.TO,2246105
Nigeria,NGA,1987,"School age population, last grade of primary education, both sexes (number)",SP.PRM.GRAD.TO,2170687
Nigeria,NGA,1986,"School age population, last grade of primary education, both sexes (number)",SP.PRM.GRAD.TO,2103519
Nigeria,NGA,1985,"School age population, last grade of primary education, both sexes (number)",SP.PRM.GRAD.TO,2033709
Nigeria,NGA,1984,"School age population, last grade of primary education, both sexes (number)",SP.PRM.GRAD.TO,1960423
Nigeria,NGA,1983,"School age population, last grade of primary education, both sexes (number)",SP.PRM.GRAD.TO,1889303
Nigeria,NGA,1982,"School age population, last grade of primary education, both sexes (number)",SP.PRM.GRAD.TO,1823570
Nigeria,NGA,1981,"School age population, last grade of primary education, both sexes (number)",SP.PRM.GRAD.TO,1763127
Nigeria,NGA,1980,"School age population, last grade of primary education, both sexes (number)",SP.PRM.GRAD.TO,1708598
Nigeria,NGA,1979,"School age population, last grade of primary education, both sexes (number)",SP.PRM.GRAD.TO,1656609
Nigeria,NGA,1978,"School age population, last grade of primary education, both sexes (number)",SP.PRM.GRAD.TO,1608011
Nigeria,NGA,1977,"School age population, last grade of primary education, both sexes (number)",SP.PRM.GRAD.TO,1565674
Nigeria,NGA,1976,"School age population, last grade of primary education, both sexes (number)",SP.PRM.GRAD.TO,1533757
Nigeria,NGA,1975,"School age population, last grade of primary education, both sexes (number)",SP.PRM.GRAD.TO,1497170
Nigeria,NGA,1974,"School age population, last grade of primary education, both sexes (number)",SP.PRM.GRAD.TO,1453822
Nigeria,NGA,1973,"School age population, last grade of primary education, both sexes (number)",SP.PRM.GRAD.TO,1411188
Nigeria,NGA,1972,"School age population, last grade of primary education, both sexes (number)",SP.PRM.GRAD.TO,1375004
Nigeria,NGA,1971,"School age population, last grade of primary education, both sexes (number)",SP.PRM.GRAD.TO,1345030
Nigeria,NGA,1970,"School age population, last grade of primary education, both sexes (number)",SP.PRM.GRAD.TO,1311662
Nigeria,NGA,2020,"School age population, primary education, female (number)",SP.PRM.TOTL.FE.IN,16438209
Nigeria,NGA,2019,"School age population, primary education, female (number)",SP.PRM.TOTL.FE.IN,16027672
Nigeria,NGA,2018,"School age population, primary education, female (number)",SP.PRM.TOTL.FE.IN,15609586
Nigeria,NGA,2017,"School age population, primary education, female (number)",SP.PRM.TOTL.FE.IN,15194647
Nigeria,NGA,2016,"School age population, primary education, female (number)",SP.PRM.TOTL.FE.IN,14791478
Nigeria,NGA,2015,"School age population, primary education, female (number)",SP.PRM.TOTL.FE.IN,14418510
Nigeria,NGA,2014,"School age population, primary education, female (number)",SP.PRM.TOTL.FE.IN,14028638
Nigeria,NGA,2013,"School age population, primary education, female (number)",SP.PRM.TOTL.FE.IN,13625142
Nigeria,NGA,2012,"School age population, primary education, female (number)",SP.PRM.TOTL.FE.IN,13213953
Nigeria,NGA,2011,"School age population, primary education, female (number)",SP.PRM.TOTL.FE.IN,12801960
Nigeria,NGA,2010,"School age population, primary education, female (number)",SP.PRM.TOTL.FE.IN,12425307
Nigeria,NGA,2009,"School age population, primary education, female (number)",SP.PRM.TOTL.FE.IN,12045338
Nigeria,NGA,2008,"School age population, primary education, female (number)",SP.PRM.TOTL.FE.IN,11674734
Nigeria,NGA,2007,"School age population, primary education, female (number)",SP.PRM.TOTL.FE.IN,11323204
Nigeria,NGA,2006,"School age population, primary education, female (number)",SP.PRM.TOTL.FE.IN,10998300
Nigeria,NGA,2005,"School age population, primary education, female (number)",SP.PRM.TOTL.FE.IN,10718941
Nigeria,NGA,2004,"School age population, primary education, female (number)",SP.PRM.TOTL.FE.IN,10442736
Nigeria,NGA,2003,"School age population, primary education, female (number)",SP.PRM.TOTL.FE.IN,10178885
Nigeria,NGA,2002,"School age population, primary education, female (number)",SP.PRM.TOTL.FE.IN,9933483
Nigeria,NGA,2001,"School age population, primary education, female (number)",SP.PRM.TOTL.FE.IN,9711963
Nigeria,NGA,2000,"School age population, primary education, female (number)",SP.PRM.TOTL.FE.IN,9539520
Nigeria,NGA,1999,"School age population, primary education, female (number)",SP.PRM.TOTL.FE.IN,9353966
Nigeria,NGA,1998,"School age population, primary education, female (number)",SP.PRM.TOTL.FE.IN,9162566
Nigeria,NGA,1997,"School age population, primary education, female (number)",SP.PRM.TOTL.FE.IN,8974183
Nigeria,NGA,1996,"School age population, primary education, female (number)",SP.PRM.TOTL.FE.IN,8797110
Nigeria,NGA,1995,"School age population, primary education, female (number)",SP.PRM.TOTL.FE.IN,8663328
Nigeria,NGA,1994,"School age population, primary education, female (number)",SP.PRM.TOTL.FE.IN,8500443
Nigeria,NGA,1993,"School age population, primary education, female (number)",SP.PRM.TOTL.FE.IN,8313410
Nigeria,NGA,1992,"School age population, primary education, female (number)",SP.PRM.TOTL.FE.IN,8112446
Nigeria,NGA,1991,"School age population, primary education, female (number)",SP.PRM.TOTL.FE.IN,7907844
Nigeria,NGA,1990,"School age population, primary education, female (number)",SP.PRM.TOTL.FE.IN,7735942
Nigeria,NGA,1989,"School age population, primary education, female (number)",SP.PRM.TOTL.FE.IN,7534761
Nigeria,NGA,1988,"School age population, primary education, female (number)",SP.PRM.TOTL.FE.IN,7313034
Nigeria,NGA,1987,"School age population, primary education, female (number)",SP.PRM.TOTL.FE.IN,7083505
Nigeria,NGA,1986,"School age population, primary education, female (number)",SP.PRM.TOTL.FE.IN,6857777
Nigeria,NGA,1985,"School age population, primary education, female (number)",SP.PRM.TOTL.FE.IN,6662766
Nigeria,NGA,1984,"School age population, primary education, female (number)",SP.PRM.TOTL.FE.IN,6452891
Nigeria,NGA,1983,"School age population, primary education, female (number)",SP.PRM.TOTL.FE.IN,6234724
Nigeria,NGA,1982,"School age population, primary education, female (number)",SP.PRM.TOTL.FE.IN,6014844
Nigeria,NGA,1981,"School age population, primary education, female (number)",SP.PRM.TOTL.FE.IN,5800021
Nigeria,NGA,1980,"School age population, primary education, female (number)",SP.PRM.TOTL.FE.IN,5619088
Nigeria,NGA,1979,"School age population, primary education, female (number)",SP.PRM.TOTL.FE.IN,5429176
Nigeria,NGA,1978,"School age population, primary education, female (number)",SP.PRM.TOTL.FE.IN,5242735
Nigeria,NGA,1977,"School age population, primary education, female (number)",SP.PRM.TOTL.FE.IN,5071773
Nigeria,NGA,1976,"School age population, primary education, female (number)",SP.PRM.TOTL.FE.IN,4926066
Nigeria,NGA,1975,"School age population, primary education, female (number)",SP.PRM.TOTL.FE.IN,4818742
Nigeria,NGA,1974,"School age population, primary education, female (number)",SP.PRM.TOTL.FE.IN,4704367
Nigeria,NGA,1973,"School age population, primary education, female (number)",SP.PRM.TOTL.FE.IN,4584357
Nigeria,NGA,1972,"School age population, primary education, female (number)",SP.PRM.TOTL.FE.IN,4462650
Nigeria,NGA,1971,"School age population, primary education, female (number)",SP.PRM.TOTL.FE.IN,4344142
Nigeria,NGA,1970,"School age population, primary education, female (number)",SP.PRM.TOTL.FE.IN,4255881
Nigeria,NGA,2020,"School age population, primary education, both sexes (number)",SP.PRM.TOTL.IN,33597851
Nigeria,NGA,2019,"School age population, primary education, both sexes (number)",SP.PRM.TOTL.IN,32752077
Nigeria,NGA,2018,"School age population, primary education, both sexes (number)",SP.PRM.TOTL.IN,31890266
Nigeria,NGA,2017,"School age population, primary education, both sexes (number)",SP.PRM.TOTL.IN,31035028
Nigeria,NGA,2016,"School age population, primary education, both sexes (number)",SP.PRM.TOTL.IN,30204767
Nigeria,NGA,2015,"School age population, primary education, both sexes (number)",SP.PRM.TOTL.IN,29438093
Nigeria,NGA,2014,"School age population, primary education, both sexes (number)",SP.PRM.TOTL.IN,28635050
Nigeria,NGA,2013,"School age population, primary education, both sexes (number)",SP.PRM.TOTL.IN,27802756
Nigeria,NGA,2012,"School age population, primary education, both sexes (number)",SP.PRM.TOTL.IN,26954138
Nigeria,NGA,2011,"School age population, primary education, both sexes (number)",SP.PRM.TOTL.IN,26104092
Nigeria,NGA,2010,"School age population, primary education, both sexes (number)",SP.PRM.TOTL.IN,25327779
Nigeria,NGA,2009,"School age population, primary education, both sexes (number)",SP.PRM.TOTL.IN,24544060
Nigeria,NGA,2008,"School age population, primary education, both sexes (number)",SP.PRM.TOTL.IN,23779968
Nigeria,NGA,2007,"School age population, primary education, both sexes (number)",SP.PRM.TOTL.IN,23056464
Nigeria,NGA,2006,"School age population, primary education, both sexes (number)",SP.PRM.TOTL.IN,22389876
Nigeria,NGA,2005,"School age population, primary education, both sexes (number)",SP.PRM.TOTL.IN,21817605
Nigeria,NGA,2004,"School age population, primary education, both sexes (number)",SP.PRM.TOTL.IN,21251639
Nigeria,NGA,2003,"School age population, primary education, both sexes (number)",SP.PRM.TOTL.IN,20711174
Nigeria,NGA,2002,"School age population, primary education, both sexes (number)",SP.PRM.TOTL.IN,20209192
Nigeria,NGA,2001,"School age population, primary education, both sexes (number)",SP.PRM.TOTL.IN,19757313
Nigeria,NGA,2000,"School age population, primary education, both sexes (number)",SP.PRM.TOTL.IN,19405754
Nigeria,NGA,1999,"School age population, primary education, both sexes (number)",SP.PRM.TOTL.IN,19027157
Nigeria,NGA,1998,"School age population, primary education, both sexes (number)",SP.PRM.TOTL.IN,18637112
Nigeria,NGA,1997,"School age population, primary education, both sexes (number)",SP.PRM.TOTL.IN,18254556
Nigeria,NGA,1996,"School age population, primary education, both sexes (number)",SP.PRM.TOTL.IN,17897088
Nigeria,NGA,1995,"School age population, primary education, both sexes (number)",SP.PRM.TOTL.IN,17627067
Nigeria,NGA,1994,"School age population, primary education, both sexes (number)",SP.PRM.TOTL.IN,17296788
Nigeria,NGA,1993,"School age population, primary education, both sexes (number)",SP.PRM.TOTL.IN,16915945
Nigeria,NGA,1992,"School age population, primary education, both sexes (number)",SP.PRM.TOTL.IN,16505243
Nigeria,NGA,1991,"School age population, primary education, both sexes (number)",SP.PRM.TOTL.IN,16085725
Nigeria,NGA,1990,"School age population, primary education, both sexes (number)",SP.PRM.TOTL.IN,15732459
Nigeria,NGA,1989,"School age population, primary education, both sexes (number)",SP.PRM.TOTL.IN,15318260
Nigeria,NGA,1988,"School age population, primary education, both sexes (number)",SP.PRM.TOTL.IN,14862260
Nigeria,NGA,1987,"School age population, primary education, both sexes (number)",SP.PRM.TOTL.IN,14391976
Nigeria,NGA,1986,"School age population, primary education, both sexes (number)",SP.PRM.TOTL.IN,13932145
Nigeria,NGA,1985,"School age population, primary education, both sexes (number)",SP.PRM.TOTL.IN,13533195
Nigeria,NGA,1984,"School age population, primary education, both sexes (number)",SP.PRM.TOTL.IN,13103852
Nigeria,NGA,1983,"School age population, primary education, both sexes (number)",SP.PRM.TOTL.IN,12656311
Nigeria,NGA,1982,"School age population, primary education, both sexes (number)",SP.PRM.TOTL.IN,12202825
Nigeria,NGA,1981,"School age population, primary education, both sexes (number)",SP.PRM.TOTL.IN,11756683
Nigeria,NGA,1980,"School age population, primary education, both sexes (number)",SP.PRM.TOTL.IN,11386148
Nigeria,NGA,1979,"School age population, primary education, both sexes (number)",SP.PRM.TOTL.IN,10995021
Nigeria,NGA,1978,"School age population, primary education, both sexes (number)",SP.PRM.TOTL.IN,10610394
Nigeria,NGA,1977,"School age population, primary education, both sexes (number)",SP.PRM.TOTL.IN,10258558
Nigeria,NGA,1976,"School age population, primary education, both sexes (number)",SP.PRM.TOTL.IN,9960656
Nigeria,NGA,1975,"School age population, primary education, both sexes (number)",SP.PRM.TOTL.IN,9739456
Nigeria,NGA,1974,"School age population, primary education, both sexes (number)",SP.PRM.TOTL.IN,9505118
Nigeria,NGA,1973,"School age population, primary education, both sexes (number)",SP.PRM.TOTL.IN,9259866
Nigeria,NGA,1972,"School age population, primary education, both sexes (number)",SP.PRM.TOTL.IN,9011036
Nigeria,NGA,1971,"School age population, primary education, both sexes (number)",SP.PRM.TOTL.IN,8768263
Nigeria,NGA,1970,"School age population, primary education, both sexes (number)",SP.PRM.TOTL.IN,8587702
Nigeria,NGA,2020,"School age population, primary education, male (number)",SP.PRM.TOTL.MA.IN,17159642
Nigeria,NGA,2019,"School age population, primary education, male (number)",SP.PRM.TOTL.MA.IN,16724405
Nigeria,NGA,2018,"School age population, primary education, male (number)",SP.PRM.TOTL.MA.IN,16280680
Nigeria,NGA,2017,"School age population, primary education, male (number)",SP.PRM.TOTL.MA.IN,15840381
Nigeria,NGA,2016,"School age population, primary education, male (number)",SP.PRM.TOTL.MA.IN,15413289
Nigeria,NGA,2015,"School age population, primary education, male (number)",SP.PRM.TOTL.MA.IN,15019583
Nigeria,NGA,2014,"School age population, primary education, male (number)",SP.PRM.TOTL.MA.IN,14606412
Nigeria,NGA,2013,"School age population, primary education, male (number)",SP.PRM.TOTL.MA.IN,14177614
Nigeria,NGA,2012,"School age population, primary education, male (number)",SP.PRM.TOTL.MA.IN,13740185
Nigeria,NGA,2011,"School age population, primary education, male (number)",SP.PRM.TOTL.MA.IN,13302132
Nigeria,NGA,2010,"School age population, primary education, male (number)",SP.PRM.TOTL.MA.IN,12902472
Nigeria,NGA,2009,"School age population, primary education, male (number)",SP.PRM.TOTL.MA.IN,12498722
Nigeria,NGA,2008,"School age population, primary education, male (number)",SP.PRM.TOTL.MA.IN,12105234
Nigeria,NGA,2007,"School age population, primary education, male (number)",SP.PRM.TOTL.MA.IN,11733260
Nigeria,NGA,2006,"School age population, primary education, male (number)",SP.PRM.TOTL.MA.IN,11391576
Nigeria,NGA,2005,"School age population, primary education, male (number)",SP.PRM.TOTL.MA.IN,11098664
Nigeria,NGA,2004,"School age population, primary education, male (number)",SP.PRM.TOTL.MA.IN,10808903
Nigeria,NGA,2003,"School age population, primary education, male (number)",SP.PRM.TOTL.MA.IN,10532289
Nigeria,NGA,2002,"School age population, primary education, male (number)",SP.PRM.TOTL.MA.IN,10275709
Nigeria,NGA,2001,"School age population, primary education, male (number)",SP.PRM.TOTL.MA.IN,10045350
Nigeria,NGA,2000,"School age population, primary education, male (number)",SP.PRM.TOTL.MA.IN,9866234
Nigeria,NGA,1999,"School age population, primary education, male (number)",SP.PRM.TOTL.MA.IN,9673191
Nigeria,NGA,1998,"School age population, primary education, male (number)",SP.PRM.TOTL.MA.IN,9474546
Nigeria,NGA,1997,"School age population, primary education, male (number)",SP.PRM.TOTL.MA.IN,9280373
Nigeria,NGA,1996,"School age population, primary education, male (number)",SP.PRM.TOTL.MA.IN,9099978
Nigeria,NGA,1995,"School age population, primary education, male (number)",SP.PRM.TOTL.MA.IN,8963739
Nigeria,NGA,1994,"School age population, primary education, male (number)",SP.PRM.TOTL.MA.IN,8796345
Nigeria,NGA,1993,"School age population, primary education, male (number)",SP.PRM.TOTL.MA.IN,8602535
Nigeria,NGA,1992,"School age population, primary education, male (number)",SP.PRM.TOTL.MA.IN,8392797
Nigeria,NGA,1991,"School age population, primary education, male (number)",SP.PRM.TOTL.MA.IN,8177881
Nigeria,NGA,1990,"School age population, primary education, male (number)",SP.PRM.TOTL.MA.IN,7996517
Nigeria,NGA,1989,"School age population, primary education, male (number)",SP.PRM.TOTL.MA.IN,7783499
Nigeria,NGA,1988,"School age population, primary education, male (number)",SP.PRM.TOTL.MA.IN,7549226
Nigeria,NGA,1987,"School age population, primary education, male (number)",SP.PRM.TOTL.MA.IN,7308471
Nigeria,NGA,1986,"School age population, primary education, male (number)",SP.PRM.TOTL.MA.IN,7074368
Nigeria,NGA,1985,"School age population, primary education, male (number)",SP.PRM.TOTL.MA.IN,6870429
Nigeria,NGA,1984,"School age population, primary education, male (number)",SP.PRM.TOTL.MA.IN,6650961
Nigeria,NGA,1983,"School age population, primary education, male (number)",SP.PRM.TOTL.MA.IN,6421587
Nigeria,NGA,1982,"School age population, primary education, male (number)",SP.PRM.TOTL.MA.IN,6187981
Nigeria,NGA,1981,"School age population, primary education, male (number)",SP.PRM.TOTL.MA.IN,5956662
Nigeria,NGA,1980,"School age population, primary education, male (number)",SP.PRM.TOTL.MA.IN,5767060
Nigeria,NGA,1979,"School age population, primary education, male (number)",SP.PRM.TOTL.MA.IN,5565845
Nigeria,NGA,1978,"School age population, primary education, male (number)",SP.PRM.TOTL.MA.IN,5367659
Nigeria,NGA,1977,"School age population, primary education, male (number)",SP.PRM.TOTL.MA.IN,5186785
Nigeria,NGA,1976,"School age population, primary education, male (number)",SP.PRM.TOTL.MA.IN,5034590
Nigeria,NGA,1975,"School age population, primary education, male (number)",SP.PRM.TOTL.MA.IN,4920714
Nigeria,NGA,1974,"School age population, primary education, male (number)",SP.PRM.TOTL.MA.IN,4800751
Nigeria,NGA,1973,"School age population, primary education, male (number)",SP.PRM.TOTL.MA.IN,4675509
Nigeria,NGA,1972,"School age population, primary education, male (number)",SP.PRM.TOTL.MA.IN,4548386
Nigeria,NGA,1971,"School age population, primary education, male (number)",SP.PRM.TOTL.MA.IN,4424121
Nigeria,NGA,1970,"School age population, primary education, male (number)",SP.PRM.TOTL.MA.IN,4331821
Nigeria,NGA,2020,"School age population, lower secondary education, female (number)",SP.SEC.LTOT.FE.IN,7149527
Nigeria,NGA,2019,"School age population, lower secondary education, female (number)",SP.SEC.LTOT.FE.IN,6953085
Nigeria,NGA,2018,"School age population, lower secondary education, female (number)",SP.SEC.LTOT.FE.IN,6756317
Nigeria,NGA,2017,"School age population, lower secondary education, female (number)",SP.SEC.LTOT.FE.IN,6559379
Nigeria,NGA,2016,"School age population, lower secondary education, female (number)",SP.SEC.LTOT.FE.IN,6362846
Nigeria,NGA,2015,"School age population, lower secondary education, female (number)",SP.SEC.LTOT.FE.IN,6159368
Nigeria,NGA,2014,"School age population, lower secondary education, female (number)",SP.SEC.LTOT.FE.IN,5959771
Nigeria,NGA,2013,"School age population, lower secondary education, female (number)",SP.SEC.LTOT.FE.IN,5769046
Nigeria,NGA,2012,"School age population, lower secondary education, female (number)",SP.SEC.LTOT.FE.IN,5590542
Nigeria,NGA,2011,"School age population, lower secondary education, female (number)",SP.SEC.LTOT.FE.IN,5428584
Nigeria,NGA,2010,"School age population, lower secondary education, female (number)",SP.SEC.LTOT.FE.IN,5276167
Nigeria,NGA,2009,"School age population, lower secondary education, female (number)",SP.SEC.LTOT.FE.IN,5130322
Nigeria,NGA,2008,"School age population, lower secondary education, female (number)",SP.SEC.LTOT.FE.IN,4993785
Nigeria,NGA,2007,"School age population, lower secondary education, female (number)",SP.SEC.LTOT.FE.IN,4871663
Nigeria,NGA,2006,"School age population, lower secondary education, female (number)",SP.SEC.LTOT.FE.IN,4767801
Nigeria,NGA,2005,"School age population, lower secondary education, female (number)",SP.SEC.LTOT.FE.IN,4667701
Nigeria,NGA,2004,"School age population, lower secondary education, female (number)",SP.SEC.LTOT.FE.IN,4575171
Nigeria,NGA,2003,"School age population, lower secondary education, female (number)",SP.SEC.LTOT.FE.IN,4489849
Nigeria,NGA,2002,"School age population, lower secondary education, female (number)",SP.SEC.LTOT.FE.IN,4410243
Nigeria,NGA,2001,"School age population, lower secondary education, female (number)",SP.SEC.LTOT.FE.IN,4334693
Nigeria,NGA,2000,"School age population, lower secondary education, female (number)",SP.SEC.LTOT.FE.IN,4250904
Nigeria,NGA,1999,"School age population, lower secondary education, female (number)",SP.SEC.LTOT.FE.IN,4170739
Nigeria,NGA,1998,"School age population, lower secondary education, female (number)",SP.SEC.LTOT.FE.IN,4094078
Nigeria,NGA,1997,"School age population, lower secondary education, female (number)",SP.SEC.LTOT.FE.IN,4014991
Nigeria,NGA,1996,"School age population, lower secondary education, female (number)",SP.SEC.LTOT.FE.IN,3927856
Nigeria,NGA,1995,"School age population, lower secondary education, female (number)",SP.SEC.LTOT.FE.IN,3822815
Nigeria,NGA,1994,"School age population, lower secondary education, female (number)",SP.SEC.LTOT.FE.IN,3719000
Nigeria,NGA,1993,"School age population, lower secondary education, female (number)",SP.SEC.LTOT.FE.IN,3619515
Nigeria,NGA,1992,"School age population, lower secondary education, female (number)",SP.SEC.LTOT.FE.IN,3520004
Nigeria,NGA,1991,"School age population, lower secondary education, female (number)",SP.SEC.LTOT.FE.IN,3416343
Nigeria,NGA,1990,"School age population, lower secondary education, female (number)",SP.SEC.LTOT.FE.IN,3299493
Nigeria,NGA,1989,"School age population, lower secondary education, female (number)",SP.SEC.LTOT.FE.IN,3184807
Nigeria,NGA,1988,"School age population, lower secondary education, female (number)",SP.SEC.LTOT.FE.IN,3076709
Nigeria,NGA,1987,"School age population, lower secondary education, female (number)",SP.SEC.LTOT.FE.IN,2974742
Nigeria,NGA,1986,"School age population, lower secondary education, female (number)",SP.SEC.LTOT.FE.IN,2877514
Nigeria,NGA,1985,"School age population, lower secondary education, female (number)",SP.SEC.LTOT.FE.IN,4448151
Nigeria,NGA,1984,"School age population, lower secondary education, female (number)",SP.SEC.LTOT.FE.IN,4301259
Nigeria,NGA,1983,"School age population, lower secondary education, female (number)",SP.SEC.LTOT.FE.IN,4172290
Nigeria,NGA,1982,"School age population, lower secondary education, female (number)",SP.SEC.LTOT.FE.IN,4059396
Nigeria,NGA,1981,"School age population, lower secondary education, female (number)",SP.SEC.LTOT.FE.IN,3962002
Nigeria,NGA,1980,"School age population, lower secondary education, female (number)",SP.SEC.LTOT.FE.IN,3858845
Nigeria,NGA,1979,"School age population, lower secondary education, female (number)",SP.SEC.LTOT.FE.IN,3756825
Nigeria,NGA,1978,"School age population, lower secondary education, female (number)",SP.SEC.LTOT.FE.IN,3655971
Nigeria,NGA,1977,"School age population, lower secondary education, female (number)",SP.SEC.LTOT.FE.IN,3559908
Nigeria,NGA,1976,"School age population, lower secondary education, female (number)",SP.SEC.LTOT.FE.IN,3470089
Nigeria,NGA,1975,"School age population, lower secondary education, female (number)",SP.SEC.LTOT.FE.IN,3369162
Nigeria,NGA,1974,"School age population, lower secondary education, female (number)",SP.SEC.LTOT.FE.IN,3275927
Nigeria,NGA,1973,"School age population, lower secondary education, female (number)",SP.SEC.LTOT.FE.IN,3190989
Nigeria,NGA,1972,"School age population, lower secondary education, female (number)",SP.SEC.LTOT.FE.IN,3111527
Nigeria,NGA,1971,"School age population, lower secondary education, female (number)",SP.SEC.LTOT.FE.IN,3035111
Nigeria,NGA,1970,"School age population, lower secondary education, female (number)",SP.SEC.LTOT.FE.IN,2949277
Nigeria,NGA,2020,"School age population, lower secondary education, both sexes (number)",SP.SEC.LTOT.IN,14585975
Nigeria,NGA,2019,"School age population, lower secondary education, both sexes (number)",SP.SEC.LTOT.IN,14181285
Nigeria,NGA,2018,"School age population, lower secondary education, both sexes (number)",SP.SEC.LTOT.IN,13776797
Nigeria,NGA,2017,"School age population, lower secondary education, both sexes (number)",SP.SEC.LTOT.IN,13372068
Nigeria,NGA,2016,"School age population, lower secondary education, both sexes (number)",SP.SEC.LTOT.IN,12967333
Nigeria,NGA,2015,"School age population, lower secondary education, both sexes (number)",SP.SEC.LTOT.IN,12546792
Nigeria,NGA,2014,"School age population, lower secondary education, both sexes (number)",SP.SEC.LTOT.IN,12134765
Nigeria,NGA,2013,"School age population, lower secondary education, both sexes (number)",SP.SEC.LTOT.IN,11741922
Nigeria,NGA,2012,"School age population, lower secondary education, both sexes (number)",SP.SEC.LTOT.IN,11374898
Nigeria,NGA,2011,"School age population, lower secondary education, both sexes (number)",SP.SEC.LTOT.IN,11042072
Nigeria,NGA,2010,"School age population, lower secondary education, both sexes (number)",SP.SEC.LTOT.IN,10728594
Nigeria,NGA,2009,"School age population, lower secondary education, both sexes (number)",SP.SEC.LTOT.IN,10429455
Nigeria,NGA,2008,"School age population, lower secondary education, both sexes (number)",SP.SEC.LTOT.IN,10150447
Nigeria,NGA,2007,"School age population, lower secondary education, both sexes (number)",SP.SEC.LTOT.IN,9901731
Nigeria,NGA,2006,"School age population, lower secondary education, both sexes (number)",SP.SEC.LTOT.IN,9690450
Nigeria,NGA,2005,"School age population, lower secondary education, both sexes (number)",SP.SEC.LTOT.IN,9485364
Nigeria,NGA,2004,"School age population, lower secondary education, both sexes (number)",SP.SEC.LTOT.IN,9296496
Nigeria,NGA,2003,"School age population, lower secondary education, both sexes (number)",SP.SEC.LTOT.IN,9123369
Nigeria,NGA,2002,"School age population, lower secondary education, both sexes (number)",SP.SEC.LTOT.IN,8962699
Nigeria,NGA,2001,"School age population, lower secondary education, both sexes (number)",SP.SEC.LTOT.IN,8810607
Nigeria,NGA,2000,"School age population, lower secondary education, both sexes (number)",SP.SEC.LTOT.IN,8640192
Nigeria,NGA,1999,"School age population, lower secondary education, both sexes (number)",SP.SEC.LTOT.IN,8477675
Nigeria,NGA,1998,"School age population, lower secondary education, both sexes (number)",SP.SEC.LTOT.IN,8322768
Nigeria,NGA,1997,"School age population, lower secondary education, both sexes (number)",SP.SEC.LTOT.IN,8162871
Nigeria,NGA,1996,"School age population, lower secondary education, both sexes (number)",SP.SEC.LTOT.IN,7985853
Nigeria,NGA,1995,"School age population, lower secondary education, both sexes (number)",SP.SEC.LTOT.IN,7769357
Nigeria,NGA,1994,"School age population, lower secondary education, both sexes (number)",SP.SEC.LTOT.IN,7555701
Nigeria,NGA,1993,"School age population, lower secondary education, both sexes (number)",SP.SEC.LTOT.IN,7351472
Nigeria,NGA,1992,"School age population, lower secondary education, both sexes (number)",SP.SEC.LTOT.IN,7147625
Nigeria,NGA,1991,"School age population, lower secondary education, both sexes (number)",SP.SEC.LTOT.IN,6935674
Nigeria,NGA,1990,"School age population, lower secondary education, both sexes (number)",SP.SEC.LTOT.IN,6696352
Nigeria,NGA,1989,"School age population, lower secondary education, both sexes (number)",SP.SEC.LTOT.IN,6461436
Nigeria,NGA,1988,"School age population, lower secondary education, both sexes (number)",SP.SEC.LTOT.IN,6239877
Nigeria,NGA,1987,"School age population, lower secondary education, both sexes (number)",SP.SEC.LTOT.IN,6030494
Nigeria,NGA,1986,"School age population, lower secondary education, both sexes (number)",SP.SEC.LTOT.IN,5830132
Nigeria,NGA,1985,"School age population, lower secondary education, both sexes (number)",SP.SEC.LTOT.IN,8992876
Nigeria,NGA,1984,"School age population, lower secondary education, both sexes (number)",SP.SEC.LTOT.IN,8691009
Nigeria,NGA,1983,"School age population, lower secondary education, both sexes (number)",SP.SEC.LTOT.IN,8429180
Nigeria,NGA,1982,"School age population, lower secondary education, both sexes (number)",SP.SEC.LTOT.IN,8201980
Nigeria,NGA,1981,"School age population, lower secondary education, both sexes (number)",SP.SEC.LTOT.IN,8007338
Nigeria,NGA,1980,"School age population, lower secondary education, both sexes (number)",SP.SEC.LTOT.IN,7800457
Nigeria,NGA,1979,"School age population, lower secondary education, both sexes (number)",SP.SEC.LTOT.IN,7592166
Nigeria,NGA,1978,"School age population, lower secondary education, both sexes (number)",SP.SEC.LTOT.IN,7383063
Nigeria,NGA,1977,"School age population, lower secondary education, both sexes (number)",SP.SEC.LTOT.IN,7182518
Nigeria,NGA,1976,"School age population, lower secondary education, both sexes (number)",SP.SEC.LTOT.IN,6994990
Nigeria,NGA,1975,"School age population, lower secondary education, both sexes (number)",SP.SEC.LTOT.IN,6785543
Nigeria,NGA,1974,"School age population, lower secondary education, both sexes (number)",SP.SEC.LTOT.IN,6592720
Nigeria,NGA,1973,"School age population, lower secondary education, both sexes (number)",SP.SEC.LTOT.IN,6417271
Nigeria,NGA,1972,"School age population, lower secondary education, both sexes (number)",SP.SEC.LTOT.IN,6252661
Nigeria,NGA,1971,"School age population, lower secondary education, both sexes (number)",SP.SEC.LTOT.IN,6092871
Nigeria,NGA,1970,"School age population, lower secondary education, both sexes (number)",SP.SEC.LTOT.IN,5913696
Nigeria,NGA,2020,"School age population, lower secondary education, male (number)",SP.SEC.LTOT.MA.IN,7436448
Nigeria,NGA,2019,"School age population, lower secondary education, male (number)",SP.SEC.LTOT.MA.IN,7228200
Nigeria,NGA,2018,"School age population, lower secondary education, male (number)",SP.SEC.LTOT.MA.IN,7020480
Nigeria,NGA,2017,"School age population, lower secondary education, male (number)",SP.SEC.LTOT.MA.IN,6812689
Nigeria,NGA,2016,"School age population, lower secondary education, male (number)",SP.SEC.LTOT.MA.IN,6604487
Nigeria,NGA,2015,"School age population, lower secondary education, male (number)",SP.SEC.LTOT.MA.IN,6387424
Nigeria,NGA,2014,"School age population, lower secondary education, male (number)",SP.SEC.LTOT.MA.IN,6174994
Nigeria,NGA,2013,"School age population, lower secondary education, male (number)",SP.SEC.LTOT.MA.IN,5972876
Nigeria,NGA,2012,"School age population, lower secondary education, male (number)",SP.SEC.LTOT.MA.IN,5784356
Nigeria,NGA,2011,"School age population, lower secondary education, male (number)",SP.SEC.LTOT.MA.IN,5613488
Nigeria,NGA,2010,"School age population, lower secondary education, male (number)",SP.SEC.LTOT.MA.IN,5452427
Nigeria,NGA,2009,"School age population, lower secondary education, male (number)",SP.SEC.LTOT.MA.IN,5299133
Nigeria,NGA,2008,"School age population, lower secondary education, male (number)",SP.SEC.LTOT.MA.IN,5156662
Nigeria,NGA,2007,"School age population, lower secondary education, male (number)",SP.SEC.LTOT.MA.IN,5030068
Nigeria,NGA,2006,"School age population, lower secondary education, male (number)",SP.SEC.LTOT.MA.IN,4922649
Nigeria,NGA,2005,"School age population, lower secondary education, male (number)",SP.SEC.LTOT.MA.IN,4817663
Nigeria,NGA,2004,"School age population, lower secondary education, male (number)",SP.SEC.LTOT.MA.IN,4721325
Nigeria,NGA,2003,"School age population, lower secondary education, male (number)",SP.SEC.LTOT.MA.IN,4633520
Nigeria,NGA,2002,"School age population, lower secondary education, male (number)",SP.SEC.LTOT.MA.IN,4552456
Nigeria,NGA,2001,"School age population, lower secondary education, male (number)",SP.SEC.LTOT.MA.IN,4475914
Nigeria,NGA,2000,"School age population, lower secondary education, male (number)",SP.SEC.LTOT.MA.IN,4389288
Nigeria,NGA,1999,"School age population, lower secondary education, male (number)",SP.SEC.LTOT.MA.IN,4306936
Nigeria,NGA,1998,"School age population, lower secondary education, male (number)",SP.SEC.LTOT.MA.IN,4228690
Nigeria,NGA,1997,"School age population, lower secondary education, male (number)",SP.SEC.LTOT.MA.IN,4147880
Nigeria,NGA,1996,"School age population, lower secondary education, male (number)",SP.SEC.LTOT.MA.IN,4057997
Nigeria,NGA,1995,"School age population, lower secondary education, male (number)",SP.SEC.LTOT.MA.IN,3946542
Nigeria,NGA,1994,"School age population, lower secondary education, male (number)",SP.SEC.LTOT.MA.IN,3836701
Nigeria,NGA,1993,"School age population, lower secondary education, male (number)",SP.SEC.LTOT.MA.IN,3731957
Nigeria,NGA,1992,"School age population, lower secondary education, male (number)",SP.SEC.LTOT.MA.IN,3627621
Nigeria,NGA,1991,"School age population, lower secondary education, male (number)",SP.SEC.LTOT.MA.IN,3519331
Nigeria,NGA,1990,"School age population, lower secondary education, male (number)",SP.SEC.LTOT.MA.IN,3396859
Nigeria,NGA,1989,"School age population, lower secondary education, male (number)",SP.SEC.LTOT.MA.IN,3276629
Nigeria,NGA,1988,"School age population, lower secondary education, male (number)",SP.SEC.LTOT.MA.IN,3163168
Nigeria,NGA,1987,"School age population, lower secondary education, male (number)",SP.SEC.LTOT.MA.IN,3055752
Nigeria,NGA,1986,"School age population, lower secondary education, male (number)",SP.SEC.LTOT.MA.IN,2952618
Nigeria,NGA,1985,"School age population, lower secondary education, male (number)",SP.SEC.LTOT.MA.IN,4544725
Nigeria,NGA,1984,"School age population, lower secondary education, male (number)",SP.SEC.LTOT.MA.IN,4389750
Nigeria,NGA,1983,"School age population, lower secondary education, male (number)",SP.SEC.LTOT.MA.IN,4256890
Nigeria,NGA,1982,"School age population, lower secondary education, male (number)",SP.SEC.LTOT.MA.IN,4142584
Nigeria,NGA,1981,"School age population, lower secondary education, male (number)",SP.SEC.LTOT.MA.IN,4045336
Nigeria,NGA,1980,"School age population, lower secondary education, male (number)",SP.SEC.LTOT.MA.IN,3941612
Nigeria,NGA,1979,"School age population, lower secondary education, male (number)",SP.SEC.LTOT.MA.IN,3835341
Nigeria,NGA,1978,"School age population, lower secondary education, male (number)",SP.SEC.LTOT.MA.IN,3727092
Nigeria,NGA,1977,"School age population, lower secondary education, male (number)",SP.SEC.LTOT.MA.IN,3622610
Nigeria,NGA,1976,"School age population, lower secondary education, male (number)",SP.SEC.LTOT.MA.IN,3524901
Nigeria,NGA,1975,"School age population, lower secondary education, male (number)",SP.SEC.LTOT.MA.IN,3416381
Nigeria,NGA,1974,"School age population, lower secondary education, male (number)",SP.SEC.LTOT.MA.IN,3316793
Nigeria,NGA,1973,"School age population, lower secondary education, male (number)",SP.SEC.LTOT.MA.IN,3226282
Nigeria,NGA,1972,"School age population, lower secondary education, male (number)",SP.SEC.LTOT.MA.IN,3141134
Nigeria,NGA,1971,"School age population, lower secondary education, male (number)",SP.SEC.LTOT.MA.IN,3057760
Nigeria,NGA,1970,"School age population, lower secondary education, male (number)",SP.SEC.LTOT.MA.IN,2964419
Nigeria,NGA,2020,"School age population, secondary education, female (number)",SP.SEC.TOTL.FE.IN,13634139
Nigeria,NGA,2019,"School age population, secondary education, female (number)",SP.SEC.TOTL.FE.IN,13231727
Nigeria,NGA,2018,"School age population, secondary education, female (number)",SP.SEC.TOTL.FE.IN,12830112
Nigeria,NGA,2017,"School age population, secondary education, female (number)",SP.SEC.TOTL.FE.IN,12437726
Nigeria,NGA,2016,"School age population, secondary education, female (number)",SP.SEC.TOTL.FE.IN,12061486
Nigeria,NGA,2015,"School age population, secondary education, female (number)",SP.SEC.TOTL.FE.IN,11675295
Nigeria,NGA,2014,"School age population, secondary education, female (number)",SP.SEC.TOTL.FE.IN,11307608
Nigeria,NGA,2013,"School age population, secondary education, female (number)",SP.SEC.TOTL.FE.IN,10963935
Nigeria,NGA,2012,"School age population, secondary education, female (number)",SP.SEC.TOTL.FE.IN,10645912
Nigeria,NGA,2011,"School age population, secondary education, female (number)",SP.SEC.TOTL.FE.IN,10357865
Nigeria,NGA,2010,"School age population, secondary education, female (number)",SP.SEC.TOTL.FE.IN,10078939
Nigeria,NGA,2009,"School age population, secondary education, female (number)",SP.SEC.TOTL.FE.IN,9819066
Nigeria,NGA,2008,"School age population, secondary education, female (number)",SP.SEC.TOTL.FE.IN,9581829
Nigeria,NGA,2007,"School age population, secondary education, female (number)",SP.SEC.TOTL.FE.IN,9372856
Nigeria,NGA,2006,"School age population, secondary education, female (number)",SP.SEC.TOTL.FE.IN,9194862
Nigeria,NGA,2005,"School age population, secondary education, female (number)",SP.SEC.TOTL.FE.IN,9009066
Nigeria,NGA,2004,"School age population, secondary education, female (number)",SP.SEC.TOTL.FE.IN,8832685
Nigeria,NGA,2003,"School age population, secondary education, female (number)",SP.SEC.TOTL.FE.IN,8667733
Nigeria,NGA,2002,"School age population, secondary education, female (number)",SP.SEC.TOTL.FE.IN,8516180
Nigeria,NGA,2001,"School age population, secondary education, female (number)",SP.SEC.TOTL.FE.IN,8375174
Nigeria,NGA,2000,"School age population, secondary education, female (number)",SP.SEC.TOTL.FE.IN,8206998
Nigeria,NGA,1999,"School age population, secondary education, female (number)",SP.SEC.TOTL.FE.IN,8033077
Nigeria,NGA,1998,"School age population, secondary education, female (number)",SP.SEC.TOTL.FE.IN,7857750
Nigeria,NGA,1997,"School age population, secondary education, female (number)",SP.SEC.TOTL.FE.IN,7682139
Nigeria,NGA,1996,"School age population, secondary education, female (number)",SP.SEC.TOTL.FE.IN,7503707
Nigeria,NGA,1995,"School age population, secondary education, female (number)",SP.SEC.TOTL.FE.IN,7293396
Nigeria,NGA,1994,"School age population, secondary education, female (number)",SP.SEC.TOTL.FE.IN,7080489
Nigeria,NGA,1993,"School age population, secondary education, female (number)",SP.SEC.TOTL.FE.IN,6870550
Nigeria,NGA,1992,"School age population, secondary education, female (number)",SP.SEC.TOTL.FE.IN,6663539
Nigeria,NGA,1991,"School age population, secondary education, female (number)",SP.SEC.TOTL.FE.IN,6458573
Nigeria,NGA,1990,"School age population, secondary education, female (number)",SP.SEC.TOTL.FE.IN,6233737
Nigeria,NGA,1989,"School age population, secondary education, female (number)",SP.SEC.TOTL.FE.IN,6014273
Nigeria,NGA,1988,"School age population, secondary education, female (number)",SP.SEC.TOTL.FE.IN,5805493
Nigeria,NGA,1987,"School age population, secondary education, female (number)",SP.SEC.TOTL.FE.IN,5608996
Nigeria,NGA,1986,"School age population, secondary education, female (number)",SP.SEC.TOTL.FE.IN,5427409
Nigeria,NGA,1985,"School age population, secondary education, female (number)",SP.SEC.TOTL.FE.IN,6010400
Nigeria,NGA,1984,"School age population, secondary education, female (number)",SP.SEC.TOTL.FE.IN,5825687
Nigeria,NGA,1983,"School age population, secondary education, female (number)",SP.SEC.TOTL.FE.IN,5663785
Nigeria,NGA,1982,"School age population, secondary education, female (number)",SP.SEC.TOTL.FE.IN,5521216
Nigeria,NGA,1981,"School age population, secondary education, female (number)",SP.SEC.TOTL.FE.IN,5393510
Nigeria,NGA,1980,"School age population, secondary education, female (number)",SP.SEC.TOTL.FE.IN,5249123
Nigeria,NGA,1979,"School age population, secondary education, female (number)",SP.SEC.TOTL.FE.IN,5105175
Nigeria,NGA,1978,"School age population, secondary education, female (number)",SP.SEC.TOTL.FE.IN,4965382
Nigeria,NGA,1977,"School age population, secondary education, female (number)",SP.SEC.TOTL.FE.IN,4833324
Nigeria,NGA,1976,"School age population, secondary education, female (number)",SP.SEC.TOTL.FE.IN,4709247
Nigeria,NGA,1975,"School age population, secondary education, female (number)",SP.SEC.TOTL.FE.IN,4570236
Nigeria,NGA,1974,"School age population, secondary education, female (number)",SP.SEC.TOTL.FE.IN,4441705
Nigeria,NGA,1973,"School age population, secondary education, female (number)",SP.SEC.TOTL.FE.IN,4325470
Nigeria,NGA,1972,"School age population, secondary education, female (number)",SP.SEC.TOTL.FE.IN,4218907
Nigeria,NGA,1971,"School age population, secondary education, female (number)",SP.SEC.TOTL.FE.IN,4120059
Nigeria,NGA,1970,"School age population, secondary education, female (number)",SP.SEC.TOTL.FE.IN,4010421
Nigeria,NGA,2020,"School age population, secondary education, both sexes (number)",SP.SEC.TOTL.IN,27795284
Nigeria,NGA,2019,"School age population, secondary education, both sexes (number)",SP.SEC.TOTL.IN,26966917
Nigeria,NGA,2018,"School age population, secondary education, both sexes (number)",SP.SEC.TOTL.IN,26140623
Nigeria,NGA,2017,"School age population, secondary education, both sexes (number)",SP.SEC.TOTL.IN,25332934
Nigeria,NGA,2016,"School age population, secondary education, both sexes (number)",SP.SEC.TOTL.IN,24557555
Nigeria,NGA,2015,"School age population, secondary education, both sexes (number)",SP.SEC.TOTL.IN,23761342
Nigeria,NGA,2014,"School age population, secondary education, both sexes (number)",SP.SEC.TOTL.IN,23004504
Nigeria,NGA,2013,"School age population, secondary education, both sexes (number)",SP.SEC.TOTL.IN,22298129
Nigeria,NGA,2012,"School age population, secondary education, both sexes (number)",SP.SEC.TOTL.IN,21644940
Nigeria,NGA,2011,"School age population, secondary education, both sexes (number)",SP.SEC.TOTL.IN,21053414
Nigeria,NGA,2010,"School age population, secondary education, both sexes (number)",SP.SEC.TOTL.IN,20481977
Nigeria,NGA,2009,"School age population, secondary education, both sexes (number)",SP.SEC.TOTL.IN,19950953
Nigeria,NGA,2008,"School age population, secondary education, both sexes (number)",SP.SEC.TOTL.IN,19467205
Nigeria,NGA,2007,"School age population, secondary education, both sexes (number)",SP.SEC.TOTL.IN,19041725
Nigeria,NGA,2006,"School age population, secondary education, both sexes (number)",SP.SEC.TOTL.IN,18679667
Nigeria,NGA,2005,"School age population, secondary education, both sexes (number)",SP.SEC.TOTL.IN,18300896
Nigeria,NGA,2004,"School age population, secondary education, both sexes (number)",SP.SEC.TOTL.IN,17942898
Nigeria,NGA,2003,"School age population, secondary education, both sexes (number)",SP.SEC.TOTL.IN,17609450
Nigeria,NGA,2002,"School age population, secondary education, both sexes (number)",SP.SEC.TOTL.IN,17303992
Nigeria,NGA,2001,"School age population, secondary education, both sexes (number)",SP.SEC.TOTL.IN,17019964
Nigeria,NGA,2000,"School age population, secondary education, both sexes (number)",SP.SEC.TOTL.IN,16677948
Nigeria,NGA,1999,"School age population, secondary education, both sexes (number)",SP.SEC.TOTL.IN,16323952
Nigeria,NGA,1998,"School age population, secondary education, both sexes (number)",SP.SEC.TOTL.IN,15966887
Nigeria,NGA,1997,"School age population, secondary education, both sexes (number)",SP.SEC.TOTL.IN,15608973
Nigeria,NGA,1996,"School age population, secondary education, both sexes (number)",SP.SEC.TOTL.IN,15244882
Nigeria,NGA,1995,"School age population, secondary education, both sexes (number)",SP.SEC.TOTL.IN,14811790
Nigeria,NGA,1994,"School age population, secondary education, both sexes (number)",SP.SEC.TOTL.IN,14374688
Nigeria,NGA,1993,"School age population, secondary education, both sexes (number)",SP.SEC.TOTL.IN,13944926
Nigeria,NGA,1992,"School age population, secondary education, both sexes (number)",SP.SEC.TOTL.IN,13521950
Nigeria,NGA,1991,"School age population, secondary education, both sexes (number)",SP.SEC.TOTL.IN,13103234
Nigeria,NGA,1990,"School age population, secondary education, both sexes (number)",SP.SEC.TOTL.IN,12641687
Nigeria,NGA,1989,"School age population, secondary education, both sexes (number)",SP.SEC.TOTL.IN,12189421
Nigeria,NGA,1988,"School age population, secondary education, both sexes (number)",SP.SEC.TOTL.IN,11758046
Nigeria,NGA,1987,"School age population, secondary education, both sexes (number)",SP.SEC.TOTL.IN,11351669
Nigeria,NGA,1986,"School age population, secondary education, both sexes (number)",SP.SEC.TOTL.IN,10976555
Nigeria,NGA,1985,"School age population, secondary education, both sexes (number)",SP.SEC.TOTL.IN,12141462
Nigeria,NGA,1984,"School age population, secondary education, both sexes (number)",SP.SEC.TOTL.IN,11765383
Nigeria,NGA,1983,"School age population, secondary education, both sexes (number)",SP.SEC.TOTL.IN,11439784
Nigeria,NGA,1982,"School age population, secondary education, both sexes (number)",SP.SEC.TOTL.IN,11155352
Nigeria,NGA,1981,"School age population, secondary education, both sexes (number)",SP.SEC.TOTL.IN,10901030
Nigeria,NGA,1980,"School age population, secondary education, both sexes (number)",SP.SEC.TOTL.IN,10609062
Nigeria,NGA,1979,"School age population, secondary education, both sexes (number)",SP.SEC.TOTL.IN,10313120
Nigeria,NGA,1978,"School age population, secondary education, both sexes (number)",SP.SEC.TOTL.IN,10022253
Nigeria,NGA,1977,"School age population, secondary education, both sexes (number)",SP.SEC.TOTL.IN,9745700
Nigeria,NGA,1976,"School age population, secondary education, both sexes (number)",SP.SEC.TOTL.IN,9485091
Nigeria,NGA,1975,"School age population, secondary education, both sexes (number)",SP.SEC.TOTL.IN,9195246
Nigeria,NGA,1974,"School age population, secondary education, both sexes (number)",SP.SEC.TOTL.IN,8928154
Nigeria,NGA,1973,"School age population, secondary education, both sexes (number)",SP.SEC.TOTL.IN,8686907
Nigeria,NGA,1972,"School age population, secondary education, both sexes (number)",SP.SEC.TOTL.IN,8466476
Nigeria,NGA,1971,"School age population, secondary education, both sexes (number)",SP.SEC.TOTL.IN,8264067
Nigeria,NGA,1970,"School age population, secondary education, both sexes (number)",SP.SEC.TOTL.IN,8042958
Nigeria,NGA,2020,"School age population, secondary education, male (number)",SP.SEC.TOTL.MA.IN,14161145
Nigeria,NGA,2019,"School age population, secondary education, male (number)",SP.SEC.TOTL.MA.IN,13735190
Nigeria,NGA,2018,"School age population, secondary education, male (number)",SP.SEC.TOTL.MA.IN,13310511
Nigeria,NGA,2017,"School age population, secondary education, male (number)",SP.SEC.TOTL.MA.IN,12895208
Nigeria,NGA,2016,"School age population, secondary education, male (number)",SP.SEC.TOTL.MA.IN,12496069
Nigeria,NGA,2015,"School age population, secondary education, male (number)",SP.SEC.TOTL.MA.IN,12086047
Nigeria,NGA,2014,"School age population, secondary education, male (number)",SP.SEC.TOTL.MA.IN,11696896
Nigeria,NGA,2013,"School age population, secondary education, male (number)",SP.SEC.TOTL.MA.IN,11334194
Nigeria,NGA,2012,"School age population, secondary education, male (number)",SP.SEC.TOTL.MA.IN,10999028
Nigeria,NGA,2011,"School age population, secondary education, male (number)",SP.SEC.TOTL.MA.IN,10695549
Nigeria,NGA,2010,"School age population, secondary education, male (number)",SP.SEC.TOTL.MA.IN,10403038
Nigeria,NGA,2009,"School age population, secondary education, male (number)",SP.SEC.TOTL.MA.IN,10131887
Nigeria,NGA,2008,"School age population, secondary education, male (number)",SP.SEC.TOTL.MA.IN,9885376
Nigeria,NGA,2007,"School age population, secondary education, male (number)",SP.SEC.TOTL.MA.IN,9668869
Nigeria,NGA,2006,"School age population, secondary education, male (number)",SP.SEC.TOTL.MA.IN,9484805
Nigeria,NGA,2005,"School age population, secondary education, male (number)",SP.SEC.TOTL.MA.IN,9291830
Nigeria,NGA,2004,"School age population, secondary education, male (number)",SP.SEC.TOTL.MA.IN,9110213
Nigeria,NGA,2003,"School age population, secondary education, male (number)",SP.SEC.TOTL.MA.IN,8941717
Nigeria,NGA,2002,"School age population, secondary education, male (number)",SP.SEC.TOTL.MA.IN,8787812
Nigeria,NGA,2001,"School age population, secondary education, male (number)",SP.SEC.TOTL.MA.IN,8644790
Nigeria,NGA,2000,"School age population, secondary education, male (number)",SP.SEC.TOTL.MA.IN,8470950
Nigeria,NGA,1999,"School age population, secondary education, male (number)",SP.SEC.TOTL.MA.IN,8290875
Nigeria,NGA,1998,"School age population, secondary education, male (number)",SP.SEC.TOTL.MA.IN,8109137
Nigeria,NGA,1997,"School age population, secondary education, male (number)",SP.SEC.TOTL.MA.IN,7926834
Nigeria,NGA,1996,"School age population, secondary education, male (number)",SP.SEC.TOTL.MA.IN,7741175
Nigeria,NGA,1995,"School age population, secondary education, male (number)",SP.SEC.TOTL.MA.IN,7518394
Nigeria,NGA,1994,"School age population, secondary education, male (number)",SP.SEC.TOTL.MA.IN,7294199
Nigeria,NGA,1993,"School age population, secondary education, male (number)",SP.SEC.TOTL.MA.IN,7074376
Nigeria,NGA,1992,"School age population, secondary education, male (number)",SP.SEC.TOTL.MA.IN,6858411
Nigeria,NGA,1991,"School age population, secondary education, male (number)",SP.SEC.TOTL.MA.IN,6644661
Nigeria,NGA,1990,"School age population, secondary education, male (number)",SP.SEC.TOTL.MA.IN,6407950
Nigeria,NGA,1989,"School age population, secondary education, male (number)",SP.SEC.TOTL.MA.IN,6175148
Nigeria,NGA,1988,"School age population, secondary education, male (number)",SP.SEC.TOTL.MA.IN,5952553
Nigeria,NGA,1987,"School age population, secondary education, male (number)",SP.SEC.TOTL.MA.IN,5742673
Nigeria,NGA,1986,"School age population, secondary education, male (number)",SP.SEC.TOTL.MA.IN,5549146
Nigeria,NGA,1985,"School age population, secondary education, male (number)",SP.SEC.TOTL.MA.IN,6131062
Nigeria,NGA,1984,"School age population, secondary education, male (number)",SP.SEC.TOTL.MA.IN,5939696
Nigeria,NGA,1983,"School age population, secondary education, male (number)",SP.SEC.TOTL.MA.IN,5775999
Nigeria,NGA,1982,"School age population, secondary education, male (number)",SP.SEC.TOTL.MA.IN,5634136
Nigeria,NGA,1981,"School age population, secondary education, male (number)",SP.SEC.TOTL.MA.IN,5507520
Nigeria,NGA,1980,"School age population, secondary education, male (number)",SP.SEC.TOTL.MA.IN,5359939
Nigeria,NGA,1979,"School age population, secondary education, male (number)",SP.SEC.TOTL.MA.IN,5207945
Nigeria,NGA,1978,"School age population, secondary education, male (number)",SP.SEC.TOTL.MA.IN,5056871
Nigeria,NGA,1977,"School age population, secondary education, male (number)",SP.SEC.TOTL.MA.IN,4912376
Nigeria,NGA,1976,"School age population, secondary education, male (number)",SP.SEC.TOTL.MA.IN,4775844
Nigeria,NGA,1975,"School age population, secondary education, male (number)",SP.SEC.TOTL.MA.IN,4625010
Nigeria,NGA,1974,"School age population, secondary education, male (number)",SP.SEC.TOTL.MA.IN,4486449
Nigeria,NGA,1973,"School age population, secondary education, male (number)",SP.SEC.TOTL.MA.IN,4361437
Nigeria,NGA,1972,"School age population, secondary education, male (number)",SP.SEC.TOTL.MA.IN,4247569
Nigeria,NGA,1971,"School age population, secondary education, male (number)",SP.SEC.TOTL.MA.IN,4144008
Nigeria,NGA,1970,"School age population, secondary education, male (number)",SP.SEC.TOTL.MA.IN,4032537
Nigeria,NGA,2020,"School age population, upper secondary education, female (number)",SP.SEC.UTOT.FE.IN,6484612
Nigeria,NGA,2019,"School age population, upper secondary education, female (number)",SP.SEC.UTOT.FE.IN,6278642
Nigeria,NGA,2018,"School age population, upper secondary education, female (number)",SP.SEC.UTOT.FE.IN,6073795
Nigeria,NGA,2017,"School age population, upper secondary education, female (number)",SP.SEC.UTOT.FE.IN,5878347
Nigeria,NGA,2016,"School age population, upper secondary education, female (number)",SP.SEC.UTOT.FE.IN,5698640
Nigeria,NGA,2015,"School age population, upper secondary education, female (number)",SP.SEC.UTOT.FE.IN,5515927
Nigeria,NGA,2014,"School age population, upper secondary education, female (number)",SP.SEC.UTOT.FE.IN,5347837
Nigeria,NGA,2013,"School age population, upper secondary education, female (number)",SP.SEC.UTOT.FE.IN,5194889
Nigeria,NGA,2012,"School age population, upper secondary education, female (number)",SP.SEC.UTOT.FE.IN,5055370
Nigeria,NGA,2011,"School age population, upper secondary education, female (number)",SP.SEC.UTOT.FE.IN,4929281
Nigeria,NGA,2010,"School age population, upper secondary education, female (number)",SP.SEC.UTOT.FE.IN,4802772
Nigeria,NGA,2009,"School age population, upper secondary education, female (number)",SP.SEC.UTOT.FE.IN,4688744
Nigeria,NGA,2008,"School age population, upper secondary education, female (number)",SP.SEC.UTOT.FE.IN,4588044
Nigeria,NGA,2007,"School age population, upper secondary education, female (number)",SP.SEC.UTOT.FE.IN,4501193
Nigeria,NGA,2006,"School age population, upper secondary education, female (number)",SP.SEC.UTOT.FE.IN,4427061
Nigeria,NGA,2005,"School age population, upper secondary education, female (number)",SP.SEC.UTOT.FE.IN,4341365
Nigeria,NGA,2004,"School age population, upper secondary education, female (number)",SP.SEC.UTOT.FE.IN,4257514
Nigeria,NGA,2003,"School age population, upper secondary education, female (number)",SP.SEC.UTOT.FE.IN,4177884
Nigeria,NGA,2002,"School age population, upper secondary education, female (number)",SP.SEC.UTOT.FE.IN,4105937
Nigeria,NGA,2001,"School age population, upper secondary education, female (number)",SP.SEC.UTOT.FE.IN,4040481
Nigeria,NGA,2000,"School age population, upper secondary education, female (number)",SP.SEC.UTOT.FE.IN,3956094
Nigeria,NGA,1999,"School age population, upper secondary education, female (number)",SP.SEC.UTOT.FE.IN,3862338
Nigeria,NGA,1998,"School age population, upper secondary education, female (number)",SP.SEC.UTOT.FE.IN,3763672
Nigeria,NGA,1997,"School age population, upper secondary education, female (number)",SP.SEC.UTOT.FE.IN,3667148
Nigeria,NGA,1996,"School age population, upper secondary education, female (number)",SP.SEC.UTOT.FE.IN,3575851
Nigeria,NGA,1995,"School age population, upper secondary education, female (number)",SP.SEC.UTOT.FE.IN,3470581
Nigeria,NGA,1994,"School age population, upper secondary education, female (number)",SP.SEC.UTOT.FE.IN,3361489
Nigeria,NGA,1993,"School age population, upper secondary education, female (number)",SP.SEC.UTOT.FE.IN,3251035
Nigeria,NGA,1992,"School age population, upper secondary education, female (number)",SP.SEC.UTOT.FE.IN,3143535
Nigeria,NGA,1991,"School age population, upper secondary education, female (number)",SP.SEC.UTOT.FE.IN,3042230
Nigeria,NGA,1990,"School age population, upper secondary education, female (number)",SP.SEC.UTOT.FE.IN,2934244
Nigeria,NGA,1989,"School age population, upper secondary education, female (number)",SP.SEC.UTOT.FE.IN,2829466
Nigeria,NGA,1988,"School age population, upper secondary education, female (number)",SP.SEC.UTOT.FE.IN,2728784
Nigeria,NGA,1987,"School age population, upper secondary education, female (number)",SP.SEC.UTOT.FE.IN,2634254
Nigeria,NGA,1986,"School age population, upper secondary education, female (number)",SP.SEC.UTOT.FE.IN,2549895
Nigeria,NGA,1985,"School age population, upper secondary education, female (number)",SP.SEC.UTOT.FE.IN,1562249
Nigeria,NGA,1984,"School age population, upper secondary education, female (number)",SP.SEC.UTOT.FE.IN,1524428
Nigeria,NGA,1983,"School age population, upper secondary education, female (number)",SP.SEC.UTOT.FE.IN,1491495
Nigeria,NGA,1982,"School age population, upper secondary education, female (number)",SP.SEC.UTOT.FE.IN,1461820
Nigeria,NGA,1981,"School age population, upper secondary education, female (number)",SP.SEC.UTOT.FE.IN,1431508
Nigeria,NGA,1980,"School age population, upper secondary education, female (number)",SP.SEC.UTOT.FE.IN,1390278
Nigeria,NGA,1979,"School age population, upper secondary education, female (number)",SP.SEC.UTOT.FE.IN,1348350
Nigeria,NGA,1978,"School age population, upper secondary education, female (number)",SP.SEC.UTOT.FE.IN,1309411
Nigeria,NGA,1977,"School age population, upper secondary education, female (number)",SP.SEC.UTOT.FE.IN,1273416
Nigeria,NGA,1976,"School age population, upper secondary education, female (number)",SP.SEC.UTOT.FE.IN,1239158
Nigeria,NGA,1975,"School age population, upper secondary education, female (number)",SP.SEC.UTOT.FE.IN,1201074
Nigeria,NGA,1974,"School age population, upper secondary education, female (number)",SP.SEC.UTOT.FE.IN,1165778
Nigeria,NGA,1973,"School age population, upper secondary education, female (number)",SP.SEC.UTOT.FE.IN,1134481
Nigeria,NGA,1972,"School age population, upper secondary education, female (number)",SP.SEC.UTOT.FE.IN,1107380
Nigeria,NGA,1971,"School age population, upper secondary education, female (number)",SP.SEC.UTOT.FE.IN,1084948
Nigeria,NGA,1970,"School age population, upper secondary education, female (number)",SP.SEC.UTOT.FE.IN,1061144
Nigeria,NGA,2020,"School age population, upper secondary education, both sexes (number)",SP.SEC.UTOT.IN,13209309
Nigeria,NGA,2019,"School age population, upper secondary education, both sexes (number)",SP.SEC.UTOT.IN,12785632
Nigeria,NGA,2018,"School age population, upper secondary education, both sexes (number)",SP.SEC.UTOT.IN,12363826
Nigeria,NGA,2017,"School age population, upper secondary education, both sexes (number)",SP.SEC.UTOT.IN,11960866
Nigeria,NGA,2016,"School age population, upper secondary education, both sexes (number)",SP.SEC.UTOT.IN,11590222
Nigeria,NGA,2015,"School age population, upper secondary education, both sexes (number)",SP.SEC.UTOT.IN,11214550
Nigeria,NGA,2014,"School age population, upper secondary education, both sexes (number)",SP.SEC.UTOT.IN,10869739
Nigeria,NGA,2013,"School age population, upper secondary education, both sexes (number)",SP.SEC.UTOT.IN,10556207
Nigeria,NGA,2012,"School age population, upper secondary education, both sexes (number)",SP.SEC.UTOT.IN,10270042
Nigeria,NGA,2011,"School age population, upper secondary education, both sexes (number)",SP.SEC.UTOT.IN,10011342
Nigeria,NGA,2010,"School age population, upper secondary education, both sexes (number)",SP.SEC.UTOT.IN,9753383
Nigeria,NGA,2009,"School age population, upper secondary education, both sexes (number)",SP.SEC.UTOT.IN,9521498
Nigeria,NGA,2008,"School age population, upper secondary education, both sexes (number)",SP.SEC.UTOT.IN,9316758
Nigeria,NGA,2007,"School age population, upper secondary education, both sexes (number)",SP.SEC.UTOT.IN,9139994
Nigeria,NGA,2006,"School age population, upper secondary education, both sexes (number)",SP.SEC.UTOT.IN,8989217
Nigeria,NGA,2005,"School age population, upper secondary education, both sexes (number)",SP.SEC.UTOT.IN,8815532
Nigeria,NGA,2004,"School age population, upper secondary education, both sexes (number)",SP.SEC.UTOT.IN,8646402
Nigeria,NGA,2003,"School age population, upper secondary education, both sexes (number)",SP.SEC.UTOT.IN,8486081
Nigeria,NGA,2002,"School age population, upper secondary education, both sexes (number)",SP.SEC.UTOT.IN,8341293
Nigeria,NGA,2001,"School age population, upper secondary education, both sexes (number)",SP.SEC.UTOT.IN,8209357
Nigeria,NGA,2000,"School age population, upper secondary education, both sexes (number)",SP.SEC.UTOT.IN,8037756
Nigeria,NGA,1999,"School age population, upper secondary education, both sexes (number)",SP.SEC.UTOT.IN,7846277
Nigeria,NGA,1998,"School age population, upper secondary education, both sexes (number)",SP.SEC.UTOT.IN,7644119
Nigeria,NGA,1997,"School age population, upper secondary education, both sexes (number)",SP.SEC.UTOT.IN,7446102
Nigeria,NGA,1996,"School age population, upper secondary education, both sexes (number)",SP.SEC.UTOT.IN,7259029
Nigeria,NGA,1995,"School age population, upper secondary education, both sexes (number)",SP.SEC.UTOT.IN,7042433
Nigeria,NGA,1994,"School age population, upper secondary education, both sexes (number)",SP.SEC.UTOT.IN,6818987
Nigeria,NGA,1993,"School age population, upper secondary education, both sexes (number)",SP.SEC.UTOT.IN,6593454
Nigeria,NGA,1992,"School age population, upper secondary education, both sexes (number)",SP.SEC.UTOT.IN,6374325
Nigeria,NGA,1991,"School age population, upper secondary education, both sexes (number)",SP.SEC.UTOT.IN,6167560
Nigeria,NGA,1990,"School age population, upper secondary education, both sexes (number)",SP.SEC.UTOT.IN,5945335
Nigeria,NGA,1989,"School age population, upper secondary education, both sexes (number)",SP.SEC.UTOT.IN,5727985
Nigeria,NGA,1988,"School age population, upper secondary education, both sexes (number)",SP.SEC.UTOT.IN,5518169
Nigeria,NGA,1987,"School age population, upper secondary education, both sexes (number)",SP.SEC.UTOT.IN,5321175
Nigeria,NGA,1986,"School age population, upper secondary education, both sexes (number)",SP.SEC.UTOT.IN,5146423
Nigeria,NGA,1985,"School age population, upper secondary education, both sexes (number)",SP.SEC.UTOT.IN,3148586
Nigeria,NGA,1984,"School age population, upper secondary education, both sexes (number)",SP.SEC.UTOT.IN,3074374
Nigeria,NGA,1983,"School age population, upper secondary education, both sexes (number)",SP.SEC.UTOT.IN,3010604
Nigeria,NGA,1982,"School age population, upper secondary education, both sexes (number)",SP.SEC.UTOT.IN,2953372
Nigeria,NGA,1981,"School age population, upper secondary education, both sexes (number)",SP.SEC.UTOT.IN,2893692
Nigeria,NGA,1980,"School age population, upper secondary education, both sexes (number)",SP.SEC.UTOT.IN,2808605
Nigeria,NGA,1979,"School age population, upper secondary education, both sexes (number)",SP.SEC.UTOT.IN,2720954
Nigeria,NGA,1978,"School age population, upper secondary education, both sexes (number)",SP.SEC.UTOT.IN,2639190
Nigeria,NGA,1977,"School age population, upper secondary education, both sexes (number)",SP.SEC.UTOT.IN,2563182
Nigeria,NGA,1976,"School age population, upper secondary education, both sexes (number)",SP.SEC.UTOT.IN,2490101
Nigeria,NGA,1975,"School age population, upper secondary education, both sexes (number)",SP.SEC.UTOT.IN,2409703
Nigeria,NGA,1974,"School age population, upper secondary education, both sexes (number)",SP.SEC.UTOT.IN,2335434
Nigeria,NGA,1973,"School age population, upper secondary education, both sexes (number)",SP.SEC.UTOT.IN,2269636
Nigeria,NGA,1972,"School age population, upper secondary education, both sexes (number)",SP.SEC.UTOT.IN,2213815
Nigeria,NGA,1971,"School age population, upper secondary education, both sexes (number)",SP.SEC.UTOT.IN,2171196
Nigeria,NGA,1970,"School age population, upper secondary education, both sexes (number)",SP.SEC.UTOT.IN,2129262
Nigeria,NGA,2020,"School age population, upper secondary education, male (number)",SP.SEC.UTOT.MA.IN,6724697
Nigeria,NGA,2019,"School age population, upper secondary education, male (number)",SP.SEC.UTOT.MA.IN,6506990
Nigeria,NGA,2018,"School age population, upper secondary education, male (number)",SP.SEC.UTOT.MA.IN,6290031
Nigeria,NGA,2017,"School age population, upper secondary education, male (number)",SP.SEC.UTOT.MA.IN,6082519
Nigeria,NGA,2016,"School age population, upper secondary education, male (number)",SP.SEC.UTOT.MA.IN,5891582
Nigeria,NGA,2015,"School age population, upper secondary education, male (number)",SP.SEC.UTOT.MA.IN,5698623
Nigeria,NGA,2014,"School age population, upper secondary education, male (number)",SP.SEC.UTOT.MA.IN,5521902
Nigeria,NGA,2013,"School age population, upper secondary education, male (number)",SP.SEC.UTOT.MA.IN,5361318
Nigeria,NGA,2012,"School age population, upper secondary education, male (number)",SP.SEC.UTOT.MA.IN,5214672
Nigeria,NGA,2011,"School age population, upper secondary education, male (number)",SP.SEC.UTOT.MA.IN,5082061
Nigeria,NGA,2010,"School age population, upper secondary education, male (number)",SP.SEC.UTOT.MA.IN,4950611
Nigeria,NGA,2009,"School age population, upper secondary education, male (number)",SP.SEC.UTOT.MA.IN,4832754
Nigeria,NGA,2008,"School age population, upper secondary education, male (number)",SP.SEC.UTOT.MA.IN,4728714
Nigeria,NGA,2007,"School age population, upper secondary education, male (number)",SP.SEC.UTOT.MA.IN,4638801
Nigeria,NGA,2006,"School age population, upper secondary education, male (number)",SP.SEC.UTOT.MA.IN,4562156
Nigeria,NGA,2005,"School age population, upper secondary education, male (number)",SP.SEC.UTOT.MA.IN,4474167
Nigeria,NGA,2004,"School age population, upper secondary education, male (number)",SP.SEC.UTOT.MA.IN,4388888
Nigeria,NGA,2003,"School age population, upper secondary education, male (number)",SP.SEC.UTOT.MA.IN,4308197
Nigeria,NGA,2002,"School age population, upper secondary education, male (number)",SP.SEC.UTOT.MA.IN,4235356
Nigeria,NGA,2001,"School age population, upper secondary education, male (number)",SP.SEC.UTOT.MA.IN,4168876
Nigeria,NGA,2000,"School age population, upper secondary education, male (number)",SP.SEC.UTOT.MA.IN,4081662
Nigeria,NGA,1999,"School age population, upper secondary education, male (number)",SP.SEC.UTOT.MA.IN,3983939
Nigeria,NGA,1998,"School age population, upper secondary education, male (number)",SP.SEC.UTOT.MA.IN,3880447
Nigeria,NGA,1997,"School age population, upper secondary education, male (number)",SP.SEC.UTOT.MA.IN,3778954
Nigeria,NGA,1996,"School age population, upper secondary education, male (number)",SP.SEC.UTOT.MA.IN,3683178
Nigeria,NGA,1995,"School age population, upper secondary education, male (number)",SP.SEC.UTOT.MA.IN,3571852
Nigeria,NGA,1994,"School age population, upper secondary education, male (number)",SP.SEC.UTOT.MA.IN,3457498
Nigeria,NGA,1993,"School age population, upper secondary education, male (number)",SP.SEC.UTOT.MA.IN,3342419
Nigeria,NGA,1992,"School age population, upper secondary education, male (number)",SP.SEC.UTOT.MA.IN,3230790
Nigeria,NGA,1991,"School age population, upper secondary education, male (number)",SP.SEC.UTOT.MA.IN,3125330
Nigeria,NGA,1990,"School age population, upper secondary education, male (number)",SP.SEC.UTOT.MA.IN,3011091
Nigeria,NGA,1989,"School age population, upper secondary education, male (number)",SP.SEC.UTOT.MA.IN,2898519
Nigeria,NGA,1988,"School age population, upper secondary education, male (number)",SP.SEC.UTOT.MA.IN,2789385
Nigeria,NGA,1987,"School age population, upper secondary education, male (number)",SP.SEC.UTOT.MA.IN,2686921
Nigeria,NGA,1986,"School age population, upper secondary education, male (number)",SP.SEC.UTOT.MA.IN,2596528
Nigeria,NGA,1985,"School age population, upper secondary education, male (number)",SP.SEC.UTOT.MA.IN,1586337
Nigeria,NGA,1984,"School age population, upper secondary education, male (number)",SP.SEC.UTOT.MA.IN,1549946
Nigeria,NGA,1983,"School age population, upper secondary education, male (number)",SP.SEC.UTOT.MA.IN,1519109
Nigeria,NGA,1982,"School age population, upper secondary education, male (number)",SP.SEC.UTOT.MA.IN,1491552
Nigeria,NGA,1981,"School age population, upper secondary education, male (number)",SP.SEC.UTOT.MA.IN,1462184
Nigeria,NGA,1980,"School age population, upper secondary education, male (number)",SP.SEC.UTOT.MA.IN,1418327
Nigeria,NGA,1979,"School age population, upper secondary education, male (number)",SP.SEC.UTOT.MA.IN,1372604
Nigeria,NGA,1978,"School age population, upper secondary education, male (number)",SP.SEC.UTOT.MA.IN,1329779
Nigeria,NGA,1977,"School age population, upper secondary education, male (number)",SP.SEC.UTOT.MA.IN,1289766
Nigeria,NGA,1976,"School age population, upper secondary education, male (number)",SP.SEC.UTOT.MA.IN,1250943
Nigeria,NGA,1975,"School age population, upper secondary education, male (number)",SP.SEC.UTOT.MA.IN,1208629
Nigeria,NGA,1974,"School age population, upper secondary education, male (number)",SP.SEC.UTOT.MA.IN,1169656
Nigeria,NGA,1973,"School age population, upper secondary education, male (number)",SP.SEC.UTOT.MA.IN,1135155
Nigeria,NGA,1972,"School age population, upper secondary education, male (number)",SP.SEC.UTOT.MA.IN,1106435
Nigeria,NGA,1971,"School age population, upper secondary education, male (number)",SP.SEC.UTOT.MA.IN,1086248
Nigeria,NGA,1970,"School age population, upper secondary education, male (number)",SP.SEC.UTOT.MA.IN,1068118
Nigeria,NGA,2014,"School age population, tertiary education, female (number)",SP.TER.TOTL.FE.IN,7818736
Nigeria,NGA,2013,"School age population, tertiary education, female (number)",SP.TER.TOTL.FE.IN,7638565
Nigeria,NGA,2012,"School age population, tertiary education, female (number)",SP.TER.TOTL.FE.IN,7477596
Nigeria,NGA,2011,"School age population, tertiary education, female (number)",SP.TER.TOTL.FE.IN,7331203
Nigeria,NGA,2010,"School age population, tertiary education, female (number)",SP.TER.TOTL.FE.IN,7180053
Nigeria,NGA,2009,"School age population, tertiary education, female (number)",SP.TER.TOTL.FE.IN,7040252
Nigeria,NGA,2008,"School age population, tertiary education, female (number)",SP.TER.TOTL.FE.IN,6910054
Nigeria,NGA,2007,"School age population, tertiary education, female (number)",SP.TER.TOTL.FE.IN,6788227
Nigeria,NGA,2006,"School age population, tertiary education, female (number)",SP.TER.TOTL.FE.IN,6672174
Nigeria,NGA,2005,"School age population, tertiary education, female (number)",SP.TER.TOTL.FE.IN,6533686
Nigeria,NGA,2004,"School age population, tertiary education, female (number)",SP.TER.TOTL.FE.IN,6396612
Nigeria,NGA,2003,"School age population, tertiary education, female (number)",SP.TER.TOTL.FE.IN,6258423
Nigeria,NGA,2002,"School age population, tertiary education, female (number)",SP.TER.TOTL.FE.IN,6115899
Nigeria,NGA,2001,"School age population, tertiary education, female (number)",SP.TER.TOTL.FE.IN,5969202
Nigeria,NGA,2000,"School age population, tertiary education, female (number)",SP.TER.TOTL.FE.IN,5798120
Nigeria,NGA,1999,"School age population, tertiary education, female (number)",SP.TER.TOTL.FE.IN,5629250
Nigeria,NGA,1998,"School age population, tertiary education, female (number)",SP.TER.TOTL.FE.IN,5461482
Nigeria,NGA,1997,"School age population, tertiary education, female (number)",SP.TER.TOTL.FE.IN,5293493
Nigeria,NGA,1996,"School age population, tertiary education, female (number)",SP.TER.TOTL.FE.IN,5126639
Nigeria,NGA,1995,"School age population, tertiary education, female (number)",SP.TER.TOTL.FE.IN,4945572
Nigeria,NGA,1994,"School age population, tertiary education, female (number)",SP.TER.TOTL.FE.IN,4773173
Nigeria,NGA,1993,"School age population, tertiary education, female (number)",SP.TER.TOTL.FE.IN,4608978
Nigeria,NGA,1992,"School age population, tertiary education, female (number)",SP.TER.TOTL.FE.IN,4451533
Nigeria,NGA,1991,"School age population, tertiary education, female (number)",SP.TER.TOTL.FE.IN,4302518
Nigeria,NGA,1990,"School age population, tertiary education, female (number)",SP.TER.TOTL.FE.IN,4151335
Nigeria,NGA,1989,"School age population, tertiary education, female (number)",SP.TER.TOTL.FE.IN,4016238
Nigeria,NGA,1988,"School age population, tertiary education, female (number)",SP.TER.TOTL.FE.IN,3897284
Nigeria,NGA,1987,"School age population, tertiary education, female (number)",SP.TER.TOTL.FE.IN,3795204
Nigeria,NGA,1986,"School age population, tertiary education, female (number)",SP.TER.TOTL.FE.IN,3706932
Nigeria,NGA,1985,"School age population, tertiary education, female (number)",SP.TER.TOTL.FE.IN,3502878
Nigeria,NGA,1984,"School age population, tertiary education, female (number)",SP.TER.TOTL.FE.IN,3421876
Nigeria,NGA,1983,"School age population, tertiary education, female (number)",SP.TER.TOTL.FE.IN,3344847
Nigeria,NGA,1982,"School age population, tertiary education, female (number)",SP.TER.TOTL.FE.IN,3269584
Nigeria,NGA,1981,"School age population, tertiary education, female (number)",SP.TER.TOTL.FE.IN,3195810
Nigeria,NGA,1980,"School age population, tertiary education, female (number)",SP.TER.TOTL.FE.IN,3101996
Nigeria,NGA,1979,"School age population, tertiary education, female (number)",SP.TER.TOTL.FE.IN,3007708
Nigeria,NGA,1978,"School age population, tertiary education, female (number)",SP.TER.TOTL.FE.IN,2913565
Nigeria,NGA,1977,"School age population, tertiary education, female (number)",SP.TER.TOTL.FE.IN,2823975
Nigeria,NGA,1976,"School age population, tertiary education, female (number)",SP.TER.TOTL.FE.IN,2744324
Nigeria,NGA,1975,"School age population, tertiary education, female (number)",SP.TER.TOTL.FE.IN,2670247
Nigeria,NGA,1974,"School age population, tertiary education, female (number)",SP.TER.TOTL.FE.IN,2608048
Nigeria,NGA,1973,"School age population, tertiary education, female (number)",SP.TER.TOTL.FE.IN,2556470
Nigeria,NGA,1972,"School age population, tertiary education, female (number)",SP.TER.TOTL.FE.IN,2512191
Nigeria,NGA,1971,"School age population, tertiary education, female (number)",SP.TER.TOTL.FE.IN,2471905
Nigeria,NGA,1970,"School age population, tertiary education, female (number)",SP.TER.TOTL.FE.IN,2424767
Nigeria,NGA,2014,"School age population, tertiary education, both sexes (number)",SP.TER.TOTL.IN,15867251
Nigeria,NGA,2013,"School age population, tertiary education, both sexes (number)",SP.TER.TOTL.IN,15500672
Nigeria,NGA,2012,"School age population, tertiary education, both sexes (number)",SP.TER.TOTL.IN,15172896
Nigeria,NGA,2011,"School age population, tertiary education, both sexes (number)",SP.TER.TOTL.IN,14874253
Nigeria,NGA,2010,"School age population, tertiary education, both sexes (number)",SP.TER.TOTL.IN,14569420
Nigeria,NGA,2009,"School age population, tertiary education, both sexes (number)",SP.TER.TOTL.IN,14287581
Nigeria,NGA,2008,"School age population, tertiary education, both sexes (number)",SP.TER.TOTL.IN,14024871
Nigeria,NGA,2007,"School age population, tertiary education, both sexes (number)",SP.TER.TOTL.IN,13778653
Nigeria,NGA,2006,"School age population, tertiary education, both sexes (number)",SP.TER.TOTL.IN,13543113
Nigeria,NGA,2005,"School age population, tertiary education, both sexes (number)",SP.TER.TOTL.IN,13263933
Nigeria,NGA,2004,"School age population, tertiary education, both sexes (number)",SP.TER.TOTL.IN,12986446
Nigeria,NGA,2003,"School age population, tertiary education, both sexes (number)",SP.TER.TOTL.IN,12705230
Nigeria,NGA,2002,"School age population, tertiary education, both sexes (number)",SP.TER.TOTL.IN,12413290
Nigeria,NGA,2001,"School age population, tertiary education, both sexes (number)",SP.TER.TOTL.IN,12111097
Nigeria,NGA,2000,"School age population, tertiary education, both sexes (number)",SP.TER.TOTL.IN,11760346
Nigeria,NGA,1999,"School age population, tertiary education, both sexes (number)",SP.TER.TOTL.IN,11414228
Nigeria,NGA,1998,"School age population, tertiary education, both sexes (number)",SP.TER.TOTL.IN,11070348
Nigeria,NGA,1997,"School age population, tertiary education, both sexes (number)",SP.TER.TOTL.IN,10726121
Nigeria,NGA,1996,"School age population, tertiary education, both sexes (number)",SP.TER.TOTL.IN,10383799
Nigeria,NGA,1995,"School age population, tertiary education, both sexes (number)",SP.TER.TOTL.IN,10012356
Nigeria,NGA,1994,"School age population, tertiary education, both sexes (number)",SP.TER.TOTL.IN,9658188
Nigeria,NGA,1993,"School age population, tertiary education, both sexes (number)",SP.TER.TOTL.IN,9319902
Nigeria,NGA,1992,"School age population, tertiary education, both sexes (number)",SP.TER.TOTL.IN,8993675
Nigeria,NGA,1991,"School age population, tertiary education, both sexes (number)",SP.TER.TOTL.IN,8683418
Nigeria,NGA,1990,"School age population, tertiary education, both sexes (number)",SP.TER.TOTL.IN,8369737
Nigeria,NGA,1989,"School age population, tertiary education, both sexes (number)",SP.TER.TOTL.IN,8090935
Nigeria,NGA,1988,"School age population, tertiary education, both sexes (number)",SP.TER.TOTL.IN,7847068
Nigeria,NGA,1987,"School age population, tertiary education, both sexes (number)",SP.TER.TOTL.IN,7640037
Nigeria,NGA,1986,"School age population, tertiary education, both sexes (number)",SP.TER.TOTL.IN,7463215
Nigeria,NGA,1985,"School age population, tertiary education, both sexes (number)",SP.TER.TOTL.IN,7054426
Nigeria,NGA,1984,"School age population, tertiary education, both sexes (number)",SP.TER.TOTL.IN,6896558
Nigeria,NGA,1983,"School age population, tertiary education, both sexes (number)",SP.TER.TOTL.IN,6746707
Nigeria,NGA,1982,"School age population, tertiary education, both sexes (number)",SP.TER.TOTL.IN,6598365
Nigeria,NGA,1981,"School age population, tertiary education, both sexes (number)",SP.TER.TOTL.IN,6449696
Nigeria,NGA,1980,"School age population, tertiary education, both sexes (number)",SP.TER.TOTL.IN,6252779
Nigeria,NGA,1979,"School age population, tertiary education, both sexes (number)",SP.TER.TOTL.IN,6051867
Nigeria,NGA,1978,"School age population, tertiary education, both sexes (number)",SP.TER.TOTL.IN,5848744
Nigeria,NGA,1977,"School age population, tertiary education, both sexes (number)",SP.TER.TOTL.IN,5655736
Nigeria,NGA,1976,"School age population, tertiary education, both sexes (number)",SP.TER.TOTL.IN,5487576
Nigeria,NGA,1975,"School age population, tertiary education, both sexes (number)",SP.TER.TOTL.IN,5339796
Nigeria,NGA,1974,"School age population, tertiary education, both sexes (number)",SP.TER.TOTL.IN,5222092
Nigeria,NGA,1973,"School age population, tertiary education, both sexes (number)",SP.TER.TOTL.IN,5132043
Nigeria,NGA,1972,"School age population, tertiary education, both sexes (number)",SP.TER.TOTL.IN,5059627
Nigeria,NGA,1971,"School age population, tertiary education, both sexes (number)",SP.TER.TOTL.IN,4993235
Nigeria,NGA,1970,"School age population, tertiary education, both sexes (number)",SP.TER.TOTL.IN,4908276
Nigeria,NGA,2014,"School age population, tertiary education, male (number)",SP.TER.TOTL.MA.IN,8048515
Nigeria,NGA,2013,"School age population, tertiary education, male (number)",SP.TER.TOTL.MA.IN,7862107
Nigeria,NGA,2012,"School age population, tertiary education, male (number)",SP.TER.TOTL.MA.IN,7695300
Nigeria,NGA,2011,"School age population, tertiary education, male (number)",SP.TER.TOTL.MA.IN,7543050
Nigeria,NGA,2010,"School age population, tertiary education, male (number)",SP.TER.TOTL.MA.IN,7389367
Nigeria,NGA,2009,"School age population, tertiary education, male (number)",SP.TER.TOTL.MA.IN,7247329
Nigeria,NGA,2008,"School age population, tertiary education, male (number)",SP.TER.TOTL.MA.IN,7114817
Nigeria,NGA,2007,"School age population, tertiary education, male (number)",SP.TER.TOTL.MA.IN,6990426
Nigeria,NGA,2006,"School age population, tertiary education, male (number)",SP.TER.TOTL.MA.IN,6870939
Nigeria,NGA,2005,"School age population, tertiary education, male (number)",SP.TER.TOTL.MA.IN,6730247
Nigeria,NGA,2004,"School age population, tertiary education, male (number)",SP.TER.TOTL.MA.IN,6589834
Nigeria,NGA,2003,"School age population, tertiary education, male (number)",SP.TER.TOTL.MA.IN,6446807
Nigeria,NGA,2002,"School age population, tertiary education, male (number)",SP.TER.TOTL.MA.IN,6297391
Nigeria,NGA,2001,"School age population, tertiary education, male (number)",SP.TER.TOTL.MA.IN,6141895
Nigeria,NGA,2000,"School age population, tertiary education, male (number)",SP.TER.TOTL.MA.IN,5962226
Nigeria,NGA,1999,"School age population, tertiary education, male (number)",SP.TER.TOTL.MA.IN,5784978
Nigeria,NGA,1998,"School age population, tertiary education, male (number)",SP.TER.TOTL.MA.IN,5608866
Nigeria,NGA,1997,"School age population, tertiary education, male (number)",SP.TER.TOTL.MA.IN,5432628
Nigeria,NGA,1996,"School age population, tertiary education, male (number)",SP.TER.TOTL.MA.IN,5257160
Nigeria,NGA,1995,"School age population, tertiary education, male (number)",SP.TER.TOTL.MA.IN,5066784
Nigeria,NGA,1994,"School age population, tertiary education, male (number)",SP.TER.TOTL.MA.IN,4885015
Nigeria,NGA,1993,"School age population, tertiary education, male (number)",SP.TER.TOTL.MA.IN,4710924
Nigeria,NGA,1992,"School age population, tertiary education, male (number)",SP.TER.TOTL.MA.IN,4542142
Nigeria,NGA,1991,"School age population, tertiary education, male (number)",SP.TER.TOTL.MA.IN,4380900
Nigeria,NGA,1990,"School age population, tertiary education, male (number)",SP.TER.TOTL.MA.IN,4218402
Nigeria,NGA,1989,"School age population, tertiary education, male (number)",SP.TER.TOTL.MA.IN,4074697
Nigeria,NGA,1988,"School age population, tertiary education, male (number)",SP.TER.TOTL.MA.IN,3949784
Nigeria,NGA,1987,"School age population, tertiary education, male (number)",SP.TER.TOTL.MA.IN,3844833
Nigeria,NGA,1986,"School age population, tertiary education, male (number)",SP.TER.TOTL.MA.IN,3756283
Nigeria,NGA,1985,"School age population, tertiary education, male (number)",SP.TER.TOTL.MA.IN,3551548
Nigeria,NGA,1984,"School age population, tertiary education, male (number)",SP.TER.TOTL.MA.IN,3474682
Nigeria,NGA,1983,"School age population, tertiary education, male (number)",SP.TER.TOTL.MA.IN,3401860
Nigeria,NGA,1982,"School age population, tertiary education, male (number)",SP.TER.TOTL.MA.IN,3328781
Nigeria,NGA,1981,"School age population, tertiary education, male (number)",SP.TER.TOTL.MA.IN,3253886
Nigeria,NGA,1980,"School age population, tertiary education, male (number)",SP.TER.TOTL.MA.IN,3150783
Nigeria,NGA,1979,"School age population, tertiary education, male (number)",SP.TER.TOTL.MA.IN,3044159
Nigeria,NGA,1978,"School age population, tertiary education, male (number)",SP.TER.TOTL.MA.IN,2935179
Nigeria,NGA,1977,"School age population, tertiary education, male (number)",SP.TER.TOTL.MA.IN,2831761
Nigeria,NGA,1976,"School age population, tertiary education, male (number)",SP.TER.TOTL.MA.IN,2743252
Nigeria,NGA,1975,"School age population, tertiary education, male (number)",SP.TER.TOTL.MA.IN,2669549
Nigeria,NGA,1974,"School age population, tertiary education, male (number)",SP.TER.TOTL.MA.IN,2614044
Nigeria,NGA,1973,"School age population, tertiary education, male (number)",SP.TER.TOTL.MA.IN,2575573
Nigeria,NGA,1972,"School age population, tertiary education, male (number)",SP.TER.TOTL.MA.IN,2547436
Nigeria,NGA,1971,"School age population, tertiary education, male (number)",SP.TER.TOTL.MA.IN,2521330
Nigeria,NGA,1970,"School age population, tertiary education, male (number)",SP.TER.TOTL.MA.IN,2483509
Nigeria,NGA,2019,Official entrance age to compulsory education (years),UIS.CEAGE.1,6
Nigeria,NGA,2018,Official entrance age to compulsory education (years),UIS.CEAGE.1,6
Nigeria,NGA,2017,Official entrance age to compulsory education (years),UIS.CEAGE.1,6
Nigeria,NGA,2016,Official entrance age to compulsory education (years),UIS.CEAGE.1,6
Nigeria,NGA,2015,Official entrance age to compulsory education (years),UIS.CEAGE.1,6
Nigeria,NGA,2014,Official entrance age to compulsory education (years),UIS.CEAGE.1,6
Nigeria,NGA,2013,Official entrance age to compulsory education (years),UIS.CEAGE.1,6
Nigeria,NGA,2012,Official entrance age to compulsory education (years),UIS.CEAGE.1,6
Nigeria,NGA,2011,Official entrance age to compulsory education (years),UIS.CEAGE.1,6
Nigeria,NGA,2010,Official entrance age to compulsory education (years),UIS.CEAGE.1,6
Nigeria,NGA,2009,Official entrance age to compulsory education (years),UIS.CEAGE.1,6
Nigeria,NGA,2008,Official entrance age to compulsory education (years),UIS.CEAGE.1,6
Nigeria,NGA,2007,Official entrance age to compulsory education (years),UIS.CEAGE.1,6
Nigeria,NGA,2006,Official entrance age to compulsory education (years),UIS.CEAGE.1,6
Nigeria,NGA,2005,Official entrance age to compulsory education (years),UIS.CEAGE.1,6
Nigeria,NGA,2004,Official entrance age to compulsory education (years),UIS.CEAGE.1,6
Nigeria,NGA,2016,"Enrolment in lower secondary education, both sexes (number)",UIS.E.2,5839487
Nigeria,NGA,2015,"Enrolment in lower secondary education, both sexes (number)",UIS.E.2,6180291
Nigeria,NGA,2014,"Enrolment in lower secondary education, both sexes (number)",UIS.E.2,6203094
Nigeria,NGA,2013,"Enrolment in lower secondary education, both sexes (number)",UIS.E.2,6168764
Nigeria,NGA,2012,"Enrolment in lower secondary education, both sexes (number)",UIS.E.2,5277528
Nigeria,NGA,2011,"Enrolment in lower secondary education, both sexes (number)",UIS.E.2,5121717
Nigeria,NGA,2010,"Enrolment in lower secondary education, both sexes (number)",UIS.E.2,5010227
Nigeria,NGA,2009,"Enrolment in lower secondary education, both sexes (number)",UIS.E.2,4435251
Nigeria,NGA,2008,"Enrolment in lower secondary education, both sexes (number)",UIS.E.2,3934061
Nigeria,NGA,2007,"Enrolment in lower secondary education, both sexes (number)",UIS.E.2,3531429
Nigeria,NGA,2006,"Enrolment in lower secondary education, both sexes (number)",UIS.E.2,3733638
Nigeria,NGA,2005,"Enrolment in lower secondary education, both sexes (number)",UIS.E.2,3624163
Nigeria,NGA,2004,"Enrolment in lower secondary education, both sexes (number)",UIS.E.2,3507928
Nigeria,NGA,2002,"Enrolment in lower secondary education, both sexes (number)",UIS.E.2,2950737
Nigeria,NGA,2001,"Enrolment in lower secondary education, both sexes (number)",UIS.E.2,2580168
Nigeria,NGA,2000,"Enrolment in lower secondary education, both sexes (number)",UIS.E.2,2277291
Nigeria,NGA,1999,"Enrolment in lower secondary education, both sexes (number)",UIS.E.2,2185974
Nigeria,NGA,2016,"Enrolment in lower secondary education, female (number)",UIS.E.2.F,2745941
Nigeria,NGA,2015,"Enrolment in lower secondary education, female (number)",UIS.E.2.F,2920182
Nigeria,NGA,2014,"Enrolment in lower secondary education, female (number)",UIS.E.2.F,2891624
Nigeria,NGA,2013,"Enrolment in lower secondary education, female (number)",UIS.E.2.F,2946805
Nigeria,NGA,2012,"Enrolment in lower secondary education, female (number)",UIS.E.2.F,2521063
Nigeria,NGA,2011,"Enrolment in lower secondary education, female (number)",UIS.E.2.F,2343591
Nigeria,NGA,2010,"Enrolment in lower secondary education, female (number)",UIS.E.2.F,2306289
Nigeria,NGA,2009,"Enrolment in lower secondary education, female (number)",UIS.E.2.F,2022016
Nigeria,NGA,2008,"Enrolment in lower secondary education, female (number)",UIS.E.2.F,1784024
Nigeria,NGA,2007,"Enrolment in lower secondary education, female (number)",UIS.E.2.F,1536151
Nigeria,NGA,2006,"Enrolment in lower secondary education, female (number)",UIS.E.2.F,1664889
Nigeria,NGA,2005,"Enrolment in lower secondary education, female (number)",UIS.E.2.F,1639776
Nigeria,NGA,2004,"Enrolment in lower secondary education, female (number)",UIS.E.2.F,1535291
Nigeria,NGA,2002,"Enrolment in lower secondary education, female (number)",UIS.E.2.F,1203828
Nigeria,NGA,2001,"Enrolment in lower secondary education, female (number)",UIS.E.2.F,1148535
Nigeria,NGA,2000,"Enrolment in lower secondary education, female (number)",UIS.E.2.F,1012388
Nigeria,NGA,1999,"Enrolment in lower secondary education, female (number)",UIS.E.2.F,1042894
Nigeria,NGA,2016,"Enrolment in upper secondary education, both sexes (number)",UIS.E.3,4475309
Nigeria,NGA,2015,"Enrolment in upper secondary education, both sexes (number)",UIS.E.3,4935739
Nigeria,NGA,2014,"Enrolment in upper secondary education, both sexes (number)",UIS.E.3,4292489
Nigeria,NGA,2013,"Enrolment in upper secondary education, both sexes (number)",UIS.E.3,6363989
Nigeria,NGA,2012,"Enrolment in upper secondary education, both sexes (number)",UIS.E.3,4934723
Nigeria,NGA,2011,"Enrolment in upper secondary education, both sexes (number)",UIS.E.3,4469488
Nigeria,NGA,2010,"Enrolment in upper secondary education, both sexes (number)",UIS.E.3,4046541
Nigeria,NGA,2009,"Enrolment in upper secondary education, both sexes (number)",UIS.E.3,3392067
Nigeria,NGA,2008,"Enrolment in upper secondary education, both sexes (number)",UIS.E.3,2954639
Nigeria,NGA,2007,"Enrolment in upper secondary education, both sexes (number)",UIS.E.3,2536731
Nigeria,NGA,2006,"Enrolment in upper secondary education, both sexes (number)",UIS.E.3,2702811
Nigeria,NGA,2005,"Enrolment in upper secondary education, both sexes (number)",UIS.E.3,2773418
Nigeria,NGA,2004,"Enrolment in upper secondary education, both sexes (number)",UIS.E.3,2771634
Nigeria,NGA,2002,"Enrolment in upper secondary education, both sexes (number)",UIS.E.3,2173533
Nigeria,NGA,2001,"Enrolment in upper secondary education, both sexes (number)",UIS.E.3,2020937
Nigeria,NGA,2000,"Enrolment in upper secondary education, both sexes (number)",UIS.E.3,1827054
Nigeria,NGA,1999,"Enrolment in upper secondary education, both sexes (number)",UIS.E.3,1658611
Nigeria,NGA,2016,"Enrolment in upper secondary education, female (number)",UIS.E.3.F,2058117
Nigeria,NGA,2015,"Enrolment in upper secondary education, female (number)",UIS.E.3.F,2295404
Nigeria,NGA,2014,"Enrolment in upper secondary education, female (number)",UIS.E.3.F,1971306
Nigeria,NGA,2013,"Enrolment in upper secondary education, female (number)",UIS.E.3.F,2920239
Nigeria,NGA,2012,"Enrolment in upper secondary education, female (number)",UIS.E.3.F,2264393
Nigeria,NGA,2011,"Enrolment in upper secondary education, female (number)",UIS.E.3.F,1995110
Nigeria,NGA,2010,"Enrolment in upper secondary education, female (number)",UIS.E.3.F,1845326
Nigeria,NGA,2009,"Enrolment in upper secondary education, female (number)",UIS.E.3.F,1556710
Nigeria,NGA,2008,"Enrolment in upper secondary education, female (number)",UIS.E.3.F,1294865
Nigeria,NGA,2007,"Enrolment in upper secondary education, female (number)",UIS.E.3.F,1058135
Nigeria,NGA,2006,"Enrolment in upper secondary education, female (number)",UIS.E.3.F,1177044
Nigeria,NGA,2005,"Enrolment in upper secondary education, female (number)",UIS.E.3.F,1214380
Nigeria,NGA,2004,"Enrolment in upper secondary education, female (number)",UIS.E.3.F,1204623
Nigeria,NGA,2002,"Enrolment in upper secondary education, female (number)",UIS.E.3.F,972314
Nigeria,NGA,2001,"Enrolment in upper secondary education, female (number)",UIS.E.3.F,905577
Nigeria,NGA,2000,"Enrolment in upper secondary education, female (number)",UIS.E.3.F,829827
Nigeria,NGA,1999,"Enrolment in upper secondary education, female (number)",UIS.E.3.F,755082
Nigeria,NGA,2011,"Enrolment in tertiary education, ISCED 6 programmes, both sexes (number)",UIS.E.6,886799
Nigeria,NGA,2010,"Enrolment in tertiary education, ISCED 6 programmes, both sexes (number)",UIS.E.6,791068
Nigeria,NGA,2011,"Enrolment in tertiary education, ISCED 6 programmes, female (number)",UIS.E.6.F,336187
Nigeria,NGA,2010,"Enrolment in tertiary education, ISCED 6 programmes, female (number)",UIS.E.6.F,307922
Nigeria,NGA,2011,"Enrolment in tertiary education, ISCED 7 programmes, both sexes (number)",UIS.E.7,60698
Nigeria,NGA,2010,"Enrolment in tertiary education, ISCED 7 programmes, both sexes (number)",UIS.E.7,45391
Nigeria,NGA,2011,"Enrolment in tertiary education, ISCED 7 programmes, female (number)",UIS.E.7.F,19438
Nigeria,NGA,2010,"Enrolment in tertiary education, ISCED 7 programmes, female (number)",UIS.E.7.F,17964
Nigeria,NGA,2011,"Enrolment in tertiary education, ISCED 8 programmes, both sexes (number)",UIS.E.8,10383
Nigeria,NGA,2010,"Enrolment in tertiary education, ISCED 8 programmes, both sexes (number)",UIS.E.8,9909
Nigeria,NGA,2005,"Enrolment in tertiary education, ISCED 8 programmes, both sexes (number)",UIS.E.8,8385
Nigeria,NGA,2004,"Enrolment in tertiary education, ISCED 8 programmes, both sexes (number)",UIS.E.8,8734
Nigeria,NGA,2003,"Enrolment in tertiary education, ISCED 8 programmes, both sexes (number)",UIS.E.8,8359
Nigeria,NGA,1999,"Enrolment in tertiary education, ISCED 8 programmes, both sexes (number)",UIS.E.8,0
Nigeria,NGA,2011,"Enrolment in tertiary education, ISCED 8 programmes, female (number)",UIS.E.8.F,3138
Nigeria,NGA,2010,"Enrolment in tertiary education, ISCED 8 programmes, female (number)",UIS.E.8.F,3302
Nigeria,NGA,2005,"Enrolment in tertiary education, ISCED 8 programmes, female (number)",UIS.E.8.F,2033
Nigeria,NGA,2004,"Enrolment in tertiary education, ISCED 8 programmes, female (number)",UIS.E.8.F,2118
Nigeria,NGA,2003,"Enrolment in tertiary education, ISCED 8 programmes, female (number)",UIS.E.8.F,2027
Nigeria,NGA,1999,"Enrolment in tertiary education, ISCED 8 programmes, female (number)",UIS.E.8.F,0
Nigeria,NGA,2010,Percentage of teachers in lower secondary education who are female (%),UIS.FTP.2,50.62228
Nigeria,NGA,2008,Percentage of teachers in lower secondary education who are female (%),UIS.FTP.2,42.06755
Nigeria,NGA,2006,Percentage of teachers in lower secondary education who are female (%),UIS.FTP.2,39.97559
Nigeria,NGA,2005,Percentage of teachers in lower secondary education who are female (%),UIS.FTP.2,38.34699
Nigeria,NGA,2004,Percentage of teachers in lower secondary education who are female (%),UIS.FTP.2,36.78516
Nigeria,NGA,2010,Percentage of teachers in upper secondary education who are female (%),UIS.FTP.3,45.94877
Nigeria,NGA,2008,Percentage of teachers in upper secondary education who are female (%),UIS.FTP.3,36.90786
Nigeria,NGA,2007,Percentage of teachers in upper secondary education who are female (%),UIS.FTP.3,30.49928
Nigeria,NGA,2006,Percentage of teachers in upper secondary education who are female (%),UIS.FTP.3,36.02822
Nigeria,NGA,2005,Percentage of teachers in upper secondary education who are female (%),UIS.FTP.3,31.52254
Nigeria,NGA,2004,Percentage of teachers in upper secondary education who are female (%),UIS.FTP.3,34.44927
Nigeria,NGA,2016,"Gross enrolment ratio, primary and secondary, both sexes (%)",UIS.GER.123,65.56694
Nigeria,NGA,2014,"Gross enrolment ratio, primary and secondary, both sexes (%)",UIS.GER.123,70.28872
Nigeria,NGA,2013,"Gross enrolment ratio, primary and secondary, both sexes (%)",UIS.GER.123,77.24474
Nigeria,NGA,2012,"Gross enrolment ratio, primary and secondary, both sexes (%)",UIS.GER.123,72.08907
Nigeria,NGA,2011,"Gross enrolment ratio, primary and secondary, both sexes (%)",UIS.GER.123,70.52983
Nigeria,NGA,2010,"Gross enrolment ratio, primary and secondary, both sexes (%)",UIS.GER.123,66.83124
Nigeria,NGA,2009,"Gross enrolment ratio, primary and secondary, both sexes (%)",UIS.GER.123,64.69255
Nigeria,NGA,2008,"Gross enrolment ratio, primary and secondary, both sexes (%)",UIS.GER.123,62.1933
Nigeria,NGA,2007,"Gross enrolment ratio, primary and secondary, both sexes (%)",UIS.GER.123,65.51863
Nigeria,NGA,2006,"Gross enrolment ratio, primary and secondary, both sexes (%)",UIS.GER.123,71.33835
Nigeria,NGA,2005,"Gross enrolment ratio, primary and secondary, both sexes (%)",UIS.GER.123,71.07198
Nigeria,NGA,2004,"Gross enrolment ratio, primary and secondary, both sexes (%)",UIS.GER.123,70.60951
Nigeria,NGA,2002,"Gross enrolment ratio, primary and secondary, both sexes (%)",UIS.GER.123,66.45757
Nigeria,NGA,2001,"Gross enrolment ratio, primary and secondary, both sexes (%)",UIS.GER.123,64.28515
Nigeria,NGA,2000,"Gross enrolment ratio, primary and secondary, both sexes (%)",UIS.GER.123,64.44956
Nigeria,NGA,1999,"Gross enrolment ratio, primary and secondary, both sexes (%)",UIS.GER.123,61.53016
Nigeria,NGA,1990,"Gross enrolment ratio, primary and secondary, both sexes (%)",UIS.GER.123,58.97073
Nigeria,NGA,1989,"Gross enrolment ratio, primary and secondary, both sexes (%)",UIS.GER.123,56.99304
Nigeria,NGA,1987,"Gross enrolment ratio, primary and secondary, both sexes (%)",UIS.GER.123,62.16517
Nigeria,NGA,1986,"Gross enrolment ratio, primary and secondary, both sexes (%)",UIS.GER.123,64.28863
Nigeria,NGA,1985,"Gross enrolment ratio, primary and secondary, both sexes (%)",UIS.GER.123,69.89263
Nigeria,NGA,1984,"Gross enrolment ratio, primary and secondary, both sexes (%)",UIS.GER.123,72.57153
Nigeria,NGA,1983,"Gross enrolment ratio, primary and secondary, both sexes (%)",UIS.GER.123,71.3472
Nigeria,NGA,1982,"Gross enrolment ratio, primary and secondary, both sexes (%)",UIS.GER.123,68.95073
Nigeria,NGA,1981,"Gross enrolment ratio, primary and secondary, both sexes (%)",UIS.GER.123,61.71054
Nigeria,NGA,1980,"Gross enrolment ratio, primary and secondary, both sexes (%)",UIS.GER.123,55.693
Nigeria,NGA,1979,"Gross enrolment ratio, primary and secondary, both sexes (%)",UIS.GER.123,51.61911
Nigeria,NGA,1978,"Gross enrolment ratio, primary and secondary, both sexes (%)",UIS.GER.123,43.64566
Nigeria,NGA,1977,"Gross enrolment ratio, primary and secondary, both sexes (%)",UIS.GER.123,34.54896
Nigeria,NGA,1973,"Gross enrolment ratio, primary and secondary, both sexes (%)",UIS.GER.123,28.85788
Nigeria,NGA,1972,"Gross enrolment ratio, primary and secondary, both sexes (%)",UIS.GER.123,27.70554
Nigeria,NGA,1971,"Gross enrolment ratio, primary and secondary, both sexes (%)",UIS.GER.123,25.18806
Nigeria,NGA,1970,"Gross enrolment ratio, primary and secondary, both sexes (%)",UIS.GER.123,23.28466
Nigeria,NGA,2016,"Gross enrolment ratio, primary and secondary, female (%)",UIS.GER.123.F,63.15615
Nigeria,NGA,2014,"Gross enrolment ratio, primary and secondary, female (%)",UIS.GER.123.F,68.70922
Nigeria,NGA,2013,"Gross enrolment ratio, primary and secondary, female (%)",UIS.GER.123.F,75.33522
Nigeria,NGA,2012,"Gross enrolment ratio, primary and secondary, female (%)",UIS.GER.123.F,70.37756
Nigeria,NGA,2011,"Gross enrolment ratio, primary and secondary, female (%)",UIS.GER.123.F,67.07808
Nigeria,NGA,2010,"Gross enrolment ratio, primary and secondary, female (%)",UIS.GER.123.F,63.15085
Nigeria,NGA,2009,"Gross enrolment ratio, primary and secondary, female (%)",UIS.GER.123.F,60.79145
Nigeria,NGA,2008,"Gross enrolment ratio, primary and secondary, female (%)",UIS.GER.123.F,57.91065
Nigeria,NGA,2007,"Gross enrolment ratio, primary and secondary, female (%)",UIS.GER.123.F,60.34071
Nigeria,NGA,2006,"Gross enrolment ratio, primary and secondary, female (%)",UIS.GER.123.F,65.42673
Nigeria,NGA,2005,"Gross enrolment ratio, primary and secondary, female (%)",UIS.GER.123.F,64.78361
Nigeria,NGA,2004,"Gross enrolment ratio, primary and secondary, female (%)",UIS.GER.123.F,63.86854
Nigeria,NGA,2002,"Gross enrolment ratio, primary and secondary, female (%)",UIS.GER.123.F,59.44397
Nigeria,NGA,2001,"Gross enrolment ratio, primary and secondary, female (%)",UIS.GER.123.F,58.11823
Nigeria,NGA,2000,"Gross enrolment ratio, primary and secondary, female (%)",UIS.GER.123.F,57.78952
Nigeria,NGA,1999,"Gross enrolment ratio, primary and secondary, female (%)",UIS.GER.123.F,55.48126
Nigeria,NGA,1990,"Gross enrolment ratio, primary and secondary, female (%)",UIS.GER.123.F,51.66611
Nigeria,NGA,1989,"Gross enrolment ratio, primary and secondary, female (%)",UIS.GER.123.F,51.71035
Nigeria,NGA,1987,"Gross enrolment ratio, primary and secondary, female (%)",UIS.GER.123.F,55.67095
Nigeria,NGA,1986,"Gross enrolment ratio, primary and secondary, female (%)",UIS.GER.123.F,56.97862
Nigeria,NGA,1984,"Gross enrolment ratio, primary and secondary, female (%)",UIS.GER.123.F,58.4259
Nigeria,NGA,1983,"Gross enrolment ratio, primary and secondary, female (%)",UIS.GER.123.F,58.69275
Nigeria,NGA,1982,"Gross enrolment ratio, primary and secondary, female (%)",UIS.GER.123.F,58.8765
Nigeria,NGA,1981,"Gross enrolment ratio, primary and secondary, female (%)",UIS.GER.123.F,52.87536
Nigeria,NGA,1980,"Gross enrolment ratio, primary and secondary, female (%)",UIS.GER.123.F,47.41712
Nigeria,NGA,1979,"Gross enrolment ratio, primary and secondary, female (%)",UIS.GER.123.F,44.02562
Nigeria,NGA,1978,"Gross enrolment ratio, primary and secondary, female (%)",UIS.GER.123.F,37.45018
Nigeria,NGA,1977,"Gross enrolment ratio, primary and secondary, female (%)",UIS.GER.123.F,28.92677
Nigeria,NGA,1973,"Gross enrolment ratio, primary and secondary, female (%)",UIS.GER.123.F,22.91373
Nigeria,NGA,1972,"Gross enrolment ratio, primary and secondary, female (%)",UIS.GER.123.F,21.44954
Nigeria,NGA,1971,"Gross enrolment ratio, primary and secondary, female (%)",UIS.GER.123.F,19.16462
Nigeria,NGA,1970,"Gross enrolment ratio, primary and secondary, female (%)",UIS.GER.123.F,17.10402
Nigeria,NGA,2016,"Gross enrolment ratio, primary and secondary, male (%)",UIS.GER.123.M,67.88647
Nigeria,NGA,2014,"Gross enrolment ratio, primary and secondary, male (%)",UIS.GER.123.M,71.81014
Nigeria,NGA,2013,"Gross enrolment ratio, primary and secondary, male (%)",UIS.GER.123.M,79.08519
Nigeria,NGA,2012,"Gross enrolment ratio, primary and secondary, male (%)",UIS.GER.123.M,73.73975
Nigeria,NGA,2011,"Gross enrolment ratio, primary and secondary, male (%)",UIS.GER.123.M,73.86106
Nigeria,NGA,2010,"Gross enrolment ratio, primary and secondary, male (%)",UIS.GER.123.M,70.3851
Nigeria,NGA,2009,"Gross enrolment ratio, primary and secondary, male (%)",UIS.GER.123.M,68.46158
Nigeria,NGA,2008,"Gross enrolment ratio, primary and secondary, male (%)",UIS.GER.123.M,66.33299
Nigeria,NGA,2007,"Gross enrolment ratio, primary and secondary, male (%)",UIS.GER.123.M,70.52572
Nigeria,NGA,2006,"Gross enrolment ratio, primary and secondary, male (%)",UIS.GER.123.M,77.05649
Nigeria,NGA,2005,"Gross enrolment ratio, primary and secondary, male (%)",UIS.GER.123.M,77.15604
Nigeria,NGA,2004,"Gross enrolment ratio, primary and secondary, male (%)",UIS.GER.123.M,77.13265
Nigeria,NGA,2002,"Gross enrolment ratio, primary and secondary, male (%)",UIS.GER.123.M,73.24533
Nigeria,NGA,2001,"Gross enrolment ratio, primary and secondary, male (%)",UIS.GER.123.M,70.25311
Nigeria,NGA,2000,"Gross enrolment ratio, primary and secondary, male (%)",UIS.GER.123.M,70.89507
Nigeria,NGA,1999,"Gross enrolment ratio, primary and secondary, male (%)",UIS.GER.123.M,67.38477
Nigeria,NGA,1990,"Gross enrolment ratio, primary and secondary, male (%)",UIS.GER.123.M,66.05486
Nigeria,NGA,1989,"Gross enrolment ratio, primary and secondary, male (%)",UIS.GER.123.M,62.12071
Nigeria,NGA,1987,"Gross enrolment ratio, primary and secondary, male (%)",UIS.GER.123.M,68.48093
Nigeria,NGA,1986,"Gross enrolment ratio, primary and secondary, male (%)",UIS.GER.123.M,71.40271
Nigeria,NGA,1984,"Gross enrolment ratio, primary and secondary, male (%)",UIS.GER.123.M,86.36653
Nigeria,NGA,1983,"Gross enrolment ratio, primary and secondary, male (%)",UIS.GER.123.M,83.69136
Nigeria,NGA,1982,"Gross enrolment ratio, primary and secondary, male (%)",UIS.GER.123.M,78.7812
Nigeria,NGA,1981,"Gross enrolment ratio, primary and secondary, male (%)",UIS.GER.123.M,70.33712
Nigeria,NGA,1980,"Gross enrolment ratio, primary and secondary, male (%)",UIS.GER.123.M,63.7764
Nigeria,NGA,1979,"Gross enrolment ratio, primary and secondary, male (%)",UIS.GER.123.M,59.04385
Nigeria,NGA,1978,"Gross enrolment ratio, primary and secondary, male (%)",UIS.GER.123.M,49.71252
Nigeria,NGA,1977,"Gross enrolment ratio, primary and secondary, male (%)",UIS.GER.123.M,40.06312
Nigeria,NGA,1973,"Gross enrolment ratio, primary and secondary, male (%)",UIS.GER.123.M,34.71841
Nigeria,NGA,1972,"Gross enrolment ratio, primary and secondary, male (%)",UIS.GER.123.M,33.88018
Nigeria,NGA,1971,"Gross enrolment ratio, primary and secondary, male (%)",UIS.GER.123.M,31.13844
Nigeria,NGA,1970,"Gross enrolment ratio, primary and secondary, male (%)",UIS.GER.123.M,29.39284
Nigeria,NGA,2011,"Gross enrolment ratio, primary to tertiary, female (%)",UIS.GER.1T6.F,52.94569
Nigeria,NGA,2010,"Gross enrolment ratio, primary to tertiary, female (%)",UIS.GER.1T6.F,49.841
Nigeria,NGA,2005,"Gross enrolment ratio, primary to tertiary, female (%)",UIS.GER.1T6.F,50.82316
Nigeria,NGA,2004,"Gross enrolment ratio, primary to tertiary, female (%)",UIS.GER.1T6.F,49.9998
Nigeria,NGA,2002,"Gross enrolment ratio, primary to tertiary, female (%)",UIS.GER.1T6.F,46.28777
Nigeria,NGA,2001,"Gross enrolment ratio, primary to tertiary, female (%)",UIS.GER.1T6.F,45.02313
Nigeria,NGA,2000,"Gross enrolment ratio, primary to tertiary, female (%)",UIS.GER.1T6.F,44.86664
Nigeria,NGA,1999,"Gross enrolment ratio, primary to tertiary, female (%)",UIS.GER.1T6.F,43.22402
Nigeria,NGA,1989,"Gross enrolment ratio, primary to tertiary, female (%)",UIS.GER.1T6.F,40.34989
Nigeria,NGA,1987,"Gross enrolment ratio, primary to tertiary, female (%)",UIS.GER.1T6.F,43.3152
Nigeria,NGA,1986,"Gross enrolment ratio, primary to tertiary, female (%)",UIS.GER.1T6.F,44.21337
Nigeria,NGA,2011,"Gross enrolment ratio, primary to tertiary, gender parity index (GPI)",UIS.GER.1T6.GPI,0.89638
Nigeria,NGA,2010,"Gross enrolment ratio, primary to tertiary, gender parity index (GPI)",UIS.GER.1T6.GPI,0.88869
Nigeria,NGA,2005,"Gross enrolment ratio, primary to tertiary, gender parity index (GPI)",UIS.GER.1T6.GPI,0.83247
Nigeria,NGA,2004,"Gross enrolment ratio, primary to tertiary, gender parity index (GPI)",UIS.GER.1T6.GPI,0.82179
Nigeria,NGA,2002,"Gross enrolment ratio, primary to tertiary, gender parity index (GPI)",UIS.GER.1T6.GPI,0.80577
Nigeria,NGA,2001,"Gross enrolment ratio, primary to tertiary, gender parity index (GPI)",UIS.GER.1T6.GPI,0.82153
Nigeria,NGA,2000,"Gross enrolment ratio, primary to tertiary, gender parity index (GPI)",UIS.GER.1T6.GPI,0.80984
Nigeria,NGA,1999,"Gross enrolment ratio, primary to tertiary, gender parity index (GPI)",UIS.GER.1T6.GPI,0.82108
Nigeria,NGA,1989,"Gross enrolment ratio, primary to tertiary, gender parity index (GPI)",UIS.GER.1T6.GPI,0.81522
Nigeria,NGA,1987,"Gross enrolment ratio, primary to tertiary, gender parity index (GPI)",UIS.GER.1T6.GPI,0.80161
Nigeria,NGA,1986,"Gross enrolment ratio, primary to tertiary, gender parity index (GPI)",UIS.GER.1T6.GPI,0.78637
Nigeria,NGA,2011,"Gross enrolment ratio, primary to tertiary, male (%)",UIS.GER.1T6.M,59.06583
Nigeria,NGA,2010,"Gross enrolment ratio, primary to tertiary, male (%)",UIS.GER.1T6.M,56.08383
Nigeria,NGA,2005,"Gross enrolment ratio, primary to tertiary, male (%)",UIS.GER.1T6.M,61.05113
Nigeria,NGA,2004,"Gross enrolment ratio, primary to tertiary, male (%)",UIS.GER.1T6.M,60.84271
Nigeria,NGA,2002,"Gross enrolment ratio, primary to tertiary, male (%)",UIS.GER.1T6.M,57.44512
Nigeria,NGA,2001,"Gross enrolment ratio, primary to tertiary, male (%)",UIS.GER.1T6.M,54.80381
Nigeria,NGA,2000,"Gross enrolment ratio, primary to tertiary, male (%)",UIS.GER.1T6.M,55.40157
Nigeria,NGA,1999,"Gross enrolment ratio, primary to tertiary, male (%)",UIS.GER.1T6.M,52.6427
Nigeria,NGA,1989,"Gross enrolment ratio, primary to tertiary, male (%)",UIS.GER.1T6.M,49.49564
Nigeria,NGA,1987,"Gross enrolment ratio, primary to tertiary, male (%)",UIS.GER.1T6.M,54.03511
Nigeria,NGA,1986,"Gross enrolment ratio, primary to tertiary, male (%)",UIS.GER.1T6.M,56.22467
Nigeria,NGA,2016,"Gross enrolment ratio, lower secondary, gender parity index (GPI)",UIS.GER.2.GPI,0.92135
Nigeria,NGA,2015,"Gross enrolment ratio, lower secondary, gender parity index (GPI)",UIS.GER.2.GPI,0.9289
Nigeria,NGA,2014,"Gross enrolment ratio, lower secondary, gender parity index (GPI)",UIS.GER.2.GPI,0.90475
Nigeria,NGA,2013,"Gross enrolment ratio, lower secondary, gender parity index (GPI)",UIS.GER.2.GPI,0.94691
Nigeria,NGA,2012,"Gross enrolment ratio, lower secondary, gender parity index (GPI)",UIS.GER.2.GPI,0.94631
Nigeria,NGA,2011,"Gross enrolment ratio, lower secondary, gender parity index (GPI)",UIS.GER.2.GPI,0.87232
Nigeria,NGA,2010,"Gross enrolment ratio, lower secondary, gender parity index (GPI)",UIS.GER.2.GPI,0.88143
Nigeria,NGA,2009,"Gross enrolment ratio, lower secondary, gender parity index (GPI)",UIS.GER.2.GPI,0.86546
Nigeria,NGA,2008,"Gross enrolment ratio, lower secondary, gender parity index (GPI)",UIS.GER.2.GPI,0.85683
Nigeria,NGA,2007,"Gross enrolment ratio, lower secondary, gender parity index (GPI)",UIS.GER.2.GPI,0.79493
Nigeria,NGA,2006,"Gross enrolment ratio, lower secondary, gender parity index (GPI)",UIS.GER.2.GPI,0.83092
Nigeria,NGA,2005,"Gross enrolment ratio, lower secondary, gender parity index (GPI)",UIS.GER.2.GPI,0.85289
Nigeria,NGA,2004,"Gross enrolment ratio, lower secondary, gender parity index (GPI)",UIS.GER.2.GPI,0.80316
Nigeria,NGA,2002,"Gross enrolment ratio, lower secondary, gender parity index (GPI)",UIS.GER.2.GPI,0.71134
Nigeria,NGA,2001,"Gross enrolment ratio, lower secondary, gender parity index (GPI)",UIS.GER.2.GPI,0.82839
Nigeria,NGA,2000,"Gross enrolment ratio, lower secondary, gender parity index (GPI)",UIS.GER.2.GPI,0.82642
Nigeria,NGA,1999,"Gross enrolment ratio, lower secondary, gender parity index (GPI)",UIS.GER.2.GPI,0.94215
Nigeria,NGA,2016,"Gross enrolment ratio, upper secondary, gender parity index (GPI)",UIS.GER.3.GPI,0.88028
Nigeria,NGA,2015,"Gross enrolment ratio, upper secondary, gender parity index (GPI)",UIS.GER.3.GPI,0.89816
Nigeria,NGA,2014,"Gross enrolment ratio, upper secondary, gender parity index (GPI)",UIS.GER.3.GPI,0.87691
Nigeria,NGA,2013,"Gross enrolment ratio, upper secondary, gender parity index (GPI)",UIS.GER.3.GPI,0.87515
Nigeria,NGA,2012,"Gross enrolment ratio, upper secondary, gender parity index (GPI)",UIS.GER.3.GPI,0.8747
Nigeria,NGA,2011,"Gross enrolment ratio, upper secondary, gender parity index (GPI)",UIS.GER.3.GPI,0.8313
Nigeria,NGA,2010,"Gross enrolment ratio, upper secondary, gender parity index (GPI)",UIS.GER.3.GPI,0.86413
Nigeria,NGA,2009,"Gross enrolment ratio, upper secondary, gender parity index (GPI)",UIS.GER.3.GPI,0.87423
Nigeria,NGA,2008,"Gross enrolment ratio, upper secondary, gender parity index (GPI)",UIS.GER.3.GPI,0.80406
Nigeria,NGA,2007,"Gross enrolment ratio, upper secondary, gender parity index (GPI)",UIS.GER.3.GPI,0.73751
Nigeria,NGA,2006,"Gross enrolment ratio, upper secondary, gender parity index (GPI)",UIS.GER.3.GPI,0.79499
Nigeria,NGA,2005,"Gross enrolment ratio, upper secondary, gender parity index (GPI)",UIS.GER.3.GPI,0.80276
Nigeria,NGA,2004,"Gross enrolment ratio, upper secondary, gender parity index (GPI)",UIS.GER.3.GPI,0.79246
Nigeria,NGA,2002,"Gross enrolment ratio, upper secondary, gender parity index (GPI)",UIS.GER.3.GPI,0.83495
Nigeria,NGA,2001,"Gross enrolment ratio, upper secondary, gender parity index (GPI)",UIS.GER.3.GPI,0.83771
Nigeria,NGA,2000,"Gross enrolment ratio, upper secondary, gender parity index (GPI)",UIS.GER.3.GPI,0.85855
Nigeria,NGA,1999,"Gross enrolment ratio, upper secondary, gender parity index (GPI)",UIS.GER.3.GPI,0.86201
Nigeria,NGA,1999,"Gross graduation ratio from first degree programmes (ISCED 6 and 7) in tertiary education, gender parity index (GPI)",UIS.GGR.5.A.GPI,0.97415
Nigeria,NGA,2018,"Youth illiterate population, 15-24 years, both sexes (number)",UIS.LP.AG15T24,9364626
Nigeria,NGA,2008,"Youth illiterate population, 15-24 years, both sexes (number)",UIS.LP.AG15T24,9609078
Nigeria,NGA,2006,"Youth illiterate population, 15-24 years, both sexes (number)",UIS.LP.AG15T24,5898141
Nigeria,NGA,2003,"Youth illiterate population, 15-24 years, both sexes (number)",UIS.LP.AG15T24,8024712
Nigeria,NGA,1991,"Youth illiterate population, 15-24 years, both sexes (number)",UIS.LP.AG15T24,5164969
Nigeria,NGA,2018,"Youth illiterate population, 15-24 years, female (number)",UIS.LP.AG15T24.F,5855288
Nigeria,NGA,2008,"Youth illiterate population, 15-24 years, female (number)",UIS.LP.AG15T24.F,6010971
Nigeria,NGA,2006,"Youth illiterate population, 15-24 years, female (number)",UIS.LP.AG15T24.F,3506911
Nigeria,NGA,2003,"Youth illiterate population, 15-24 years, female (number)",UIS.LP.AG15T24.F,5109488
Nigeria,NGA,1991,"Youth illiterate population, 15-24 years, female (number)",UIS.LP.AG15T24.F,3425894
Nigeria,NGA,2018,"Youth illiterate population, 15-24 years, male (number)",UIS.LP.AG15T24.M,3509338
Nigeria,NGA,2008,"Youth illiterate population, 15-24 years, male (number)",UIS.LP.AG15T24.M,3598107
Nigeria,NGA,2006,"Youth illiterate population, 15-24 years, male (number)",UIS.LP.AG15T24.M,2391230
Nigeria,NGA,2003,"Youth illiterate population, 15-24 years, male (number)",UIS.LP.AG15T24.M,2915224
Nigeria,NGA,1991,"Youth illiterate population, 15-24 years, male (number)",UIS.LP.AG15T24.M,1739075
Nigeria,NGA,2018,"Adult illiterate population, 15+ years, both sexes (number)",UIS.LP.AG15T99,41763792
Nigeria,NGA,2008,"Adult illiterate population, 15+ years, both sexes (number)",UIS.LP.AG15T99,40965338
Nigeria,NGA,2006,"Adult illiterate population, 15+ years, both sexes (number)",UIS.LP.AG15T99,23862445
Nigeria,NGA,2003,"Adult illiterate population, 15+ years, both sexes (number)",UIS.LP.AG15T99,33385169
Nigeria,NGA,1991,"Adult illiterate population, 15+ years, both sexes (number)",UIS.LP.AG15T99,23849239
Nigeria,NGA,2018,"Adult illiterate population, 15+ years, female (number)",UIS.LP.AG15T99.F,25859658
Nigeria,NGA,2008,"Adult illiterate population, 15+ years, female (number)",UIS.LP.AG15T99.F,24584178
Nigeria,NGA,2006,"Adult illiterate population, 15+ years, female (number)",UIS.LP.AG15T99.F,14270903
Nigeria,NGA,2003,"Adult illiterate population, 15+ years, female (number)",UIS.LP.AG15T99.F,21012853
Nigeria,NGA,1991,"Adult illiterate population, 15+ years, female (number)",UIS.LP.AG15T99.F,15175929
Nigeria,NGA,2018,"Adult illiterate population, 15+ years, male (number)",UIS.LP.AG15T99.M,15904134
Nigeria,NGA,2008,"Adult illiterate population, 15+ years, male (number)",UIS.LP.AG15T99.M,16381160
Nigeria,NGA,2006,"Adult illiterate population, 15+ years, male (number)",UIS.LP.AG15T99.M,9591542
Nigeria,NGA,2003,"Adult illiterate population, 15+ years, male (number)",UIS.LP.AG15T99.M,12372316
Nigeria,NGA,1991,"Adult illiterate population, 15+ years, male (number)",UIS.LP.AG15T99.M,8673310
Nigeria,NGA,2018,"Youth illiterate population, 15-24 years, % female",UIS.LPP.AG15T24,62.5256
Nigeria,NGA,2008,"Youth illiterate population, 15-24 years, % female",UIS.LPP.AG15T24,62.55513
Nigeria,NGA,2006,"Youth illiterate population, 15-24 years, % female",UIS.LPP.AG15T24,59.45791
Nigeria,NGA,2003,"Youth illiterate population, 15-24 years, % female",UIS.LPP.AG15T24,63.67192
Nigeria,NGA,1991,"Youth illiterate population, 15-24 years, % female",UIS.LPP.AG15T24,66.32942
Nigeria,NGA,2018,"Adult illiterate population, 15+ years, % female",UIS.LPP.AG15T99,61.91885
Nigeria,NGA,2008,"Adult illiterate population, 15+ years, % female",UIS.LPP.AG15T99,60.01214
Nigeria,NGA,2006,"Adult illiterate population, 15+ years, % female",UIS.LPP.AG15T99,59.80486
Nigeria,NGA,2003,"Adult illiterate population, 15+ years, % female",UIS.LPP.AG15T99,62.94068
Nigeria,NGA,1991,"Adult illiterate population, 15+ years, % female",UIS.LPP.AG15T99,63.63276
Nigeria,NGA,2010,"Total net enrolment rate, primary, gender parity index (GPI)",UIS.NERT.1.GPI,0.83645
Nigeria,NGA,2009,"Total net enrolment rate, primary, gender parity index (GPI)",UIS.NERT.1.GPI,0.82517
Nigeria,NGA,2008,"Total net enrolment rate, primary, gender parity index (GPI)",UIS.NERT.1.GPI,0.8168
Nigeria,NGA,2007,"Total net enrolment rate, primary, gender parity index (GPI)",UIS.NERT.1.GPI,0.80966
Nigeria,NGA,2006,"Total net enrolment rate, primary, gender parity index (GPI)",UIS.NERT.1.GPI,0.8895
Nigeria,NGA,2005,"Total net enrolment rate, primary, gender parity index (GPI)",UIS.NERT.1.GPI,0.87294
Nigeria,NGA,2004,"Total net enrolment rate, primary, gender parity index (GPI)",UIS.NERT.1.GPI,0.86657
Nigeria,NGA,2000,"Total net enrolment rate, primary, gender parity index (GPI)",UIS.NERT.1.GPI,0.8385
Nigeria,NGA,1999,"Total net enrolment rate, primary, gender parity index (GPI)",UIS.NERT.1.GPI,0.83614
Nigeria,NGA,2018,"Total outbound internationally mobile tertiary students studying abroad, all countries, both sexes (number)",UIS.OE.56.40510,76338
Nigeria,NGA,2017,"Total outbound internationally mobile tertiary students studying abroad, all countries, both sexes (number)",UIS.OE.56.40510,85925
Nigeria,NGA,2016,"Total outbound internationally mobile tertiary students studying abroad, all countries, both sexes (number)",UIS.OE.56.40510,96702
Nigeria,NGA,2015,"Total outbound internationally mobile tertiary students studying abroad, all countries, both sexes (number)",UIS.OE.56.40510,92548
Nigeria,NGA,2014,"Total outbound internationally mobile tertiary students studying abroad, all countries, both sexes (number)",UIS.OE.56.40510,79467
Nigeria,NGA,2013,"Total outbound internationally mobile tertiary students studying abroad, all countries, both sexes (number)",UIS.OE.56.40510,63904
Nigeria,NGA,2012,"Total outbound internationally mobile tertiary students studying abroad, all countries, both sexes (number)",UIS.OE.56.40510,57640
Nigeria,NGA,2011,"Total outbound internationally mobile tertiary students studying abroad, all countries, both sexes (number)",UIS.OE.56.40510,57055
Nigeria,NGA,2010,"Total outbound internationally mobile tertiary students studying abroad, all countries, both sexes (number)",UIS.OE.56.40510,52433
Nigeria,NGA,2009,"Total outbound internationally mobile tertiary students studying abroad, all countries, both sexes (number)",UIS.OE.56.40510,49913
Nigeria,NGA,2008,"Total outbound internationally mobile tertiary students studying abroad, all countries, both sexes (number)",UIS.OE.56.40510,41585
Nigeria,NGA,2007,"Total outbound internationally mobile tertiary students studying abroad, all countries, both sexes (number)",UIS.OE.56.40510,37664
Nigeria,NGA,2006,"Total outbound internationally mobile tertiary students studying abroad, all countries, both sexes (number)",UIS.OE.56.40510,35416
Nigeria,NGA,2005,"Total outbound internationally mobile tertiary students studying abroad, all countries, both sexes (number)",UIS.OE.56.40510,34253
Nigeria,NGA,2004,"Total outbound internationally mobile tertiary students studying abroad, all countries, both sexes (number)",UIS.OE.56.40510,30755
Nigeria,NGA,2003,"Total outbound internationally mobile tertiary students studying abroad, all countries, both sexes (number)",UIS.OE.56.40510,28451
Nigeria,NGA,2002,"Total outbound internationally mobile tertiary students studying abroad, all countries, both sexes (number)",UIS.OE.56.40510,25566
Nigeria,NGA,2001,"Total outbound internationally mobile tertiary students studying abroad, all countries, both sexes (number)",UIS.OE.56.40510,23676
Nigeria,NGA,2000,"Total outbound internationally mobile tertiary students studying abroad, all countries, both sexes (number)",UIS.OE.56.40510,23373
Nigeria,NGA,1999,"Total outbound internationally mobile tertiary students studying abroad, all countries, both sexes (number)",UIS.OE.56.40510,22464
Nigeria,NGA,1998,"Total outbound internationally mobile tertiary students studying abroad, all countries, both sexes (number)",UIS.OE.56.40510,22135
Nigeria,NGA,2011,"Outbound mobility ratio, all regions, both sexes (%)",UIS.OMR.56,3.77006
Nigeria,NGA,2010,"Outbound mobility ratio, all regions, both sexes (%)",UIS.OMR.56,3.75973
Nigeria,NGA,2005,"Outbound mobility ratio, all regions, both sexes (%)",UIS.OMR.56,2.46151
Nigeria,NGA,2004,"Outbound mobility ratio, all regions, both sexes (%)",UIS.OMR.56,2.38472
Nigeria,NGA,2003,"Outbound mobility ratio, all regions, both sexes (%)",UIS.OMR.56,2.30515
Nigeria,NGA,1999,"Outbound mobility ratio, all regions, both sexes (%)",UIS.OMR.56,3.21323
Nigeria,NGA,2010,"Out-of-school rate for children of primary school age, both sexes (%)",UIS.ROFST.1,34.01708
Nigeria,NGA,2009,"Out-of-school rate for children of primary school age, both sexes (%)",UIS.ROFST.1,34.0132
Nigeria,NGA,2008,"Out-of-school rate for children of primary school age, both sexes (%)",UIS.ROFST.1,35.10527
Nigeria,NGA,2007,"Out-of-school rate for children of primary school age, both sexes (%)",UIS.ROFST.1,28.33118
Nigeria,NGA,2006,"Out-of-school rate for children of primary school age, both sexes (%)",UIS.ROFST.1,31.17347
Nigeria,NGA,2005,"Out-of-school rate for children of primary school age, both sexes (%)",UIS.ROFST.1,31.63383
Nigeria,NGA,2004,"Out-of-school rate for children of primary school age, both sexes (%)",UIS.ROFST.1,32.076
Nigeria,NGA,2000,"Out-of-school rate for children of primary school age, both sexes (%)",UIS.ROFST.1,33.82014
Nigeria,NGA,1999,"Out-of-school rate for children of primary school age, both sexes (%)",UIS.ROFST.1,36.88728
Nigeria,NGA,2010,"Out-of-school rate for children of primary school age, female (%)",UIS.ROFST.1.F,39.99406
Nigeria,NGA,2009,"Out-of-school rate for children of primary school age, female (%)",UIS.ROFST.1.F,40.43941
Nigeria,NGA,2008,"Out-of-school rate for children of primary school age, female (%)",UIS.ROFST.1.F,41.75544
Nigeria,NGA,2007,"Out-of-school rate for children of primary school age, female (%)",UIS.ROFST.1.F,35.98887
Nigeria,NGA,2006,"Out-of-school rate for children of primary school age, female (%)",UIS.ROFST.1.F,35.26484
Nigeria,NGA,2005,"Out-of-school rate for children of primary school age, female (%)",UIS.ROFST.1.F,36.34708
Nigeria,NGA,2004,"Out-of-school rate for children of primary school age, female (%)",UIS.ROFST.1.F,37.00898
Nigeria,NGA,2000,"Out-of-school rate for children of primary school age, female (%)",UIS.ROFST.1.F,39.72256
Nigeria,NGA,1999,"Out-of-school rate for children of primary school age, female (%)",UIS.ROFST.1.F,42.60559
Nigeria,NGA,2010,"Out-of-school rate for children of primary school age, male (%)",UIS.ROFST.1.M,28.26113
Nigeria,NGA,2009,"Out-of-school rate for children of primary school age, male (%)",UIS.ROFST.1.M,27.82008
Nigeria,NGA,2008,"Out-of-school rate for children of primary school age, male (%)",UIS.ROFST.1.M,28.69161
Nigeria,NGA,2007,"Out-of-school rate for children of primary school age, male (%)",UIS.ROFST.1.M,20.94112
Nigeria,NGA,2006,"Out-of-school rate for children of primary school age, male (%)",UIS.ROFST.1.M,27.22335
Nigeria,NGA,2005,"Out-of-school rate for children of primary school age, male (%)",UIS.ROFST.1.M,27.08183
Nigeria,NGA,2004,"Out-of-school rate for children of primary school age, male (%)",UIS.ROFST.1.M,27.31013
Nigeria,NGA,2000,"Out-of-school rate for children of primary school age, male (%)",UIS.ROFST.1.M,28.11318
Nigeria,NGA,1999,"Out-of-school rate for children of primary school age, male (%)",UIS.ROFST.1.M,31.35769
Nigeria,NGA,2020,"Population of the official entrance age to primary education, both sexes (number)",UIS.SAP.1.G1,6028398
Nigeria,NGA,2019,"Population of the official entrance age to primary education, both sexes (number)",UIS.SAP.1.G1,5892468
Nigeria,NGA,2018,"Population of the official entrance age to primary education, both sexes (number)",UIS.SAP.1.G1,5747257
Nigeria,NGA,2017,"Population of the official entrance age to primary education, both sexes (number)",UIS.SAP.1.G1,5598730
Nigeria,NGA,2016,"Population of the official entrance age to primary education, both sexes (number)",UIS.SAP.1.G1,5452133
Nigeria,NGA,2015,"Population of the official entrance age to primary education, both sexes (number)",UIS.SAP.1.G1,5326142
Nigeria,NGA,2014,"Population of the official entrance age to primary education, both sexes (number)",UIS.SAP.1.G1,5195842
Nigeria,NGA,2013,"Population of the official entrance age to primary education, both sexes (number)",UIS.SAP.1.G1,5060309
Nigeria,NGA,2012,"Population of the official entrance age to primary education, both sexes (number)",UIS.SAP.1.G1,4919293
Nigeria,NGA,2011,"Population of the official entrance age to primary education, both sexes (number)",UIS.SAP.1.G1,4772678
Nigeria,NGA,2010,"Population of the official entrance age to primary education, both sexes (number)",UIS.SAP.1.G1,4642603
Nigeria,NGA,2009,"Population of the official entrance age to primary education, both sexes (number)",UIS.SAP.1.G1,4501897
Nigeria,NGA,2008,"Population of the official entrance age to primary education, both sexes (number)",UIS.SAP.1.G1,4357361
Nigeria,NGA,2007,"Population of the official entrance age to primary education, both sexes (number)",UIS.SAP.1.G1,4215099
Nigeria,NGA,2006,"Population of the official entrance age to primary education, both sexes (number)",UIS.SAP.1.G1,4080713
Nigeria,NGA,2005,"Population of the official entrance age to primary education, both sexes (number)",UIS.SAP.1.G1,3975071
Nigeria,NGA,2004,"Population of the official entrance age to primary education, both sexes (number)",UIS.SAP.1.G1,3864153
Nigeria,NGA,2003,"Population of the official entrance age to primary education, both sexes (number)",UIS.SAP.1.G1,3753016
Nigeria,NGA,2002,"Population of the official entrance age to primary education, both sexes (number)",UIS.SAP.1.G1,3645654
Nigeria,NGA,2001,"Population of the official entrance age to primary education, both sexes (number)",UIS.SAP.1.G1,3545817
Nigeria,NGA,2000,"Population of the official entrance age to primary education, both sexes (number)",UIS.SAP.1.G1,3479693
Nigeria,NGA,1999,"Population of the official entrance age to primary education, both sexes (number)",UIS.SAP.1.G1,3408095
Nigeria,NGA,1998,"Population of the official entrance age to primary education, both sexes (number)",UIS.SAP.1.G1,3333596
Nigeria,NGA,1997,"Population of the official entrance age to primary education, both sexes (number)",UIS.SAP.1.G1,3258777
Nigeria,NGA,1996,"Population of the official entrance age to primary education, both sexes (number)",UIS.SAP.1.G1,3185341
Nigeria,NGA,1995,"Population of the official entrance age to primary education, both sexes (number)",UIS.SAP.1.G1,3141756
Nigeria,NGA,1994,"Population of the official entrance age to primary education, both sexes (number)",UIS.SAP.1.G1,3091924
Nigeria,NGA,1993,"Population of the official entrance age to primary education, both sexes (number)",UIS.SAP.1.G1,3035033
Nigeria,NGA,1992,"Population of the official entrance age to primary education, both sexes (number)",UIS.SAP.1.G1,2971318
Nigeria,NGA,1991,"Population of the official entrance age to primary education, both sexes (number)",UIS.SAP.1.G1,2900178
Nigeria,NGA,1990,"Population of the official entrance age to primary education, both sexes (number)",UIS.SAP.1.G1,2848990
Nigeria,NGA,1989,"Population of the official entrance age to primary education, both sexes (number)",UIS.SAP.1.G1,2786938
Nigeria,NGA,1988,"Population of the official entrance age to primary education, both sexes (number)",UIS.SAP.1.G1,2716063
Nigeria,NGA,1987,"Population of the official entrance age to primary education, both sexes (number)",UIS.SAP.1.G1,2639344
Nigeria,NGA,1986,"Population of the official entrance age to primary education, both sexes (number)",UIS.SAP.1.G1,2558660
Nigeria,NGA,1985,"Population of the official entrance age to primary education, both sexes (number)",UIS.SAP.1.G1,2495614
Nigeria,NGA,1984,"Population of the official entrance age to primary education, both sexes (number)",UIS.SAP.1.G1,2424699
Nigeria,NGA,1983,"Population of the official entrance age to primary education, both sexes (number)",UIS.SAP.1.G1,2347447
Nigeria,NGA,1982,"Population of the official entrance age to primary education, both sexes (number)",UIS.SAP.1.G1,2265188
Nigeria,NGA,1981,"Population of the official entrance age to primary education, both sexes (number)",UIS.SAP.1.G1,2179255
Nigeria,NGA,1980,"Population of the official entrance age to primary education, both sexes (number)",UIS.SAP.1.G1,2114260
Nigeria,NGA,1979,"Population of the official entrance age to primary education, both sexes (number)",UIS.SAP.1.G1,2038896
Nigeria,NGA,1978,"Population of the official entrance age to primary education, both sexes (number)",UIS.SAP.1.G1,1959812
Nigeria,NGA,1977,"Population of the official entrance age to primary education, both sexes (number)",UIS.SAP.1.G1,1883470
Nigeria,NGA,1976,"Population of the official entrance age to primary education, both sexes (number)",UIS.SAP.1.G1,1815144
Nigeria,NGA,1975,"Population of the official entrance age to primary education, both sexes (number)",UIS.SAP.1.G1,1771478
Nigeria,NGA,1974,"Population of the official entrance age to primary education, both sexes (number)",UIS.SAP.1.G1,1729117
Nigeria,NGA,1973,"Population of the official entrance age to primary education, both sexes (number)",UIS.SAP.1.G1,1686587
Nigeria,NGA,1972,"Population of the official entrance age to primary education, both sexes (number)",UIS.SAP.1.G1,1642651
Nigeria,NGA,1971,"Population of the official entrance age to primary education, both sexes (number)",UIS.SAP.1.G1,1595817
Nigeria,NGA,1970,"Population of the official entrance age to primary education, both sexes (number)",UIS.SAP.1.G1,1566687
Nigeria,NGA,2020,"Population of the official entrance age to primary education, female (number)",UIS.SAP.1.G1.F,2946960
Nigeria,NGA,2019,"Population of the official entrance age to primary education, female (number)",UIS.SAP.1.G1.F,2880990
Nigeria,NGA,2018,"Population of the official entrance age to primary education, female (number)",UIS.SAP.1.G1.F,2810557
Nigeria,NGA,2017,"Population of the official entrance age to primary education, female (number)",UIS.SAP.1.G1.F,2738544
Nigeria,NGA,2016,"Population of the official entrance age to primary education, female (number)",UIS.SAP.1.G1.F,2667501
Nigeria,NGA,2015,"Population of the official entrance age to primary education, female (number)",UIS.SAP.1.G1.F,2606176
Nigeria,NGA,2014,"Population of the official entrance age to primary education, female (number)",UIS.SAP.1.G1.F,2542835
Nigeria,NGA,2013,"Population of the official entrance age to primary education, female (number)",UIS.SAP.1.G1.F,2477039
Nigeria,NGA,2012,"Population of the official entrance age to primary education, female (number)",UIS.SAP.1.G1.F,2408660
Nigeria,NGA,2011,"Population of the official entrance age to primary education, female (number)",UIS.SAP.1.G1.F,2337657
Nigeria,NGA,2010,"Population of the official entrance age to primary education, female (number)",UIS.SAP.1.G1.F,2274513
Nigeria,NGA,2009,"Population of the official entrance age to primary education, female (number)",UIS.SAP.1.G1.F,2206364
Nigeria,NGA,2008,"Population of the official entrance age to primary education, female (number)",UIS.SAP.1.G1.F,2136412
Nigeria,NGA,2007,"Population of the official entrance age to primary education, female (number)",UIS.SAP.1.G1.F,2067523
Nigeria,NGA,2006,"Population of the official entrance age to primary education, female (number)",UIS.SAP.1.G1.F,2002348
Nigeria,NGA,2005,"Population of the official entrance age to primary education, female (number)",UIS.SAP.1.G1.F,1950909
Nigeria,NGA,2004,"Population of the official entrance age to primary education, female (number)",UIS.SAP.1.G1.F,1896888
Nigeria,NGA,2003,"Population of the official entrance age to primary education, female (number)",UIS.SAP.1.G1.F,1842741
Nigeria,NGA,2002,"Population of the official entrance age to primary education, female (number)",UIS.SAP.1.G1.F,1790402
Nigeria,NGA,2001,"Population of the official entrance age to primary education, female (number)",UIS.SAP.1.G1.F,1741700
Nigeria,NGA,2000,"Population of the official entrance age to primary education, female (number)",UIS.SAP.1.G1.F,1709334
Nigeria,NGA,1999,"Population of the official entrance age to primary education, female (number)",UIS.SAP.1.G1.F,1674357
Nigeria,NGA,1998,"Population of the official entrance age to primary education, female (number)",UIS.SAP.1.G1.F,1637950
Nigeria,NGA,1997,"Population of the official entrance age to primary education, female (number)",UIS.SAP.1.G1.F,1601299
Nigeria,NGA,1996,"Population of the official entrance age to primary education, female (number)",UIS.SAP.1.G1.F,1565187
Nigeria,NGA,1995,"Population of the official entrance age to primary education, female (number)",UIS.SAP.1.G1.F,1543580
Nigeria,NGA,1994,"Population of the official entrance age to primary education, female (number)",UIS.SAP.1.G1.F,1518834
Nigeria,NGA,1993,"Population of the official entrance age to primary education, female (number)",UIS.SAP.1.G1.F,1490654
Nigeria,NGA,1992,"Population of the official entrance age to primary education, female (number)",UIS.SAP.1.G1.F,1459248
Nigeria,NGA,1991,"Population of the official entrance age to primary education, female (number)",UIS.SAP.1.G1.F,1424409
Nigeria,NGA,1990,"Population of the official entrance age to primary education, female (number)",UIS.SAP.1.G1.F,1399394
Nigeria,NGA,1989,"Population of the official entrance age to primary education, female (number)",UIS.SAP.1.G1.F,1369281
Nigeria,NGA,1988,"Population of the official entrance age to primary education, female (number)",UIS.SAP.1.G1.F,1334916
Nigeria,NGA,1987,"Population of the official entrance age to primary education, female (number)",UIS.SAP.1.G1.F,1297590
Nigeria,NGA,1986,"Population of the official entrance age to primary education, female (number)",UIS.SAP.1.G1.F,1258099
Nigeria,NGA,1985,"Population of the official entrance age to primary education, female (number)",UIS.SAP.1.G1.F,1227238
Nigeria,NGA,1984,"Population of the official entrance age to primary education, female (number)",UIS.SAP.1.G1.F,1192388
Nigeria,NGA,1983,"Population of the official entrance age to primary education, female (number)",UIS.SAP.1.G1.F,1154495
Nigeria,NGA,1982,"Population of the official entrance age to primary education, female (number)",UIS.SAP.1.G1.F,1114416
Nigeria,NGA,1981,"Population of the official entrance age to primary education, female (number)",UIS.SAP.1.G1.F,1072960
Nigeria,NGA,1980,"Population of the official entrance age to primary education, female (number)",UIS.SAP.1.G1.F,1041205
Nigeria,NGA,1979,"Population of the official entrance age to primary education, female (number)",UIS.SAP.1.G1.F,1004745
Nigeria,NGA,1978,"Population of the official entrance age to primary education, female (number)",UIS.SAP.1.G1.F,966606
Nigeria,NGA,1977,"Population of the official entrance age to primary education, female (number)",UIS.SAP.1.G1.F,929700
Nigeria,NGA,1976,"Population of the official entrance age to primary education, female (number)",UIS.SAP.1.G1.F,896403
Nigeria,NGA,1975,"Population of the official entrance age to primary education, female (number)",UIS.SAP.1.G1.F,875271
Nigeria,NGA,1974,"Population of the official entrance age to primary education, female (number)",UIS.SAP.1.G1.F,854565
Nigeria,NGA,1973,"Population of the official entrance age to primary education, female (number)",UIS.SAP.1.G1.F,833662
Nigeria,NGA,1972,"Population of the official entrance age to primary education, female (number)",UIS.SAP.1.G1.F,812077
Nigeria,NGA,1971,"Population of the official entrance age to primary education, female (number)",UIS.SAP.1.G1.F,789189
Nigeria,NGA,1970,"Population of the official entrance age to primary education, female (number)",UIS.SAP.1.G1.F,774976
Nigeria,NGA,2020,"Population of the official entrance age to primary education, male (number)",UIS.SAP.1.G1.M,3081438
Nigeria,NGA,2019,"Population of the official entrance age to primary education, male (number)",UIS.SAP.1.G1.M,3011478
Nigeria,NGA,2018,"Population of the official entrance age to primary education, male (number)",UIS.SAP.1.G1.M,2936700
Nigeria,NGA,2017,"Population of the official entrance age to primary education, male (number)",UIS.SAP.1.G1.M,2860186
Nigeria,NGA,2016,"Population of the official entrance age to primary education, male (number)",UIS.SAP.1.G1.M,2784632
Nigeria,NGA,2015,"Population of the official entrance age to primary education, male (number)",UIS.SAP.1.G1.M,2719966
Nigeria,NGA,2014,"Population of the official entrance age to primary education, male (number)",UIS.SAP.1.G1.M,2653007
Nigeria,NGA,2013,"Population of the official entrance age to primary education, male (number)",UIS.SAP.1.G1.M,2583270
Nigeria,NGA,2012,"Population of the official entrance age to primary education, male (number)",UIS.SAP.1.G1.M,2510633
Nigeria,NGA,2011,"Population of the official entrance age to primary education, male (number)",UIS.SAP.1.G1.M,2435021
Nigeria,NGA,2010,"Population of the official entrance age to primary education, male (number)",UIS.SAP.1.G1.M,2368090
Nigeria,NGA,2009,"Population of the official entrance age to primary education, male (number)",UIS.SAP.1.G1.M,2295533
Nigeria,NGA,2008,"Population of the official entrance age to primary education, male (number)",UIS.SAP.1.G1.M,2220949
Nigeria,NGA,2007,"Population of the official entrance age to primary education, male (number)",UIS.SAP.1.G1.M,2147576
Nigeria,NGA,2006,"Population of the official entrance age to primary education, male (number)",UIS.SAP.1.G1.M,2078365
Nigeria,NGA,2005,"Population of the official entrance age to primary education, male (number)",UIS.SAP.1.G1.M,2024162
Nigeria,NGA,2004,"Population of the official entrance age to primary education, male (number)",UIS.SAP.1.G1.M,1967265
Nigeria,NGA,2003,"Population of the official entrance age to primary education, male (number)",UIS.SAP.1.G1.M,1910275
Nigeria,NGA,2002,"Population of the official entrance age to primary education, male (number)",UIS.SAP.1.G1.M,1855252
Nigeria,NGA,2001,"Population of the official entrance age to primary education, male (number)",UIS.SAP.1.G1.M,1804117
Nigeria,NGA,2000,"Population of the official entrance age to primary education, male (number)",UIS.SAP.1.G1.M,1770359
Nigeria,NGA,1999,"Population of the official entrance age to primary education, male (number)",UIS.SAP.1.G1.M,1733738
Nigeria,NGA,1998,"Population of the official entrance age to primary education, male (number)",UIS.SAP.1.G1.M,1695646
Nigeria,NGA,1997,"Population of the official entrance age to primary education, male (number)",UIS.SAP.1.G1.M,1657478
Nigeria,NGA,1996,"Population of the official entrance age to primary education, male (number)",UIS.SAP.1.G1.M,1620154
Nigeria,NGA,1995,"Population of the official entrance age to primary education, male (number)",UIS.SAP.1.G1.M,1598176
Nigeria,NGA,1994,"Population of the official entrance age to primary education, male (number)",UIS.SAP.1.G1.M,1573090
Nigeria,NGA,1993,"Population of the official entrance age to primary education, male (number)",UIS.SAP.1.G1.M,1544379
Nigeria,NGA,1992,"Population of the official entrance age to primary education, male (number)",UIS.SAP.1.G1.M,1512070
Nigeria,NGA,1991,"Population of the official entrance age to primary education, male (number)",UIS.SAP.1.G1.M,1475769
Nigeria,NGA,1990,"Population of the official entrance age to primary education, male (number)",UIS.SAP.1.G1.M,1449596
Nigeria,NGA,1989,"Population of the official entrance age to primary education, male (number)",UIS.SAP.1.G1.M,1417657
Nigeria,NGA,1988,"Population of the official entrance age to primary education, male (number)",UIS.SAP.1.G1.M,1381147
Nigeria,NGA,1987,"Population of the official entrance age to primary education, male (number)",UIS.SAP.1.G1.M,1341754
Nigeria,NGA,1986,"Population of the official entrance age to primary education, male (number)",UIS.SAP.1.G1.M,1300561
Nigeria,NGA,1985,"Population of the official entrance age to primary education, male (number)",UIS.SAP.1.G1.M,1268376
Nigeria,NGA,1984,"Population of the official entrance age to primary education, male (number)",UIS.SAP.1.G1.M,1232311
Nigeria,NGA,1983,"Population of the official entrance age to primary education, male (number)",UIS.SAP.1.G1.M,1192952
Nigeria,NGA,1982,"Population of the official entrance age to primary education, male (number)",UIS.SAP.1.G1.M,1150772
Nigeria,NGA,1981,"Population of the official entrance age to primary education, male (number)",UIS.SAP.1.G1.M,1106295
Nigeria,NGA,1980,"Population of the official entrance age to primary education, male (number)",UIS.SAP.1.G1.M,1073055
Nigeria,NGA,1979,"Population of the official entrance age to primary education, male (number)",UIS.SAP.1.G1.M,1034151
Nigeria,NGA,1978,"Population of the official entrance age to primary education, male (number)",UIS.SAP.1.G1.M,993206
Nigeria,NGA,1977,"Population of the official entrance age to primary education, male (number)",UIS.SAP.1.G1.M,953770
Nigeria,NGA,1976,"Population of the official entrance age to primary education, male (number)",UIS.SAP.1.G1.M,918741
Nigeria,NGA,1975,"Population of the official entrance age to primary education, male (number)",UIS.SAP.1.G1.M,896207
Nigeria,NGA,1974,"Population of the official entrance age to primary education, male (number)",UIS.SAP.1.G1.M,874552
Nigeria,NGA,1973,"Population of the official entrance age to primary education, male (number)",UIS.SAP.1.G1.M,852925
Nigeria,NGA,1972,"Population of the official entrance age to primary education, male (number)",UIS.SAP.1.G1.M,830574
Nigeria,NGA,1971,"Population of the official entrance age to primary education, male (number)",UIS.SAP.1.G1.M,806628
Nigeria,NGA,1970,"Population of the official entrance age to primary education, male (number)",UIS.SAP.1.G1.M,791711
Nigeria,NGA,2019,"School age population, post-secondary non-tertiary education, both sexes (number)",UIS.SAP.4,7733878
Nigeria,NGA,2018,"School age population, post-secondary non-tertiary education, both sexes (number)",UIS.SAP.4,7481052
Nigeria,NGA,2017,"School age population, post-secondary non-tertiary education, both sexes (number)",UIS.SAP.4,7253872
Nigeria,NGA,2016,"School age population, post-secondary non-tertiary education, both sexes (number)",UIS.SAP.4,7050580
Nigeria,NGA,2015,"School age population, post-secondary non-tertiary education, both sexes (number)",UIS.SAP.4,6841686
Nigeria,NGA,2014,"School age population, post-secondary non-tertiary education, both sexes (number)",UIS.SAP.4,6648302
Nigeria,NGA,2013,"School age population, post-secondary non-tertiary education, both sexes (number)",UIS.SAP.4,6475495
Nigeria,NGA,2012,"School age population, post-secondary non-tertiary education, both sexes (number)",UIS.SAP.4,6325786
Nigeria,NGA,2011,"School age population, post-secondary non-tertiary education, both sexes (number)",UIS.SAP.4,6194205
Nigeria,NGA,2010,"School age population, post-secondary non-tertiary education, both sexes (number)",UIS.SAP.4,6058774
Nigeria,NGA,2009,"School age population, post-secondary non-tertiary education, both sexes (number)",UIS.SAP.4,5936739
Nigeria,NGA,2008,"School age population, post-secondary non-tertiary education, both sexes (number)",UIS.SAP.4,5827720
Nigeria,NGA,2007,"School age population, post-secondary non-tertiary education, both sexes (number)",UIS.SAP.4,5727211
Nigeria,NGA,2006,"School age population, post-secondary non-tertiary education, both sexes (number)",UIS.SAP.4,5631121
Nigeria,NGA,2005,"School age population, post-secondary non-tertiary education, both sexes (number)",UIS.SAP.4,5517639
Nigeria,NGA,2004,"School age population, post-secondary non-tertiary education, both sexes (number)",UIS.SAP.4,5416051
Nigeria,NGA,2003,"School age population, post-secondary non-tertiary education, both sexes (number)",UIS.SAP.4,5319646
Nigeria,NGA,2002,"School age population, post-secondary non-tertiary education, both sexes (number)",UIS.SAP.4,5214805
Nigeria,NGA,2001,"School age population, post-secondary non-tertiary education, both sexes (number)",UIS.SAP.4,5097280
Nigeria,NGA,2000,"School age population, post-secondary non-tertiary education, both sexes (number)",UIS.SAP.4,4954707
Nigeria,NGA,1999,"School age population, post-secondary non-tertiary education, both sexes (number)",UIS.SAP.4,4818813
Nigeria,NGA,2019,"School age population, post-secondary non-tertiary education, female (number)",UIS.SAP.4.F,3804180
Nigeria,NGA,2018,"School age population, post-secondary non-tertiary education, female (number)",UIS.SAP.4.F,3681282
Nigeria,NGA,2017,"School age population, post-secondary non-tertiary education, female (number)",UIS.SAP.4.F,3570652
Nigeria,NGA,2016,"School age population, post-secondary non-tertiary education, female (number)",UIS.SAP.4.F,3471560
Nigeria,NGA,2015,"School age population, post-secondary non-tertiary education, female (number)",UIS.SAP.4.F,3369336
Nigeria,NGA,2014,"School age population, post-secondary non-tertiary education, female (number)",UIS.SAP.4.F,3274803
Nigeria,NGA,2013,"School age population, post-secondary non-tertiary education, female (number)",UIS.SAP.4.F,3190279
Nigeria,NGA,2012,"School age population, post-secondary non-tertiary education, female (number)",UIS.SAP.4.F,3116899
Nigeria,NGA,2011,"School age population, post-secondary non-tertiary education, female (number)",UIS.SAP.4.F,3052363
Nigeria,NGA,2010,"School age population, post-secondary non-tertiary education, female (number)",UIS.SAP.4.F,2985442
Nigeria,NGA,2009,"School age population, post-secondary non-tertiary education, female (number)",UIS.SAP.4.F,2925284
Nigeria,NGA,2008,"School age population, post-secondary non-tertiary education, female (number)",UIS.SAP.4.F,2871533
Nigeria,NGA,2007,"School age population, post-secondary non-tertiary education, female (number)",UIS.SAP.4.F,2821813
Nigeria,NGA,2006,"School age population, post-secondary non-tertiary education, female (number)",UIS.SAP.4.F,2774231
Nigeria,NGA,2005,"School age population, post-secondary non-tertiary education, female (number)",UIS.SAP.4.F,2717800
Nigeria,NGA,2004,"School age population, post-secondary non-tertiary education, female (number)",UIS.SAP.4.F,2667290
Nigeria,NGA,2003,"School age population, post-secondary non-tertiary education, female (number)",UIS.SAP.4.F,2619469
Nigeria,NGA,2002,"School age population, post-secondary non-tertiary education, female (number)",UIS.SAP.4.F,2567880
Nigeria,NGA,2001,"School age population, post-secondary non-tertiary education, female (number)",UIS.SAP.4.F,2510549
Nigeria,NGA,2000,"School age population, post-secondary non-tertiary education, female (number)",UIS.SAP.4.F,2441046
Nigeria,NGA,1999,"School age population, post-secondary non-tertiary education, female (number)",UIS.SAP.4.F,2374903
Nigeria,NGA,2019,"School age population, post-secondary non-tertiary education, male (number)",UIS.SAP.4.M,3929698
Nigeria,NGA,2018,"School age population, post-secondary non-tertiary education, male (number)",UIS.SAP.4.M,3799770
Nigeria,NGA,2017,"School age population, post-secondary non-tertiary education, male (number)",UIS.SAP.4.M,3683220
Nigeria,NGA,2016,"School age population, post-secondary non-tertiary education, male (number)",UIS.SAP.4.M,3579020
Nigeria,NGA,2015,"School age population, post-secondary non-tertiary education, male (number)",UIS.SAP.4.M,3472350
Nigeria,NGA,2014,"School age population, post-secondary non-tertiary education, male (number)",UIS.SAP.4.M,3373499
Nigeria,NGA,2013,"School age population, post-secondary non-tertiary education, male (number)",UIS.SAP.4.M,3285216
Nigeria,NGA,2012,"School age population, post-secondary non-tertiary education, male (number)",UIS.SAP.4.M,3208887
Nigeria,NGA,2011,"School age population, post-secondary non-tertiary education, male (number)",UIS.SAP.4.M,3141842
Nigeria,NGA,2010,"School age population, post-secondary non-tertiary education, male (number)",UIS.SAP.4.M,3073332
Nigeria,NGA,2009,"School age population, post-secondary non-tertiary education, male (number)",UIS.SAP.4.M,3011455
Nigeria,NGA,2008,"School age population, post-secondary non-tertiary education, male (number)",UIS.SAP.4.M,2956187
Nigeria,NGA,2007,"School age population, post-secondary non-tertiary education, male (number)",UIS.SAP.4.M,2905398
Nigeria,NGA,2006,"School age population, post-secondary non-tertiary education, male (number)",UIS.SAP.4.M,2856890
Nigeria,NGA,2005,"School age population, post-secondary non-tertiary education, male (number)",UIS.SAP.4.M,2799839
Nigeria,NGA,2004,"School age population, post-secondary non-tertiary education, male (number)",UIS.SAP.4.M,2748761
Nigeria,NGA,2003,"School age population, post-secondary non-tertiary education, male (number)",UIS.SAP.4.M,2700177
Nigeria,NGA,2002,"School age population, post-secondary non-tertiary education, male (number)",UIS.SAP.4.M,2646925
Nigeria,NGA,2001,"School age population, post-secondary non-tertiary education, male (number)",UIS.SAP.4.M,2586731
Nigeria,NGA,2000,"School age population, post-secondary non-tertiary education, male (number)",UIS.SAP.4.M,2513661
Nigeria,NGA,1999,"School age population, post-secondary non-tertiary education, male (number)",UIS.SAP.4.M,2443910
Nigeria,NGA,2016,"School life expectancy, primary and secondary, both sexes (years)",UIS.SLE.123,7.72262
Nigeria,NGA,2014,"School life expectancy, primary and secondary, both sexes (years)",UIS.SLE.123,8.29054
Nigeria,NGA,2013,"School life expectancy, primary and secondary, both sexes (years)",UIS.SLE.123,9.14939
Nigeria,NGA,2012,"School life expectancy, primary and secondary, both sexes (years)",UIS.SLE.123,8.35632
Nigeria,NGA,2011,"School life expectancy, primary and secondary, both sexes (years)",UIS.SLE.123,8.17367
Nigeria,NGA,2010,"School life expectancy, primary and secondary, both sexes (years)",UIS.SLE.123,7.87757
Nigeria,NGA,2009,"School life expectancy, primary and secondary, both sexes (years)",UIS.SLE.123,7.58699
Nigeria,NGA,2008,"School life expectancy, primary and secondary, both sexes (years)",UIS.SLE.123,7.27202
Nigeria,NGA,2007,"School life expectancy, primary and secondary, both sexes (years)",UIS.SLE.123,7.61169
Nigeria,NGA,2006,"School life expectancy, primary and secondary, both sexes (years)",UIS.SLE.123,8.53155
Nigeria,NGA,2005,"School life expectancy, primary and secondary, both sexes (years)",UIS.SLE.123,8.50389
Nigeria,NGA,2004,"School life expectancy, primary and secondary, both sexes (years)",UIS.SLE.123,8.46329
Nigeria,NGA,2002,"School life expectancy, primary and secondary, both sexes (years)",UIS.SLE.123,7.66978
Nigeria,NGA,2001,"School life expectancy, primary and secondary, both sexes (years)",UIS.SLE.123,7.41716
Nigeria,NGA,2000,"School life expectancy, primary and secondary, both sexes (years)",UIS.SLE.123,7.67636
Nigeria,NGA,1999,"School life expectancy, primary and secondary, both sexes (years)",UIS.SLE.123,7.32806
Nigeria,NGA,1990,"School life expectancy, primary and secondary, both sexes (years)",UIS.SLE.123,6.67277
Nigeria,NGA,1989,"School life expectancy, primary and secondary, both sexes (years)",UIS.SLE.123,6.43793
Nigeria,NGA,1987,"School life expectancy, primary and secondary, both sexes (years)",UIS.SLE.123,7.01675
Nigeria,NGA,1986,"School life expectancy, primary and secondary, both sexes (years)",UIS.SLE.123,7.24285
Nigeria,NGA,1985,"School life expectancy, primary and secondary, both sexes (years)",UIS.SLE.123,8.43015
Nigeria,NGA,1984,"School life expectancy, primary and secondary, both sexes (years)",UIS.SLE.123,8.72898
Nigeria,NGA,1983,"School life expectancy, primary and secondary, both sexes (years)",UIS.SLE.123,8.54717
Nigeria,NGA,1982,"School life expectancy, primary and secondary, both sexes (years)",UIS.SLE.123,8.23753
Nigeria,NGA,1981,"School life expectancy, primary and secondary, both sexes (years)",UIS.SLE.123,7.38154
Nigeria,NGA,1980,"School life expectancy, primary and secondary, both sexes (years)",UIS.SLE.123,6.64791
Nigeria,NGA,1979,"School life expectancy, primary and secondary, both sexes (years)",UIS.SLE.123,6.1527
Nigeria,NGA,1978,"School life expectancy, primary and secondary, both sexes (years)",UIS.SLE.123,5.21264
Nigeria,NGA,1977,"School life expectancy, primary and secondary, both sexes (years)",UIS.SLE.123,4.14171
Nigeria,NGA,1973,"School life expectancy, primary and secondary, both sexes (years)",UIS.SLE.123,3.43737
Nigeria,NGA,1972,"School life expectancy, primary and secondary, both sexes (years)",UIS.SLE.123,3.2968
Nigeria,NGA,1971,"School life expectancy, primary and secondary, both sexes (years)",UIS.SLE.123,3.00005
Nigeria,NGA,1970,"School life expectancy, primary and secondary, both sexes (years)",UIS.SLE.123,2.76674
Nigeria,NGA,2016,"School life expectancy, primary and secondary, female (years)",UIS.SLE.123.F,7.42576
Nigeria,NGA,2014,"School life expectancy, primary and secondary, female (years)",UIS.SLE.123.F,8.07775
Nigeria,NGA,2013,"School life expectancy, primary and secondary, female (years)",UIS.SLE.123.F,8.90173
Nigeria,NGA,2012,"School life expectancy, primary and secondary, female (years)",UIS.SLE.123.F,8.14882
Nigeria,NGA,2011,"School life expectancy, primary and secondary, female (years)",UIS.SLE.123.F,7.76082
Nigeria,NGA,2010,"School life expectancy, primary and secondary, female (years)",UIS.SLE.123.F,7.49354
Nigeria,NGA,2009,"School life expectancy, primary and secondary, female (years)",UIS.SLE.123.F,7.18147
Nigeria,NGA,2008,"School life expectancy, primary and secondary, female (years)",UIS.SLE.123.F,6.81754
Nigeria,NGA,2007,"School life expectancy, primary and secondary, female (years)",UIS.SLE.123.F,7.05354
Nigeria,NGA,2006,"School life expectancy, primary and secondary, female (years)",UIS.SLE.123.F,7.79738
Nigeria,NGA,2005,"School life expectancy, primary and secondary, female (years)",UIS.SLE.123.F,7.72873
Nigeria,NGA,2004,"School life expectancy, primary and secondary, female (years)",UIS.SLE.123.F,7.62489
Nigeria,NGA,2002,"School life expectancy, primary and secondary, female (years)",UIS.SLE.123.F,6.84992
Nigeria,NGA,2001,"School life expectancy, primary and secondary, female (years)",UIS.SLE.123.F,6.70408
Nigeria,NGA,2000,"School life expectancy, primary and secondary, female (years)",UIS.SLE.123.F,6.86162
Nigeria,NGA,1999,"School life expectancy, primary and secondary, female (years)",UIS.SLE.123.F,6.59146
Nigeria,NGA,1990,"School life expectancy, primary and secondary, female (years)",UIS.SLE.123.F,5.84842
Nigeria,NGA,1989,"School life expectancy, primary and secondary, female (years)",UIS.SLE.123.F,5.83734
Nigeria,NGA,1987,"School life expectancy, primary and secondary, female (years)",UIS.SLE.123.F,6.28218
Nigeria,NGA,1986,"School life expectancy, primary and secondary, female (years)",UIS.SLE.123.F,6.40825
Nigeria,NGA,1984,"School life expectancy, primary and secondary, female (years)",UIS.SLE.123.F,6.90603
Nigeria,NGA,1983,"School life expectancy, primary and secondary, female (years)",UIS.SLE.123.F,6.94846
Nigeria,NGA,1982,"School life expectancy, primary and secondary, female (years)",UIS.SLE.123.F,6.9974
Nigeria,NGA,1981,"School life expectancy, primary and secondary, female (years)",UIS.SLE.123.F,6.28684
Nigeria,NGA,1980,"School life expectancy, primary and secondary, female (years)",UIS.SLE.123.F,5.62411
Nigeria,NGA,1979,"School life expectancy, primary and secondary, female (years)",UIS.SLE.123.F,5.22652
Nigeria,NGA,1978,"School life expectancy, primary and secondary, female (years)",UIS.SLE.123.F,4.45771
Nigeria,NGA,1977,"School life expectancy, primary and secondary, female (years)",UIS.SLE.123.F,3.45332
Nigeria,NGA,1973,"School life expectancy, primary and secondary, female (years)",UIS.SLE.123.F,2.72711
Nigeria,NGA,1972,"School life expectancy, primary and secondary, female (years)",UIS.SLE.123.F,2.54954
Nigeria,NGA,1971,"School life expectancy, primary and secondary, female (years)",UIS.SLE.123.F,2.28069
Nigeria,NGA,1970,"School life expectancy, primary and secondary, female (years)",UIS.SLE.123.F,2.03165
Nigeria,NGA,2016,"School life expectancy, primary and secondary, gender parity index (GPI)",UIS.SLE.123.GPI,0.92724
Nigeria,NGA,2014,"School life expectancy, primary and secondary, gender parity index (GPI)",UIS.SLE.123.GPI,0.95076
Nigeria,NGA,2013,"School life expectancy, primary and secondary, gender parity index (GPI)",UIS.SLE.123.GPI,0.94814
Nigeria,NGA,2012,"School life expectancy, primary and secondary, gender parity index (GPI)",UIS.SLE.123.GPI,0.95233
Nigeria,NGA,2011,"School life expectancy, primary and secondary, gender parity index (GPI)",UIS.SLE.123.GPI,0.90534
Nigeria,NGA,2010,"School life expectancy, primary and secondary, gender parity index (GPI)",UIS.SLE.123.GPI,0.90863
Nigeria,NGA,2009,"School life expectancy, primary and secondary, gender parity index (GPI)",UIS.SLE.123.GPI,0.90023
Nigeria,NGA,2008,"School life expectancy, primary and secondary, gender parity index (GPI)",UIS.SLE.123.GPI,0.88424
Nigeria,NGA,2007,"School life expectancy, primary and secondary, gender parity index (GPI)",UIS.SLE.123.GPI,0.86544
Nigeria,NGA,2006,"School life expectancy, primary and secondary, gender parity index (GPI)",UIS.SLE.123.GPI,0.84366
Nigeria,NGA,2005,"School life expectancy, primary and secondary, gender parity index (GPI)",UIS.SLE.123.GPI,0.83514
Nigeria,NGA,2004,"School life expectancy, primary and secondary, gender parity index (GPI)",UIS.SLE.123.GPI,0.82207
Nigeria,NGA,2002,"School life expectancy, primary and secondary, gender parity index (GPI)",UIS.SLE.123.GPI,0.8094
Nigeria,NGA,2001,"School life expectancy, primary and secondary, gender parity index (GPI)",UIS.SLE.123.GPI,0.82695
Nigeria,NGA,2000,"School life expectancy, primary and secondary, gender parity index (GPI)",UIS.SLE.123.GPI,0.81056
Nigeria,NGA,1999,"School life expectancy, primary and secondary, gender parity index (GPI)",UIS.SLE.123.GPI,0.81969
Nigeria,NGA,1990,"School life expectancy, primary and secondary, gender parity index (GPI)",UIS.SLE.123.GPI,0.78278
Nigeria,NGA,1989,"School life expectancy, primary and secondary, gender parity index (GPI)",UIS.SLE.123.GPI,0.83149
Nigeria,NGA,1987,"School life expectancy, primary and secondary, gender parity index (GPI)",UIS.SLE.123.GPI,0.81267
Nigeria,NGA,1986,"School life expectancy, primary and secondary, gender parity index (GPI)",UIS.SLE.123.GPI,0.79563
Nigeria,NGA,1984,"School life expectancy, primary and secondary, gender parity index (GPI)",UIS.SLE.123.GPI,0.65722
Nigeria,NGA,1983,"School life expectancy, primary and secondary, gender parity index (GPI)",UIS.SLE.123.GPI,0.68753
Nigeria,NGA,1982,"School life expectancy, primary and secondary, gender parity index (GPI)",UIS.SLE.123.GPI,0.74075
Nigeria,NGA,1981,"School life expectancy, primary and secondary, gender parity index (GPI)",UIS.SLE.123.GPI,0.74404
Nigeria,NGA,1980,"School life expectancy, primary and secondary, gender parity index (GPI)",UIS.SLE.123.GPI,0.73545
Nigeria,NGA,1979,"School life expectancy, primary and secondary, gender parity index (GPI)",UIS.SLE.123.GPI,0.74058
Nigeria,NGA,1978,"School life expectancy, primary and secondary, gender parity index (GPI)",UIS.SLE.123.GPI,0.74907
Nigeria,NGA,1977,"School life expectancy, primary and secondary, gender parity index (GPI)",UIS.SLE.123.GPI,0.71705
Nigeria,NGA,1973,"School life expectancy, primary and secondary, gender parity index (GPI)",UIS.SLE.123.GPI,0.65948
Nigeria,NGA,1972,"School life expectancy, primary and secondary, gender parity index (GPI)",UIS.SLE.123.GPI,0.6324
Nigeria,NGA,1971,"School life expectancy, primary and secondary, gender parity index (GPI)",UIS.SLE.123.GPI,0.61509
Nigeria,NGA,1970,"School life expectancy, primary and secondary, gender parity index (GPI)",UIS.SLE.123.GPI,0.58209
Nigeria,NGA,2016,"School life expectancy, primary and secondary, male (years)",UIS.SLE.123.M,8.00847
Nigeria,NGA,2014,"School life expectancy, primary and secondary, male (years)",UIS.SLE.123.M,8.49607
Nigeria,NGA,2013,"School life expectancy, primary and secondary, male (years)",UIS.SLE.123.M,9.38858
Nigeria,NGA,2012,"School life expectancy, primary and secondary, male (years)",UIS.SLE.123.M,8.55669
Nigeria,NGA,2011,"School life expectancy, primary and secondary, male (years)",UIS.SLE.123.M,8.57232
Nigeria,NGA,2010,"School life expectancy, primary and secondary, male (years)",UIS.SLE.123.M,8.24708
Nigeria,NGA,2009,"School life expectancy, primary and secondary, male (years)",UIS.SLE.123.M,7.97736
Nigeria,NGA,2008,"School life expectancy, primary and secondary, male (years)",UIS.SLE.123.M,7.71008
Nigeria,NGA,2007,"School life expectancy, primary and secondary, male (years)",UIS.SLE.123.M,8.15023
Nigeria,NGA,2006,"School life expectancy, primary and secondary, male (years)",UIS.SLE.123.M,9.24237
Nigeria,NGA,2005,"School life expectancy, primary and secondary, male (years)",UIS.SLE.123.M,9.25439
Nigeria,NGA,2004,"School life expectancy, primary and secondary, male (years)",UIS.SLE.123.M,9.27523
Nigeria,NGA,2002,"School life expectancy, primary and secondary, male (years)",UIS.SLE.123.M,8.463
Nigeria,NGA,2001,"School life expectancy, primary and secondary, male (years)",UIS.SLE.123.M,8.10697
Nigeria,NGA,2000,"School life expectancy, primary and secondary, male (years)",UIS.SLE.123.M,8.4653
Nigeria,NGA,1999,"School life expectancy, primary and secondary, male (years)",UIS.SLE.123.M,8.04141
Nigeria,NGA,1990,"School life expectancy, primary and secondary, male (years)",UIS.SLE.123.M,7.47131
Nigeria,NGA,1989,"School life expectancy, primary and secondary, male (years)",UIS.SLE.123.M,7.02037
Nigeria,NGA,1987,"School life expectancy, primary and secondary, male (years)",UIS.SLE.123.M,7.73026
Nigeria,NGA,1986,"School life expectancy, primary and secondary, male (years)",UIS.SLE.123.M,8.05426
Nigeria,NGA,1984,"School life expectancy, primary and secondary, male (years)",UIS.SLE.123.M,10.50798
Nigeria,NGA,1983,"School life expectancy, primary and secondary, male (years)",UIS.SLE.123.M,10.10645
Nigeria,NGA,1982,"School life expectancy, primary and secondary, male (years)",UIS.SLE.123.M,9.44638
Nigeria,NGA,1981,"School life expectancy, primary and secondary, male (years)",UIS.SLE.123.M,8.44963
Nigeria,NGA,1980,"School life expectancy, primary and secondary, male (years)",UIS.SLE.123.M,7.64717
Nigeria,NGA,1979,"School life expectancy, primary and secondary, male (years)",UIS.SLE.123.M,7.05733
Nigeria,NGA,1978,"School life expectancy, primary and secondary, male (years)",UIS.SLE.123.M,5.95101
Nigeria,NGA,1977,"School life expectancy, primary and secondary, male (years)",UIS.SLE.123.M,4.81598
Nigeria,NGA,1973,"School life expectancy, primary and secondary, male (years)",UIS.SLE.123.M,4.13522
Nigeria,NGA,1972,"School life expectancy, primary and secondary, male (years)",UIS.SLE.123.M,4.03155
Nigeria,NGA,1971,"School life expectancy, primary and secondary, male (years)",UIS.SLE.123.M,3.70787
Nigeria,NGA,1970,"School life expectancy, primary and secondary, male (years)",UIS.SLE.123.M,3.49029
Nigeria,NGA,2011,"School life expectancy, primary to tertiary, gender parity index (GPI)",UIS.SLE.1T6.GPI,0.89138
Nigeria,NGA,2010,"School life expectancy, primary to tertiary, gender parity index (GPI)",UIS.SLE.1T6.GPI,0.89811
Nigeria,NGA,2005,"School life expectancy, primary to tertiary, gender parity index (GPI)",UIS.SLE.1T6.GPI,0.8272
Nigeria,NGA,2004,"School life expectancy, primary to tertiary, gender parity index (GPI)",UIS.SLE.1T6.GPI,0.81532
Nigeria,NGA,2001,"School life expectancy, primary to tertiary, gender parity index (GPI)",UIS.SLE.1T6.GPI,0.82049
Nigeria,NGA,2000,"School life expectancy, primary to tertiary, gender parity index (GPI)",UIS.SLE.1T6.GPI,0.80509
Nigeria,NGA,1999,"School life expectancy, primary to tertiary, gender parity index (GPI)",UIS.SLE.1T6.GPI,0.81813
Nigeria,NGA,1989,"School life expectancy, primary to tertiary, gender parity index (GPI)",UIS.SLE.1T6.GPI,0.80988
Nigeria,NGA,1987,"School life expectancy, primary to tertiary, gender parity index (GPI)",UIS.SLE.1T6.GPI,0.79971
Nigeria,NGA,1986,"School life expectancy, primary to tertiary, gender parity index (GPI)",UIS.SLE.1T6.GPI,0.78215
Nigeria,NGA,2011,"School life expectancy, tertiary, both sexes (years)",UIS.SLE.56,0.50872
Nigeria,NGA,2010,"School life expectancy, tertiary, both sexes (years)",UIS.SLE.56,0.4786
Nigeria,NGA,2005,"School life expectancy, tertiary, both sexes (years)",UIS.SLE.56,0.52455
Nigeria,NGA,2004,"School life expectancy, tertiary, both sexes (years)",UIS.SLE.56,0.49654
Nigeria,NGA,2003,"School life expectancy, tertiary, both sexes (years)",UIS.SLE.56,0.48571
Nigeria,NGA,1999,"School life expectancy, tertiary, both sexes (years)",UIS.SLE.56,0.30624
Nigeria,NGA,1989,"School life expectancy, tertiary, both sexes (years)",UIS.SLE.56,0.20753
Nigeria,NGA,1988,"School life expectancy, tertiary, both sexes (years)",UIS.SLE.56,0.19404
Nigeria,NGA,1987,"School life expectancy, tertiary, both sexes (years)",UIS.SLE.56,0.1753
Nigeria,NGA,1986,"School life expectancy, tertiary, both sexes (years)",UIS.SLE.56,0.17866
Nigeria,NGA,1985,"School life expectancy, tertiary, both sexes (years)",UIS.SLE.56,0.17074
Nigeria,NGA,1984,"School life expectancy, tertiary, both sexes (years)",UIS.SLE.56,0.15084
Nigeria,NGA,1983,"School life expectancy, tertiary, both sexes (years)",UIS.SLE.56,0.14357
Nigeria,NGA,1982,"School life expectancy, tertiary, both sexes (years)",UIS.SLE.56,0.13405
Nigeria,NGA,1981,"School life expectancy, tertiary, both sexes (years)",UIS.SLE.56,0.11634
Nigeria,NGA,1980,"School life expectancy, tertiary, both sexes (years)",UIS.SLE.56,0.09209
Nigeria,NGA,1979,"School life expectancy, tertiary, both sexes (years)",UIS.SLE.56,0.08058
Nigeria,NGA,1978,"School life expectancy, tertiary, both sexes (years)",UIS.SLE.56,0.05846
Nigeria,NGA,1977,"School life expectancy, tertiary, both sexes (years)",UIS.SLE.56,0.05212
Nigeria,NGA,1976,"School life expectancy, tertiary, both sexes (years)",UIS.SLE.56,0.04097
Nigeria,NGA,1975,"School life expectancy, tertiary, both sexes (years)",UIS.SLE.56,0.03704
Nigeria,NGA,2011,"School life expectancy, tertiary, female (years)",UIS.SLE.56.F,0.41502
Nigeria,NGA,2010,"School life expectancy, tertiary, female (years)",UIS.SLE.56.F,0.40621
Nigeria,NGA,2005,"School life expectancy, tertiary, female (years)",UIS.SLE.56.F,0.43353
Nigeria,NGA,2004,"School life expectancy, tertiary, female (years)",UIS.SLE.56.F,0.4104
Nigeria,NGA,2003,"School life expectancy, tertiary, female (years)",UIS.SLE.56.F,0.39441
Nigeria,NGA,1999,"School life expectancy, tertiary, female (years)",UIS.SLE.56.F,0.26826
Nigeria,NGA,1989,"School life expectancy, tertiary, female (years)",UIS.SLE.56.F,0.10123
Nigeria,NGA,1988,"School life expectancy, tertiary, female (years)",UIS.SLE.56.F,0.09815
Nigeria,NGA,1987,"School life expectancy, tertiary, female (years)",UIS.SLE.56.F,0.09966
Nigeria,NGA,1986,"School life expectancy, tertiary, female (years)",UIS.SLE.56.F,0.09539
Nigeria,NGA,1985,"School life expectancy, tertiary, female (years)",UIS.SLE.56.F,0.08855
Nigeria,NGA,2011,"School life expectancy, tertiary, gender parity index (GPI)",UIS.SLE.56.GPI,0.69194
Nigeria,NGA,2010,"School life expectancy, tertiary, gender parity index (GPI)",UIS.SLE.56.GPI,0.74001
Nigeria,NGA,2005,"School life expectancy, tertiary, gender parity index (GPI)",UIS.SLE.56.GPI,0.70732
Nigeria,NGA,2004,"School life expectancy, tertiary, gender parity index (GPI)",UIS.SLE.56.GPI,0.7074
Nigeria,NGA,2003,"School life expectancy, tertiary, gender parity index (GPI)",UIS.SLE.56.GPI,0.68672
Nigeria,NGA,1999,"School life expectancy, tertiary, gender parity index (GPI)",UIS.SLE.56.GPI,0.78161
Nigeria,NGA,1989,"School life expectancy, tertiary, gender parity index (GPI)",UIS.SLE.56.GPI,0.32415
Nigeria,NGA,1988,"School life expectancy, tertiary, gender parity index (GPI)",UIS.SLE.56.GPI,0.34003
Nigeria,NGA,1987,"School life expectancy, tertiary, gender parity index (GPI)",UIS.SLE.56.GPI,0.3987
Nigeria,NGA,1986,"School life expectancy, tertiary, gender parity index (GPI)",UIS.SLE.56.GPI,0.36572
Nigeria,NGA,1985,"School life expectancy, tertiary, gender parity index (GPI)",UIS.SLE.56.GPI,0.35165
Nigeria,NGA,2011,"School life expectancy, tertiary, male (years)",UIS.SLE.56.M,0.59979
Nigeria,NGA,2010,"School life expectancy, tertiary, male (years)",UIS.SLE.56.M,0.54893
Nigeria,NGA,2005,"School life expectancy, tertiary, male (years)",UIS.SLE.56.M,0.61292
Nigeria,NGA,2004,"School life expectancy, tertiary, male (years)",UIS.SLE.56.M,0.58015
Nigeria,NGA,2003,"School life expectancy, tertiary, male (years)",UIS.SLE.56.M,0.57434
Nigeria,NGA,1999,"School life expectancy, tertiary, male (years)",UIS.SLE.56.M,0.34321
Nigeria,NGA,1989,"School life expectancy, tertiary, male (years)",UIS.SLE.56.M,0.3123
Nigeria,NGA,1988,"School life expectancy, tertiary, male (years)",UIS.SLE.56.M,0.28866
Nigeria,NGA,1987,"School life expectancy, tertiary, male (years)",UIS.SLE.56.M,0.24997
Nigeria,NGA,1986,"School life expectancy, tertiary, male (years)",UIS.SLE.56.M,0.26084
Nigeria,NGA,1985,"School life expectancy, tertiary, male (years)",UIS.SLE.56.M,0.2518
Nigeria,NGA,2009,"Survival rate to Grade 4 of primary education, both sexes (%)",UIS.SR.1.G4,78.98986
Nigeria,NGA,2008,"Survival rate to Grade 4 of primary education, both sexes (%)",UIS.SR.1.G4,93.51949
Nigeria,NGA,2007,"Survival rate to Grade 4 of primary education, both sexes (%)",UIS.SR.1.G4,69.56751
Nigeria,NGA,2006,"Survival rate to Grade 4 of primary education, both sexes (%)",UIS.SR.1.G4,67.54707
Nigeria,NGA,2005,"Survival rate to Grade 4 of primary education, both sexes (%)",UIS.SR.1.G4,87.51185
Nigeria,NGA,2004,"Survival rate to Grade 4 of primary education, both sexes (%)",UIS.SR.1.G4,85.98672
Nigeria,NGA,1999,"Survival rate to Grade 4 of primary education, both sexes (%)",UIS.SR.1.G4,93.48248
Nigeria,NGA,2009,"Survival rate to Grade 4 of primary education, female (%)",UIS.SR.1.G4.F,80.89078
Nigeria,NGA,2008,"Survival rate to Grade 4 of primary education, female (%)",UIS.SR.1.G4.F,95.15919
Nigeria,NGA,2007,"Survival rate to Grade 4 of primary education, female (%)",UIS.SR.1.G4.F,69.89811
Nigeria,NGA,2006,"Survival rate to Grade 4 of primary education, female (%)",UIS.SR.1.G4.F,69.75401
Nigeria,NGA,2005,"Survival rate to Grade 4 of primary education, female (%)",UIS.SR.1.G4.F,91.64822
Nigeria,NGA,2004,"Survival rate to Grade 4 of primary education, female (%)",UIS.SR.1.G4.F,86.15487
Nigeria,NGA,1999,"Survival rate to Grade 4 of primary education, female (%)",UIS.SR.1.G4.F,94.84707
Nigeria,NGA,2009,"Survival rate to Grade 4 of primary education, gender parity index (GPI)",UIS.SR.1.G4.GPI,1.04585
Nigeria,NGA,2008,"Survival rate to Grade 4 of primary education, gender parity index (GPI)",UIS.SR.1.G4.GPI,1.03297
Nigeria,NGA,2007,"Survival rate to Grade 4 of primary education, gender parity index (GPI)",UIS.SR.1.G4.GPI,1.00889
Nigeria,NGA,2006,"Survival rate to Grade 4 of primary education, gender parity index (GPI)",UIS.SR.1.G4.GPI,1.06132
Nigeria,NGA,2005,"Survival rate to Grade 4 of primary education, gender parity index (GPI)",UIS.SR.1.G4.GPI,1.08832
Nigeria,NGA,2004,"Survival rate to Grade 4 of primary education, gender parity index (GPI)",UIS.SR.1.G4.GPI,1.00354
Nigeria,NGA,1999,"Survival rate to Grade 4 of primary education, gender parity index (GPI)",UIS.SR.1.G4.GPI,1.02609
Nigeria,NGA,2009,"Survival rate to Grade 4 of primary education, male (%)",UIS.SR.1.G4.M,77.34418
Nigeria,NGA,2008,"Survival rate to Grade 4 of primary education, male (%)",UIS.SR.1.G4.M,92.12206
Nigeria,NGA,2007,"Survival rate to Grade 4 of primary education, male (%)",UIS.SR.1.G4.M,69.28253
Nigeria,NGA,2006,"Survival rate to Grade 4 of primary education, male (%)",UIS.SR.1.G4.M,65.72362
Nigeria,NGA,2005,"Survival rate to Grade 4 of primary education, male (%)",UIS.SR.1.G4.M,84.21052
Nigeria,NGA,2004,"Survival rate to Grade 4 of primary education, male (%)",UIS.SR.1.G4.M,85.85117
Nigeria,NGA,1999,"Survival rate to Grade 4 of primary education, male (%)",UIS.SR.1.G4.M,92.43537
Nigeria,NGA,2009,"Survival rate to Grade 5 of primary education, gender parity index (GPI)",UIS.SR.1.G5.GPI,1.06712
Nigeria,NGA,2008,"Survival rate to Grade 5 of primary education, gender parity index (GPI)",UIS.SR.1.G5.GPI,1.02433
Nigeria,NGA,2007,"Survival rate to Grade 5 of primary education, gender parity index (GPI)",UIS.SR.1.G5.GPI,1.01698
Nigeria,NGA,2006,"Survival rate to Grade 5 of primary education, gender parity index (GPI)",UIS.SR.1.G5.GPI,1.1244
Nigeria,NGA,2005,"Survival rate to Grade 5 of primary education, gender parity index (GPI)",UIS.SR.1.G5.GPI,1.12601
Nigeria,NGA,2004,"Survival rate to Grade 5 of primary education, gender parity index (GPI)",UIS.SR.1.G5.GPI,1.01031
Nigeria,NGA,1999,"Survival rate to Grade 5 of primary education, gender parity index (GPI)",UIS.SR.1.G5.GPI,1.03333
Nigeria,NGA,2009,"Survival rate to the last grade of primary education, gender parity index (GPI)",UIS.SR.1.GLAST.GPI,1.06563
Nigeria,NGA,2008,"Survival rate to the last grade of primary education, gender parity index (GPI)",UIS.SR.1.GLAST.GPI,0.98762
Nigeria,NGA,2007,"Survival rate to the last grade of primary education, gender parity index (GPI)",UIS.SR.1.GLAST.GPI,0.94202
Nigeria,NGA,2006,"Survival rate to the last grade of primary education, gender parity index (GPI)",UIS.SR.1.GLAST.GPI,1.02991
Nigeria,NGA,2005,"Survival rate to the last grade of primary education, gender parity index (GPI)",UIS.SR.1.GLAST.GPI,1.06429
Nigeria,NGA,2004,"Survival rate to the last grade of primary education, gender parity index (GPI)",UIS.SR.1.GLAST.GPI,0.99533
Nigeria,NGA,1999,"Survival rate to the last grade of primary education, gender parity index (GPI)",UIS.SR.1.GLAST.GPI,1.04116
Nigeria,NGA,2010,"Teachers in lower secondary education, both sexes (number)",UIS.T.2,160941
Nigeria,NGA,2008,"Teachers in lower secondary education, both sexes (number)",UIS.T.2,152393
Nigeria,NGA,2007,"Teachers in lower secondary education, both sexes (number)",UIS.T.2,117108
Nigeria,NGA,2006,"Teachers in lower secondary education, both sexes (number)",UIS.T.2,113074
Nigeria,NGA,2005,"Teachers in lower secondary education, both sexes (number)",UIS.T.2,96769
Nigeria,NGA,2004,"Teachers in lower secondary education, both sexes (number)",UIS.T.2,82816
Nigeria,NGA,2010,"Teachers in lower secondary education, female (number)",UIS.T.2.F,81472
Nigeria,NGA,2008,"Teachers in lower secondary education, female (number)",UIS.T.2.F,64108
Nigeria,NGA,2006,"Teachers in lower secondary education, female (number)",UIS.T.2.F,45202
Nigeria,NGA,2005,"Teachers in lower secondary education, female (number)",UIS.T.2.F,37108
Nigeria,NGA,2004,"Teachers in lower secondary education, female (number)",UIS.T.2.F,30464
Nigeria,NGA,2010,"Teachers in upper secondary education, both sexes (number)",UIS.T.3,229486
Nigeria,NGA,2008,"Teachers in upper secondary education, both sexes (number)",UIS.T.3,155918
Nigeria,NGA,2007,"Teachers in upper secondary education, both sexes (number)",UIS.T.3,96258
Nigeria,NGA,2006,"Teachers in upper secondary education, both sexes (number)",UIS.T.3,89008
Nigeria,NGA,2005,"Teachers in upper secondary education, both sexes (number)",UIS.T.3,62514
Nigeria,NGA,2004,"Teachers in upper secondary education, both sexes (number)",UIS.T.3,71778
Nigeria,NGA,2010,"Teachers in upper secondary education, female (number)",UIS.T.3.F,105446
Nigeria,NGA,2008,"Teachers in upper secondary education, female (number)",UIS.T.3.F,57546
Nigeria,NGA,2007,"Teachers in upper secondary education, female (number)",UIS.T.3.F,29358
Nigeria,NGA,2006,"Teachers in upper secondary education, female (number)",UIS.T.3.F,32068
Nigeria,NGA,2005,"Teachers in upper secondary education, female (number)",UIS.T.3.F,19706
Nigeria,NGA,2004,"Teachers in upper secondary education, female (number)",UIS.T.3.F,24727
Nigeria,NGA,2019,Official entrance age to early childhood education (years),UIS.THAGE.0,1
Nigeria,NGA,2018,Official entrance age to early childhood education (years),UIS.THAGE.0,1
Nigeria,NGA,2017,Official entrance age to early childhood education (years),UIS.THAGE.0,1
Nigeria,NGA,2016,Official entrance age to early childhood education (years),UIS.THAGE.0,1
Nigeria,NGA,2015,Official entrance age to early childhood education (years),UIS.THAGE.0,1
Nigeria,NGA,2014,Official entrance age to early childhood education (years),UIS.THAGE.0,1
Nigeria,NGA,2013,Official entrance age to early childhood education (years),UIS.THAGE.0,1
Nigeria,NGA,2012,Official entrance age to early childhood education (years),UIS.THAGE.0,1
Nigeria,NGA,2011,Official entrance age to early childhood education (years),UIS.THAGE.0,1
Nigeria,NGA,2010,Official entrance age to early childhood education (years),UIS.THAGE.0,1
Nigeria,NGA,2009,Official entrance age to early childhood education (years),UIS.THAGE.0,1
Nigeria,NGA,2008,Official entrance age to early childhood education (years),UIS.THAGE.0,1
Nigeria,NGA,2007,Official entrance age to early childhood education (years),UIS.THAGE.0,1
Nigeria,NGA,2006,Official entrance age to early childhood education (years),UIS.THAGE.0,1
Nigeria,NGA,2005,Official entrance age to early childhood education (years),UIS.THAGE.0,1
Nigeria,NGA,2004,Official entrance age to early childhood education (years),UIS.THAGE.0,1
Nigeria,NGA,2003,Official entrance age to early childhood education (years),UIS.THAGE.0,1
Nigeria,NGA,2002,Official entrance age to early childhood education (years),UIS.THAGE.0,1
Nigeria,NGA,2001,Official entrance age to early childhood education (years),UIS.THAGE.0,1
Nigeria,NGA,2000,Official entrance age to early childhood education (years),UIS.THAGE.0,1
Nigeria,NGA,1999,Official entrance age to early childhood education (years),UIS.THAGE.0,1
Nigeria,NGA,2020,Official entrance age to upper secondary education (years),UIS.THAGE.3.A.GPV,15
Nigeria,NGA,2019,Official entrance age to upper secondary education (years),UIS.THAGE.3.A.GPV,15
Nigeria,NGA,2018,Official entrance age to upper secondary education (years),UIS.THAGE.3.A.GPV,15
Nigeria,NGA,2017,Official entrance age to upper secondary education (years),UIS.THAGE.3.A.GPV,15
Nigeria,NGA,2016,Official entrance age to upper secondary education (years),UIS.THAGE.3.A.GPV,15
Nigeria,NGA,2015,Official entrance age to upper secondary education (years),UIS.THAGE.3.A.GPV,15
Nigeria,NGA,2014,Official entrance age to upper secondary education (years),UIS.THAGE.3.A.GPV,15
Nigeria,NGA,2013,Official entrance age to upper secondary education (years),UIS.THAGE.3.A.GPV,15
Nigeria,NGA,2012,Official entrance age to upper secondary education (years),UIS.THAGE.3.A.GPV,15
Nigeria,NGA,2011,Official entrance age to upper secondary education (years),UIS.THAGE.3.A.GPV,15
Nigeria,NGA,2010,Official entrance age to upper secondary education (years),UIS.THAGE.3.A.GPV,15
Nigeria,NGA,2009,Official entrance age to upper secondary education (years),UIS.THAGE.3.A.GPV,15
Nigeria,NGA,2008,Official entrance age to upper secondary education (years),UIS.THAGE.3.A.GPV,15
Nigeria,NGA,2007,Official entrance age to upper secondary education (years),UIS.THAGE.3.A.GPV,15
Nigeria,NGA,2006,Official entrance age to upper secondary education (years),UIS.THAGE.3.A.GPV,15
Nigeria,NGA,2005,Official entrance age to upper secondary education (years),UIS.THAGE.3.A.GPV,15
Nigeria,NGA,2004,Official entrance age to upper secondary education (years),UIS.THAGE.3.A.GPV,15
Nigeria,NGA,2003,Official entrance age to upper secondary education (years),UIS.THAGE.3.A.GPV,15
Nigeria,NGA,2002,Official entrance age to upper secondary education (years),UIS.THAGE.3.A.GPV,15
Nigeria,NGA,2001,Official entrance age to upper secondary education (years),UIS.THAGE.3.A.GPV,15
Nigeria,NGA,2000,Official entrance age to upper secondary education (years),UIS.THAGE.3.A.GPV,15
Nigeria,NGA,1999,Official entrance age to upper secondary education (years),UIS.THAGE.3.A.GPV,15
Nigeria,NGA,1998,Official entrance age to upper secondary education (years),UIS.THAGE.3.A.GPV,15
Nigeria,NGA,1997,Official entrance age to upper secondary education (years),UIS.THAGE.3.A.GPV,15
Nigeria,NGA,1996,Official entrance age to upper secondary education (years),UIS.THAGE.3.A.GPV,15
Nigeria,NGA,1995,Official entrance age to upper secondary education (years),UIS.THAGE.3.A.GPV,15
Nigeria,NGA,1994,Official entrance age to upper secondary education (years),UIS.THAGE.3.A.GPV,15
Nigeria,NGA,1993,Official entrance age to upper secondary education (years),UIS.THAGE.3.A.GPV,15
Nigeria,NGA,1992,Official entrance age to upper secondary education (years),UIS.THAGE.3.A.GPV,15
Nigeria,NGA,1991,Official entrance age to upper secondary education (years),UIS.THAGE.3.A.GPV,15
Nigeria,NGA,1990,Official entrance age to upper secondary education (years),UIS.THAGE.3.A.GPV,15
Nigeria,NGA,1989,Official entrance age to upper secondary education (years),UIS.THAGE.3.A.GPV,15
Nigeria,NGA,1988,Official entrance age to upper secondary education (years),UIS.THAGE.3.A.GPV,15
Nigeria,NGA,1987,Official entrance age to upper secondary education (years),UIS.THAGE.3.A.GPV,15
Nigeria,NGA,1986,Official entrance age to upper secondary education (years),UIS.THAGE.3.A.GPV,15
Nigeria,NGA,1985,Official entrance age to upper secondary education (years),UIS.THAGE.3.A.GPV,17
Nigeria,NGA,1984,Official entrance age to upper secondary education (years),UIS.THAGE.3.A.GPV,17
Nigeria,NGA,1983,Official entrance age to upper secondary education (years),UIS.THAGE.3.A.GPV,17
Nigeria,NGA,1982,Official entrance age to upper secondary education (years),UIS.THAGE.3.A.GPV,17
Nigeria,NGA,1981,Official entrance age to upper secondary education (years),UIS.THAGE.3.A.GPV,17
Nigeria,NGA,1980,Official entrance age to upper secondary education (years),UIS.THAGE.3.A.GPV,17
Nigeria,NGA,1979,Official entrance age to upper secondary education (years),UIS.THAGE.3.A.GPV,17
Nigeria,NGA,1978,Official entrance age to upper secondary education (years),UIS.THAGE.3.A.GPV,17
Nigeria,NGA,1977,Official entrance age to upper secondary education (years),UIS.THAGE.3.A.GPV,17
Nigeria,NGA,1976,Official entrance age to upper secondary education (years),UIS.THAGE.3.A.GPV,17
Nigeria,NGA,1975,Official entrance age to upper secondary education (years),UIS.THAGE.3.A.GPV,17
Nigeria,NGA,1974,Official entrance age to upper secondary education (years),UIS.THAGE.3.A.GPV,17
Nigeria,NGA,1973,Official entrance age to upper secondary education (years),UIS.THAGE.3.A.GPV,17
Nigeria,NGA,1972,Official entrance age to upper secondary education (years),UIS.THAGE.3.A.GPV,17
Nigeria,NGA,1971,Official entrance age to upper secondary education (years),UIS.THAGE.3.A.GPV,17
Nigeria,NGA,1970,Official entrance age to upper secondary education (years),UIS.THAGE.3.A.GPV,17
Nigeria,NGA,2019,Official entrance age to post-secondary non-tertiary education (years),UIS.THAGE.4.A.GPV,18
Nigeria,NGA,2018,Official entrance age to post-secondary non-tertiary education (years),UIS.THAGE.4.A.GPV,18
Nigeria,NGA,2017,Official entrance age to post-secondary non-tertiary education (years),UIS.THAGE.4.A.GPV,18
Nigeria,NGA,2016,Official entrance age to post-secondary non-tertiary education (years),UIS.THAGE.4.A.GPV,18
Nigeria,NGA,2015,Official entrance age to post-secondary non-tertiary education (years),UIS.THAGE.4.A.GPV,18
Nigeria,NGA,2014,Official entrance age to post-secondary non-tertiary education (years),UIS.THAGE.4.A.GPV,18
Nigeria,NGA,2013,Official entrance age to post-secondary non-tertiary education (years),UIS.THAGE.4.A.GPV,18
Nigeria,NGA,2012,Official entrance age to post-secondary non-tertiary education (years),UIS.THAGE.4.A.GPV,18
Nigeria,NGA,2011,Official entrance age to post-secondary non-tertiary education (years),UIS.THAGE.4.A.GPV,18
Nigeria,NGA,2010,Official entrance age to post-secondary non-tertiary education (years),UIS.THAGE.4.A.GPV,18
Nigeria,NGA,2009,Official entrance age to post-secondary non-tertiary education (years),UIS.THAGE.4.A.GPV,18
Nigeria,NGA,2008,Official entrance age to post-secondary non-tertiary education (years),UIS.THAGE.4.A.GPV,18
Nigeria,NGA,2007,Official entrance age to post-secondary non-tertiary education (years),UIS.THAGE.4.A.GPV,18
Nigeria,NGA,2006,Official entrance age to post-secondary non-tertiary education (years),UIS.THAGE.4.A.GPV,18
Nigeria,NGA,2005,Official entrance age to post-secondary non-tertiary education (years),UIS.THAGE.4.A.GPV,18
Nigeria,NGA,2004,Official entrance age to post-secondary non-tertiary education (years),UIS.THAGE.4.A.GPV,18
Nigeria,NGA,2003,Official entrance age to post-secondary non-tertiary education (years),UIS.THAGE.4.A.GPV,18
Nigeria,NGA,2002,Official entrance age to post-secondary non-tertiary education (years),UIS.THAGE.4.A.GPV,18
Nigeria,NGA,2001,Official entrance age to post-secondary non-tertiary education (years),UIS.THAGE.4.A.GPV,18
Nigeria,NGA,2000,Official entrance age to post-secondary non-tertiary education (years),UIS.THAGE.4.A.GPV,18
Nigeria,NGA,1999,Official entrance age to post-secondary non-tertiary education (years),UIS.THAGE.4.A.GPV,18
Nigeria,NGA,2019,Theoretical duration of early childhood education (years),UIS.THDUR.0,5
Nigeria,NGA,2018,Theoretical duration of early childhood education (years),UIS.THDUR.0,5
Nigeria,NGA,2017,Theoretical duration of early childhood education (years),UIS.THDUR.0,5
Nigeria,NGA,2016,Theoretical duration of early childhood education (years),UIS.THDUR.0,5
Nigeria,NGA,2015,Theoretical duration of early childhood education (years),UIS.THDUR.0,5
Nigeria,NGA,2014,Theoretical duration of early childhood education (years),UIS.THDUR.0,5
Nigeria,NGA,2013,Theoretical duration of early childhood education (years),UIS.THDUR.0,5
Nigeria,NGA,2012,Theoretical duration of early childhood education (years),UIS.THDUR.0,5
Nigeria,NGA,2011,Theoretical duration of early childhood education (years),UIS.THDUR.0,5
Nigeria,NGA,2010,Theoretical duration of early childhood education (years),UIS.THDUR.0,5
Nigeria,NGA,2009,Theoretical duration of early childhood education (years),UIS.THDUR.0,5
Nigeria,NGA,2008,Theoretical duration of early childhood education (years),UIS.THDUR.0,5
Nigeria,NGA,2007,Theoretical duration of early childhood education (years),UIS.THDUR.0,5
Nigeria,NGA,2006,Theoretical duration of early childhood education (years),UIS.THDUR.0,5
Nigeria,NGA,2005,Theoretical duration of early childhood education (years),UIS.THDUR.0,5
Nigeria,NGA,2004,Theoretical duration of early childhood education (years),UIS.THDUR.0,5
Nigeria,NGA,2003,Theoretical duration of early childhood education (years),UIS.THDUR.0,5
Nigeria,NGA,2002,Theoretical duration of early childhood education (years),UIS.THDUR.0,5
Nigeria,NGA,2001,Theoretical duration of early childhood education (years),UIS.THDUR.0,5
Nigeria,NGA,2000,Theoretical duration of early childhood education (years),UIS.THDUR.0,5
Nigeria,NGA,1999,Theoretical duration of early childhood education (years),UIS.THDUR.0,5
Nigeria,NGA,2019,Theoretical duration of post-secondary non-tertiary education (years),UIS.THDUR.4.A.GPV,2
Nigeria,NGA,2018,Theoretical duration of post-secondary non-tertiary education (years),UIS.THDUR.4.A.GPV,2
Nigeria,NGA,2017,Theoretical duration of post-secondary non-tertiary education (years),UIS.THDUR.4.A.GPV,2
Nigeria,NGA,2016,Theoretical duration of post-secondary non-tertiary education (years),UIS.THDUR.4.A.GPV,2
Nigeria,NGA,2015,Theoretical duration of post-secondary non-tertiary education (years),UIS.THDUR.4.A.GPV,2
Nigeria,NGA,2014,Theoretical duration of post-secondary non-tertiary education (years),UIS.THDUR.4.A.GPV,2
Nigeria,NGA,2013,Theoretical duration of post-secondary non-tertiary education (years),UIS.THDUR.4.A.GPV,2
Nigeria,NGA,2012,Theoretical duration of post-secondary non-tertiary education (years),UIS.THDUR.4.A.GPV,2
Nigeria,NGA,2011,Theoretical duration of post-secondary non-tertiary education (years),UIS.THDUR.4.A.GPV,2
Nigeria,NGA,2010,Theoretical duration of post-secondary non-tertiary education (years),UIS.THDUR.4.A.GPV,2
Nigeria,NGA,2009,Theoretical duration of post-secondary non-tertiary education (years),UIS.THDUR.4.A.GPV,2
Nigeria,NGA,2008,Theoretical duration of post-secondary non-tertiary education (years),UIS.THDUR.4.A.GPV,2
Nigeria,NGA,2007,Theoretical duration of post-secondary non-tertiary education (years),UIS.THDUR.4.A.GPV,2
Nigeria,NGA,2006,Theoretical duration of post-secondary non-tertiary education (years),UIS.THDUR.4.A.GPV,2
Nigeria,NGA,2005,Theoretical duration of post-secondary non-tertiary education (years),UIS.THDUR.4.A.GPV,2
Nigeria,NGA,2004,Theoretical duration of post-secondary non-tertiary education (years),UIS.THDUR.4.A.GPV,2
Nigeria,NGA,2003,Theoretical duration of post-secondary non-tertiary education (years),UIS.THDUR.4.A.GPV,2
Nigeria,NGA,2002,Theoretical duration of post-secondary non-tertiary education (years),UIS.THDUR.4.A.GPV,2
Nigeria,NGA,2001,Theoretical duration of post-secondary non-tertiary education (years),UIS.THDUR.4.A.GPV,2
Nigeria,NGA,2000,Theoretical duration of post-secondary non-tertiary education (years),UIS.THDUR.4.A.GPV,2
Nigeria,NGA,1999,Theoretical duration of post-secondary non-tertiary education (years),UIS.THDUR.4.A.GPV,2
Nigeria,NGA,2010,"Proportion of teachers with the minimum required qualifications in lower secondary education, both sexes (%)",UIS.TRTP.2,85.00631
Nigeria,NGA,2006,"Proportion of teachers with the minimum required qualifications in lower secondary education, both sexes (%)",UIS.TRTP.2,70.72094
Nigeria,NGA,2010,"Proportion of teachers with the minimum required qualifications in lower secondary education, female (%)",UIS.TRTP.2.F,85.66133
Nigeria,NGA,2006,"Proportion of teachers with the minimum required qualifications in lower secondary education, female (%)",UIS.TRTP.2.F,78.39255
Nigeria,NGA,2010,"Proportion of teachers with the minimum required qualifications in lower secondary education, male (%)",UIS.TRTP.2.M,84.33477
Nigeria,NGA,2006,"Proportion of teachers with the minimum required qualifications in lower secondary education, male (%)",UIS.TRTP.2.M,65.61174
Nigeria,NGA,2010,"Proportion of teachers with the minimum required qualifications in upper secondary education, both sexes (%)",UIS.TRTP.3,18.52967
Nigeria,NGA,2006,"Proportion of teachers with the minimum required qualifications in upper secondary education, both sexes (%)",UIS.TRTP.3,69.14996
Nigeria,NGA,2010,"Proportion of teachers with the minimum required qualifications in upper secondary education, female (%)",UIS.TRTP.3.F,15.28934
Nigeria,NGA,2006,"Proportion of teachers with the minimum required qualifications in upper secondary education, female (%)",UIS.TRTP.3.F,75.1871
Nigeria,NGA,2010,"Proportion of teachers with the minimum required qualifications in upper secondary education, male (%)",UIS.TRTP.3.M,21.28426
Nigeria,NGA,2006,"Proportion of teachers with the minimum required qualifications in upper secondary education, male (%)",UIS.TRTP.3.M,65.74991
Nigeria,NGA,2024,"Literacy rate, youth female (% of females ages 15-24)",SE.ADT.1524.LT.FE.ZS,81.4300003051758
Nigeria,NGA,2021,"Literacy rate, youth female (% of females ages 15-24)",SE.ADT.1524.LT.FE.ZS,69.0500030517578
Nigeria,NGA,2016,"Literacy rate, youth female (% of females ages 15-24)",SE.ADT.1524.LT.FE.ZS,67.120002746582
Nigeria,NGA,2013,"Literacy rate, youth female (% of females ages 15-24)",SE.ADT.1524.LT.FE.ZS,70.75
Nigeria,NGA,2011,"Literacy rate, youth female (% of females ages 15-24)",SE.ADT.1524.LT.FE.ZS,79.84
Nigeria,NGA,2008,"Literacy rate, youth female (% of females ages 15-24)",SE.ADT.1524.LT.FE.ZS,51.6
Nigeria,NGA,2007,"Literacy rate, youth female (% of females ages 15-24)",SE.ADT.1524.LT.FE.ZS,70.18
Nigeria,NGA,2006,"Literacy rate, youth female (% of females ages 15-24)",SE.ADT.1524.LT.FE.ZS,74.5
Nigeria,NGA,2003,"Literacy rate, youth female (% of females ages 15-24)",SE.ADT.1524.LT.FE.ZS,60.5099983215332
Nigeria,NGA,1991,"Literacy rate, youth female (% of females ages 15-24)",SE.ADT.1524.LT.FE.ZS,62.4900016784668
Nigeria,NGA,2024,"Literacy rate, youth (ages 15-24), gender parity index (GPI)",SE.ADT.1524.LT.FM.ZS,1
Nigeria,NGA,2021,"Literacy rate, youth (ages 15-24), gender parity index (GPI)",SE.ADT.1524.LT.FM.ZS,0.889999985694885
Nigeria,NGA,2016,"Literacy rate, youth (ages 15-24), gender parity index (GPI)",SE.ADT.1524.LT.FM.ZS,0.860000014305115
Nigeria,NGA,2013,"Literacy rate, youth (ages 15-24), gender parity index (GPI)",SE.ADT.1524.LT.FM.ZS,0.821051418781281
Nigeria,NGA,2008,"Literacy rate, youth (ages 15-24), gender parity index (GPI)",SE.ADT.1524.LT.FM.ZS,0.657324850559235
Nigeria,NGA,2006,"Literacy rate, youth (ages 15-24), gender parity index (GPI)",SE.ADT.1524.LT.FM.ZS,0.899999976158142
Nigeria,NGA,2003,"Literacy rate, youth (ages 15-24), gender parity index (GPI)",SE.ADT.1524.LT.FM.ZS,0.769999980926514
Nigeria,NGA,1991,"Literacy rate, youth (ages 15-24), gender parity index (GPI)",SE.ADT.1524.LT.FM.ZS,0.769999980926514
Nigeria,NGA,2024,"Literacy rate, youth male (% of males ages 15-24)",SE.ADT.1524.LT.MA.ZS,81.3099975585938
Nigeria,NGA,2021,"Literacy rate, youth male (% of males ages 15-24)",SE.ADT.1524.LT.MA.ZS,77.7799987792969
Nigeria,NGA,2019,"Literacy rate, youth male (% of males ages 15-24)",SE.ADT.1524.LT.MA.ZS,88.1255017771483
Nigeria,NGA,2016,"Literacy rate, youth male (% of males ages 15-24)",SE.ADT.1524.LT.MA.ZS,78.4300003051758
Nigeria,NGA,2013,"Literacy rate, youth male (% of males ages 15-24)",SE.ADT.1524.LT.MA.ZS,86.17
Nigeria,NGA,2008,"Literacy rate, youth male (% of males ages 15-24)",SE.ADT.1524.LT.MA.ZS,78.5
Nigeria,NGA,2006,"Literacy rate, youth male (% of males ages 15-24)",SE.ADT.1524.LT.MA.ZS,83.120002746582
Nigeria,NGA,2003,"Literacy rate, youth male (% of males ages 15-24)",SE.ADT.1524.LT.MA.ZS,78.129997253418
Nigeria,NGA,1991,"Literacy rate, youth male (% of males ages 15-24)",SE.ADT.1524.LT.MA.ZS,81.3600006103516
Nigeria,NGA,2024,"Literacy rate, youth total (% of people ages 15-24)",SE.ADT.1524.LT.ZS,81.3600006103516
Nigeria,NGA,2021,"Literacy rate, youth total (% of people ages 15-24)",SE.ADT.1524.LT.ZS,73.6699981689453
Nigeria,NGA,2016,"Literacy rate, youth total (% of people ages 15-24)",SE.ADT.1524.LT.ZS,72.9599990844727
Nigeria,NGA,2013,"Literacy rate, youth total (% of people ages 15-24)",SE.ADT.1524.LT.ZS,79.16
Nigeria,NGA,2008,"Literacy rate, youth total (% of people ages 15-24)",SE.ADT.1524.LT.ZS,66.78
Nigeria,NGA,2006,"Literacy rate, youth total (% of people ages 15-24)",SE.ADT.1524.LT.ZS,78.6900024414062
Nigeria,NGA,2003,"Literacy rate, youth total (% of people ages 15-24)",SE.ADT.1524.LT.ZS,68.9899978637695
Nigeria,NGA,1991,"Literacy rate, youth total (% of people ages 15-24)",SE.ADT.1524.LT.ZS,71.1900024414062
Nigeria,NGA,2024,"Literacy rate, adult female (% of females ages 15 and above)",SE.ADT.LITR.FE.ZS,62.4199981689453
Nigeria,NGA,2021,"Literacy rate, adult female (% of females ages 15 and above)",SE.ADT.LITR.FE.ZS,53.25
Nigeria,NGA,2016,"Literacy rate, adult female (% of females ages 15 and above)",SE.ADT.LITR.FE.ZS,49.060001373291
Nigeria,NGA,2006,"Literacy rate, adult female (% of females ages 15 and above)",SE.ADT.LITR.FE.ZS,64.25
Nigeria,NGA,2003,"Literacy rate, adult female (% of females ages 15 and above)",SE.ADT.LITR.FE.ZS,43.3199996948242
Nigeria,NGA,1991,"Literacy rate, adult female (% of females ages 15 and above)",SE.ADT.LITR.FE.ZS,43.7299995422363
Nigeria,NGA,2024,"Literacy rate, adult male (% of males ages 15 and above)",SE.ADT.LITR.MA.ZS,78.4300003051758
Nigeria,NGA,2021,"Literacy rate, adult male (% of males ages 15 and above)",SE.ADT.LITR.MA.ZS,73.7300033569336
Nigeria,NGA,2019,"Literacy rate, adult male (% of males ages 15 and above)",SE.ADT.LITR.MA.ZS,81.5846860649535
Nigeria,NGA,2016,"Literacy rate, adult male (% of males ages 15 and above)",SE.ADT.LITR.MA.ZS,68.120002746582
Nigeria,NGA,2006,"Literacy rate, adult male (% of males ages 15 and above)",SE.ADT.LITR.MA.ZS,76.129997253418
Nigeria,NGA,2003,"Literacy rate, adult male (% of males ages 15 and above)",SE.ADT.LITR.MA.ZS,66.7699966430664
Nigeria,NGA,1991,"Literacy rate, adult male (% of males ages 15 and above)",SE.ADT.LITR.MA.ZS,67.6500015258789
Nigeria,NGA,2024,"Literacy rate, adult total (% of people ages 15 and above)",SE.ADT.LITR.ZS,70.4100036621094
Nigeria,NGA,2021,"Literacy rate, adult total (% of people ages 15 and above)",SE.ADT.LITR.ZS,63.1599998474121
Nigeria,NGA,2016,"Literacy rate, adult total (% of people ages 15 and above)",SE.ADT.LITR.ZS,58.2200012207031
Nigeria,NGA,2006,"Literacy rate, adult total (% of people ages 15 and above)",SE.ADT.LITR.ZS,70.1999969482422
Nigeria,NGA,2003,"Literacy rate, adult total (% of people ages 15 and above)",SE.ADT.LITR.ZS,54.7700004577637
Nigeria,NGA,1991,"Literacy rate, adult total (% of people ages 15 and above)",SE.ADT.LITR.ZS,55.4500007629395
Nigeria,NGA,2025,"Compulsory education, duration (years)",SE.COM.DURS,9
Nigeria,NGA,2024,"Compulsory education, duration (years)",SE.COM.DURS,9
Nigeria,NGA,2023,"Compulsory education, duration (years)",SE.COM.DURS,9
Nigeria,NGA,2022,"Compulsory education, duration (years)",SE.COM.DURS,9
Nigeria,NGA,2021,"Compulsory education, duration (years)",SE.COM.DURS,9
Nigeria,NGA,2020,"Compulsory education, duration (years)",SE.COM.DURS,9
Nigeria,NGA,2019,"Compulsory education, duration (years)",SE.COM.DURS,9
Nigeria,NGA,2018,"Compulsory education, duration (years)",SE.COM.DURS,9
Nigeria,NGA,2017,"Compulsory education, duration (years)",SE.COM.DURS,9
Nigeria,NGA,2016,"Compulsory education, duration (years)",SE.COM.DURS,9
Nigeria,NGA,2015,"Compulsory education, duration (years)",SE.COM.DURS,9
Nigeria,NGA,2014,"Compulsory education, duration (years)",SE.COM.DURS,9
Nigeria,NGA,2013,"Compulsory education, duration (years)",SE.COM.DURS,9
Nigeria,NGA,2012,"Compulsory education, duration (years)",SE.COM.DURS,9
Nigeria,NGA,2011,"Compulsory education, duration (years)",SE.COM.DURS,9
Nigeria,NGA,2010,"Compulsory education, duration (years)",SE.COM.DURS,9
Nigeria,NGA,2009,"Compulsory education, duration (years)",SE.COM.DURS,9
Nigeria,NGA,2008,"Compulsory education, duration (years)",SE.COM.DURS,9
Nigeria,NGA,2007,"Compulsory education, duration (years)",SE.COM.DURS,9
Nigeria,NGA,2006,"Compulsory education, duration (years)",SE.COM.DURS,9
Nigeria,NGA,2005,"Compulsory education, duration (years)",SE.COM.DURS,9
Nigeria,NGA,2004,"Compulsory education, duration (years)",SE.COM.DURS,9
Nigeria,NGA,2019,"School enrollment, primary (gross), gender parity index (GPI)",SE.ENR.PRIM.FM.ZS,1.00997877120972
Nigeria,NGA,2018,"School enrollment, primary (gross), gender parity index (GPI)",SE.ENR.PRIM.FM.ZS,0.977930009365082
Nigeria,NGA,2017,"School enrollment, primary (gross), gender parity index (GPI)",SE.ENR.PRIM.FM.ZS,0.943077504634857
Nigeria,NGA,2016,"School enrollment, primary (gross), gender parity index (GPI)",SE.ENR.PRIM.FM.ZS,0.942709982395172
Nigeria,NGA,2015,"School enrollment, primary (gross), gender parity index (GPI)",SE.ENR.PRIM.FM.ZS,0.937149107456207
Nigeria,NGA,2014,"School enrollment, primary (gross), gender parity index (GPI)",SE.ENR.PRIM.FM.ZS,0.98539000749588
Nigeria,NGA,2013,"School enrollment, primary (gross), gender parity index (GPI)",SE.ENR.PRIM.FM.ZS,0.974839985370636
Nigeria,NGA,2012,"School enrollment, primary (gross), gender parity index (GPI)",SE.ENR.PRIM.FM.ZS,0.974160015583038
Nigeria,NGA,2011,"School enrollment, primary (gross), gender parity index (GPI)",SE.ENR.PRIM.FM.ZS,0.932770013809204
Nigeria,NGA,2010,"School enrollment, primary (gross), gender parity index (GPI)",SE.ENR.PRIM.FM.ZS,0.908500015735626
Nigeria,NGA,2009,"School enrollment, primary (gross), gender parity index (GPI)",SE.ENR.PRIM.FM.ZS,0.89630001783371
Nigeria,NGA,2008,"School enrollment, primary (gross), gender parity index (GPI)",SE.ENR.PRIM.FM.ZS,0.888109982013702
Nigeria,NGA,2007,"School enrollment, primary (gross), gender parity index (GPI)",SE.ENR.PRIM.FM.ZS,0.882279992103577
Nigeria,NGA,2006,"School enrollment, primary (gross), gender parity index (GPI)",SE.ENR.PRIM.FM.ZS,0.859790027141571
Nigeria,NGA,2005,"School enrollment, primary (gross), gender parity index (GPI)",SE.ENR.PRIM.FM.ZS,0.843209981918335
Nigeria,NGA,2004,"School enrollment, primary (gross), gender parity index (GPI)",SE.ENR.PRIM.FM.ZS,0.837800025939941
Nigeria,NGA,2003,"School enrollment, primary (gross), gender parity index (GPI)",SE.ENR.PRIM.FM.ZS,0.831870019435883
Nigeria,NGA,2002,"School enrollment, primary (gross), gender parity index (GPI)",SE.ENR.PRIM.FM.ZS,0.825600028038025
Nigeria,NGA,2001,"School enrollment, primary (gross), gender parity index (GPI)",SE.ENR.PRIM.FM.ZS,0.826590001583099
Nigeria,NGA,2000,"School enrollment, primary (gross), gender parity index (GPI)",SE.ENR.PRIM.FM.ZS,0.810350000858307
Nigeria,NGA,1999,"School enrollment, primary (gross), gender parity index (GPI)",SE.ENR.PRIM.FM.ZS,0.806930005550385
Nigeria,NGA,1996,"School enrollment, primary (gross), gender parity index (GPI)",SE.ENR.PRIM.FM.ZS,0.85632997751236
Nigeria,NGA,1995,"School enrollment, primary (gross), gender parity index (GPI)",SE.ENR.PRIM.FM.ZS,0.831070005893707
Nigeria,NGA,1994,"School enrollment, primary (gross), gender parity index (GPI)",SE.ENR.PRIM.FM.ZS,0.81521999835968
Nigeria,NGA,1993,"School enrollment, primary (gross), gender parity index (GPI)",SE.ENR.PRIM.FM.ZS,0.804090023040771
Nigeria,NGA,1992,"School enrollment, primary (gross), gender parity index (GPI)",SE.ENR.PRIM.FM.ZS,0.816770017147064
Nigeria,NGA,1991,"School enrollment, primary (gross), gender parity index (GPI)",SE.ENR.PRIM.FM.ZS,0.806140005588531
Nigeria,NGA,1990,"School enrollment, primary (gross), gender parity index (GPI)",SE.ENR.PRIM.FM.ZS,0.78600001335144
Nigeria,NGA,1989,"School enrollment, primary (gross), gender parity index (GPI)",SE.ENR.PRIM.FM.ZS,0.844990015029907
Nigeria,NGA,1988,"School enrollment, primary (gross), gender parity index (GPI)",SE.ENR.PRIM.FM.ZS,0.760299980640411
Nigeria,NGA,1987,"School enrollment, primary (gross), gender parity index (GPI)",SE.ENR.PRIM.FM.ZS,0.82344001531601
Nigeria,NGA,1986,"School enrollment, primary (gross), gender parity index (GPI)",SE.ENR.PRIM.FM.ZS,0.820089995861053
Nigeria,NGA,1985,"School enrollment, primary (gross), gender parity index (GPI)",SE.ENR.PRIM.FM.ZS,0.810869991779327
Nigeria,NGA,1984,"School enrollment, primary (gross), gender parity index (GPI)",SE.ENR.PRIM.FM.ZS,0.778659999370575
Nigeria,NGA,1983,"School enrollment, primary (gross), gender parity index (GPI)",SE.ENR.PRIM.FM.ZS,0.776289999485016
Nigeria,NGA,1982,"School enrollment, primary (gross), gender parity index (GPI)",SE.ENR.PRIM.FM.ZS,0.78847998380661
Nigeria,NGA,1981,"School enrollment, primary (gross), gender parity index (GPI)",SE.ENR.PRIM.FM.ZS,0.797169983386993
Nigeria,NGA,1980,"School enrollment, primary (gross), gender parity index (GPI)",SE.ENR.PRIM.FM.ZS,0.789979994297028
Nigeria,NGA,1979,"School enrollment, primary (gross), gender parity index (GPI)",SE.ENR.PRIM.FM.ZS,0.778050005435944
Nigeria,NGA,1978,"School enrollment, primary (gross), gender parity index (GPI)",SE.ENR.PRIM.FM.ZS,0.783569991588593
Nigeria,NGA,1977,"School enrollment, primary (gross), gender parity index (GPI)",SE.ENR.PRIM.FM.ZS,0.758249998092651
Nigeria,NGA,1976,"School enrollment, primary (gross), gender parity index (GPI)",SE.ENR.PRIM.FM.ZS,0.686070024967194
Nigeria,NGA,1973,"School enrollment, primary (gross), gender parity index (GPI)",SE.ENR.PRIM.FM.ZS,0.679080009460449
Nigeria,NGA,1972,"School enrollment, primary (gross), gender parity index (GPI)",SE.ENR.PRIM.FM.ZS,0.653980016708374
Nigeria,NGA,1971,"School enrollment, primary (gross), gender parity index (GPI)",SE.ENR.PRIM.FM.ZS,0.634850025177002
Nigeria,NGA,1970,"School enrollment, primary (gross), gender parity index (GPI)",SE.ENR.PRIM.FM.ZS,0.596859991550446
Nigeria,NGA,2018,"School enrollment, primary and secondary (gross), gender parity index (GPI)",SE.ENR.PRSC.FM.ZS,0.969380021095276
Nigeria,NGA,2016,"School enrollment, primary and secondary (gross), gender parity index (GPI)",SE.ENR.PRSC.FM.ZS,0.930320024490356
Nigeria,NGA,2014,"School enrollment, primary and secondary (gross), gender parity index (GPI)",SE.ENR.PRSC.FM.ZS,0.956820011138916
Nigeria,NGA,2013,"School enrollment, primary and secondary (gross), gender parity index (GPI)",SE.ENR.PRSC.FM.ZS,0.952579975128174
Nigeria,NGA,2012,"School enrollment, primary and secondary (gross), gender parity index (GPI)",SE.ENR.PRSC.FM.ZS,0.95440000295639
Nigeria,NGA,2011,"School enrollment, primary and secondary (gross), gender parity index (GPI)",SE.ENR.PRSC.FM.ZS,0.908169984817505
Nigeria,NGA,2010,"School enrollment, primary and secondary (gross), gender parity index (GPI)",SE.ENR.PRSC.FM.ZS,0.897220015525818
Nigeria,NGA,2009,"School enrollment, primary and secondary (gross), gender parity index (GPI)",SE.ENR.PRSC.FM.ZS,0.887960016727448
Nigeria,NGA,2008,"School enrollment, primary and secondary (gross), gender parity index (GPI)",SE.ENR.PRSC.FM.ZS,0.873030006885529
Nigeria,NGA,2007,"School enrollment, primary and secondary (gross), gender parity index (GPI)",SE.ENR.PRSC.FM.ZS,0.855579972267151
Nigeria,NGA,2006,"School enrollment, primary and secondary (gross), gender parity index (GPI)",SE.ENR.PRSC.FM.ZS,0.849070012569427
Nigeria,NGA,2005,"School enrollment, primary and secondary (gross), gender parity index (GPI)",SE.ENR.PRSC.FM.ZS,0.839640021324158
Nigeria,NGA,2004,"School enrollment, primary and secondary (gross), gender parity index (GPI)",SE.ENR.PRSC.FM.ZS,0.82804000377655
Nigeria,NGA,2002,"School enrollment, primary and secondary (gross), gender parity index (GPI)",SE.ENR.PRSC.FM.ZS,0.81156998872757
Nigeria,NGA,2001,"School enrollment, primary and secondary (gross), gender parity index (GPI)",SE.ENR.PRSC.FM.ZS,0.827269971370697
Nigeria,NGA,2000,"School enrollment, primary and secondary (gross), gender parity index (GPI)",SE.ENR.PRSC.FM.ZS,0.815140008926392
Nigeria,NGA,1999,"School enrollment, primary and secondary (gross), gender parity index (GPI)",SE.ENR.PRSC.FM.ZS,0.823350012302399
Nigeria,NGA,1990,"School enrollment, primary and secondary (gross), gender parity index (GPI)",SE.ENR.PRSC.FM.ZS,0.782169997692108
Nigeria,NGA,1989,"School enrollment, primary and secondary (gross), gender parity index (GPI)",SE.ENR.PRSC.FM.ZS,0.832419991493225
Nigeria,NGA,1987,"School enrollment, primary and secondary (gross), gender parity index (GPI)",SE.ENR.PRSC.FM.ZS,0.812940001487732
Nigeria,NGA,1986,"School enrollment, primary and secondary (gross), gender parity index (GPI)",SE.ENR.PRSC.FM.ZS,0.797990024089813
Nigeria,NGA,1984,"School enrollment, primary and secondary (gross), gender parity index (GPI)",SE.ENR.PRSC.FM.ZS,0.676490008831024
Nigeria,NGA,1983,"School enrollment, primary and secondary (gross), gender parity index (GPI)",SE.ENR.PRSC.FM.ZS,0.701300024986267
Nigeria,NGA,1982,"School enrollment, primary and secondary (gross), gender parity index (GPI)",SE.ENR.PRSC.FM.ZS,0.747340023517609
Nigeria,NGA,1981,"School enrollment, primary and secondary (gross), gender parity index (GPI)",SE.ENR.PRSC.FM.ZS,0.751739978790283
Nigeria,NGA,1980,"School enrollment, primary and secondary (gross), gender parity index (GPI)",SE.ENR.PRSC.FM.ZS,0.743489980697632
Nigeria,NGA,1979,"School enrollment, primary and secondary (gross), gender parity index (GPI)",SE.ENR.PRSC.FM.ZS,0.745639979839325
Nigeria,NGA,1978,"School enrollment, primary and secondary (gross), gender parity index (GPI)",SE.ENR.PRSC.FM.ZS,0.753329992294312
Nigeria,NGA,1977,"School enrollment, primary and secondary (gross), gender parity index (GPI)",SE.ENR.PRSC.FM.ZS,0.722029983997345
Nigeria,NGA,1973,"School enrollment, primary and secondary (gross), gender parity index (GPI)",SE.ENR.PRSC.FM.ZS,0.659990012645721
Nigeria,NGA,1972,"School enrollment, primary and secondary (gross), gender parity index (GPI)",SE.ENR.PRSC.FM.ZS,0.633099973201752
Nigeria,NGA,1971,"School enrollment, primary and secondary (gross), gender parity index (GPI)",SE.ENR.PRSC.FM.ZS,0.615459978580475
Nigeria,NGA,1970,"School enrollment, primary and secondary (gross), gender parity index (GPI)",SE.ENR.PRSC.FM.ZS,0.581910014152527
Nigeria,NGA,2018,"School enrollment, secondary (gross), gender parity index (GPI)",SE.ENR.SECO.FM.ZS,0.951550006866455
Nigeria,NGA,2016,"School enrollment, secondary (gross), gender parity index (GPI)",SE.ENR.SECO.FM.ZS,0.903169989585876
Nigeria,NGA,2015,"School enrollment, secondary (gross), gender parity index (GPI)",SE.ENR.SECO.FM.ZS,0.915030002593994
Nigeria,NGA,2014,"School enrollment, secondary (gross), gender parity index (GPI)",SE.ENR.SECO.FM.ZS,0.893069982528687
Nigeria,NGA,2013,"School enrollment, secondary (gross), gender parity index (GPI)",SE.ENR.SECO.FM.ZS,0.909910023212433
Nigeria,NGA,2012,"School enrollment, secondary (gross), gender parity index (GPI)",SE.ENR.SECO.FM.ZS,0.911069989204407
Nigeria,NGA,2011,"School enrollment, secondary (gross), gender parity index (GPI)",SE.ENR.SECO.FM.ZS,0.852959990501404
Nigeria,NGA,2010,"School enrollment, secondary (gross), gender parity index (GPI)",SE.ENR.SECO.FM.ZS,0.873589992523193
Nigeria,NGA,2009,"School enrollment, secondary (gross), gender parity index (GPI)",SE.ENR.SECO.FM.ZS,0.869170010089874
Nigeria,NGA,2008,"School enrollment, secondary (gross), gender parity index (GPI)",SE.ENR.SECO.FM.ZS,0.833750009536743
Nigeria,NGA,2007,"School enrollment, secondary (gross), gender parity index (GPI)",SE.ENR.SECO.FM.ZS,0.770380020141602
Nigeria,NGA,2006,"School enrollment, secondary (gross), gender parity index (GPI)",SE.ENR.SECO.FM.ZS,0.815559983253479
Nigeria,NGA,2005,"School enrollment, secondary (gross), gender parity index (GPI)",SE.ENR.SECO.FM.ZS,0.83076000213623
Nigeria,NGA,2004,"School enrollment, secondary (gross), gender parity index (GPI)",SE.ENR.SECO.FM.ZS,0.798389971256256
Nigeria,NGA,2002,"School enrollment, secondary (gross), gender parity index (GPI)",SE.ENR.SECO.FM.ZS,0.761690020561218
Nigeria,NGA,2001,"School enrollment, secondary (gross), gender parity index (GPI)",SE.ENR.SECO.FM.ZS,0.832449972629547
Nigeria,NGA,2000,"School enrollment, secondary (gross), gender parity index (GPI)",SE.ENR.SECO.FM.ZS,0.840560019016266
Nigeria,NGA,1999,"School enrollment, secondary (gross), gender parity index (GPI)",SE.ENR.SECO.FM.ZS,0.906710028648376
Nigeria,NGA,1990,"School enrollment, secondary (gross), gender parity index (GPI)",SE.ENR.SECO.FM.ZS,0.771619975566864
Nigeria,NGA,1989,"School enrollment, secondary (gross), gender parity index (GPI)",SE.ENR.SECO.FM.ZS,0.786700010299683
Nigeria,NGA,1987,"School enrollment, secondary (gross), gender parity index (GPI)",SE.ENR.SECO.FM.ZS,0.778069972991943
Nigeria,NGA,1986,"School enrollment, secondary (gross), gender parity index (GPI)",SE.ENR.SECO.FM.ZS,0.716409981250763
Nigeria,NGA,1984,"School enrollment, secondary (gross), gender parity index (GPI)",SE.ENR.SECO.FM.ZS,0.349999994039536
Nigeria,NGA,1983,"School enrollment, secondary (gross), gender parity index (GPI)",SE.ENR.SECO.FM.ZS,0.414770007133484
Nigeria,NGA,1982,"School enrollment, secondary (gross), gender parity index (GPI)",SE.ENR.SECO.FM.ZS,0.550320029258728
Nigeria,NGA,1981,"School enrollment, secondary (gross), gender parity index (GPI)",SE.ENR.SECO.FM.ZS,0.512650012969971
Nigeria,NGA,1980,"School enrollment, secondary (gross), gender parity index (GPI)",SE.ENR.SECO.FM.ZS,0.468919992446899
Nigeria,NGA,1979,"School enrollment, secondary (gross), gender parity index (GPI)",SE.ENR.SECO.FM.ZS,0.516099989414215
Nigeria,NGA,1978,"School enrollment, secondary (gross), gender parity index (GPI)",SE.ENR.SECO.FM.ZS,0.53372997045517
Nigeria,NGA,1977,"School enrollment, secondary (gross), gender parity index (GPI)",SE.ENR.SECO.FM.ZS,0.482820004224777
Nigeria,NGA,1973,"School enrollment, secondary (gross), gender parity index (GPI)",SE.ENR.SECO.FM.ZS,0.530009984970093
Nigeria,NGA,1972,"School enrollment, secondary (gross), gender parity index (GPI)",SE.ENR.SECO.FM.ZS,0.481009989976883
Nigeria,NGA,1971,"School enrollment, secondary (gross), gender parity index (GPI)",SE.ENR.SECO.FM.ZS,0.473619997501373
Nigeria,NGA,1970,"School enrollment, secondary (gross), gender parity index (GPI)",SE.ENR.SECO.FM.ZS,0.474229991436005
Nigeria,NGA,2011,"School enrollment, tertiary (gross), gender parity index (GPI)",SE.ENR.TERT.FM.ZS,0.694068569044995
Nigeria,NGA,2010,"School enrollment, tertiary (gross), gender parity index (GPI)",SE.ENR.TERT.FM.ZS,0.740697646627718
Nigeria,NGA,2005,"School enrollment, tertiary (gross), gender parity index (GPI)",SE.ENR.TERT.FM.ZS,0.703360021114349
Nigeria,NGA,2004,"School enrollment, tertiary (gross), gender parity index (GPI)",SE.ENR.TERT.FM.ZS,0.702859997749329
Nigeria,NGA,2003,"School enrollment, tertiary (gross), gender parity index (GPI)",SE.ENR.TERT.FM.ZS,0.681850016117096
Nigeria,NGA,1999,"School enrollment, tertiary (gross), gender parity index (GPI)",SE.ENR.TERT.FM.ZS,0.774370014667511
Nigeria,NGA,1989,"School enrollment, tertiary (gross), gender parity index (GPI)",SE.ENR.TERT.FM.ZS,0.31904000043869
Nigeria,NGA,1988,"School enrollment, tertiary (gross), gender parity index (GPI)",SE.ENR.TERT.FM.ZS,0.333770006895065
Nigeria,NGA,1987,"School enrollment, tertiary (gross), gender parity index (GPI)",SE.ENR.TERT.FM.ZS,0.389800012111664
Nigeria,NGA,1986,"School enrollment, tertiary (gross), gender parity index (GPI)",SE.ENR.TERT.FM.ZS,0.355949997901917
Nigeria,NGA,1985,"School enrollment, tertiary (gross), gender parity index (GPI)",SE.ENR.TERT.FM.ZS,0.338750004768372
Nigeria,NGA,2025,"Preprimary education, duration (years)",SE.PRE.DURS,5
Nigeria,NGA,2024,"Preprimary education, duration (years)",SE.PRE.DURS,5
Nigeria,NGA,2023,"Preprimary education, duration (years)",SE.PRE.DURS,5
Nigeria,NGA,2022,"Preprimary education, duration (years)",SE.PRE.DURS,5
Nigeria,NGA,2021,"Preprimary education, duration (years)",SE.PRE.DURS,5
Nigeria,NGA,2020,"Preprimary education, duration (years)",SE.PRE.DURS,5
Nigeria,NGA,2019,"Preprimary education, duration (years)",SE.PRE.DURS,5
Nigeria,NGA,2018,"Preprimary education, duration (years)",SE.PRE.DURS,5
Nigeria,NGA,2017,"Preprimary education, duration (years)",SE.PRE.DURS,5
Nigeria,NGA,2016,"Preprimary education, duration (years)",SE.PRE.DURS,5
Nigeria,NGA,2015,"Preprimary education, duration (years)",SE.PRE.DURS,5
Nigeria,NGA,2014,"Preprimary education, duration (years)",SE.PRE.DURS,5
Nigeria,NGA,2013,"Preprimary education, duration (years)",SE.PRE.DURS,5
Nigeria,NGA,2012,"Preprimary education, duration (years)",SE.PRE.DURS,5
Nigeria,NGA,2011,"Preprimary education, duration (years)",SE.PRE.DURS,5
Nigeria,NGA,2010,"Preprimary education, duration (years)",SE.PRE.DURS,5
Nigeria,NGA,2009,"Preprimary education, duration (years)",SE.PRE.DURS,5
Nigeria,NGA,2008,"Preprimary education, duration (years)",SE.PRE.DURS,5
Nigeria,NGA,2007,"Preprimary education, duration (years)",SE.PRE.DURS,5
Nigeria,NGA,2006,"Preprimary education, duration (years)",SE.PRE.DURS,5
Nigeria,NGA,2005,"Preprimary education, duration (years)",SE.PRE.DURS,5
Nigeria,NGA,2004,"Preprimary education, duration (years)",SE.PRE.DURS,5
Nigeria,NGA,2003,"Preprimary education, duration (years)",SE.PRE.DURS,5
Nigeria,NGA,2002,"Preprimary education, duration (years)",SE.PRE.DURS,5
Nigeria,NGA,2001,"Preprimary education, duration (years)",SE.PRE.DURS,5
Nigeria,NGA,2000,"Preprimary education, duration (years)",SE.PRE.DURS,5
Nigeria,NGA,1999,"Preprimary education, duration (years)",SE.PRE.DURS,5
Nigeria,NGA,2008,"Pupil-teacher ratio, preprimary",SE.PRE.ENRL.TC.ZS,28.90915
Nigeria,NGA,2018,"School enrollment, preprimary (% gross)",SE.PRE.ENRR,23.4557495117188
Nigeria,NGA,2017,"School enrollment, preprimary (% gross)",SE.PRE.ENRR,19.6549797058105
Nigeria,NGA,2016,"School enrollment, preprimary (% gross)",SE.PRE.ENRR,15.8845195770264
Nigeria,NGA,2015,"School enrollment, preprimary (% gross)",SE.PRE.ENRR,23.9944496154785
Nigeria,NGA,2014,"School enrollment, preprimary (% gross)",SE.PRE.ENRR,15.0458202362061
Nigeria,NGA,2011,"School enrollment, preprimary (% gross)",SE.PRE.ENRR,43.1699981689453
Nigeria,NGA,2010,"School enrollment, preprimary (% gross)",SE.PRE.ENRR,41.8311882019043
Nigeria,NGA,2009,"School enrollment, preprimary (% gross)",SE.PRE.ENRR,40.6091690063477
Nigeria,NGA,2008,"School enrollment, preprimary (% gross)",SE.PRE.ENRR,38.3099212646484
Nigeria,NGA,2005,"School enrollment, preprimary (% gross)",SE.PRE.ENRR,43.8242988586426
Nigeria,NGA,2004,"School enrollment, preprimary (% gross)",SE.PRE.ENRR,44.4809799194336
Nigeria,NGA,2003,"School enrollment, preprimary (% gross)",SE.PRE.ENRR,35.8880500793457
Nigeria,NGA,2001,"School enrollment, preprimary (% gross)",SE.PRE.ENRR,25.516529083252
Nigeria,NGA,2018,"School enrollment, preprimary, female (% gross)",SE.PRE.ENRR.FE,22.4882106781006
Nigeria,NGA,2017,"School enrollment, preprimary, female (% gross)",SE.PRE.ENRR.FE,19.8655395507813
Nigeria,NGA,2016,"School enrollment, preprimary, female (% gross)",SE.PRE.ENRR.FE,16.0787296295166
Nigeria,NGA,2015,"School enrollment, preprimary, female (% gross)",SE.PRE.ENRR.FE,24.1829299926758
Nigeria,NGA,2014,"School enrollment, preprimary, female (% gross)",SE.PRE.ENRR.FE,14.8195104598999
Nigeria,NGA,2011,"School enrollment, preprimary, female (% gross)",SE.PRE.ENRR.FE,43.4599990844727
Nigeria,NGA,2010,"School enrollment, preprimary, female (% gross)",SE.PRE.ENRR.FE,41.4841918945313
Nigeria,NGA,2009,"School enrollment, preprimary, female (% gross)",SE.PRE.ENRR.FE,37.0373497009277
Nigeria,NGA,2008,"School enrollment, preprimary, female (% gross)",SE.PRE.ENRR.FE,39.1702690124512
Nigeria,NGA,2005,"School enrollment, preprimary, female (% gross)",SE.PRE.ENRR.FE,43.4741401672363
Nigeria,NGA,2004,"School enrollment, preprimary, female (% gross)",SE.PRE.ENRR.FE,44.3654098510742
Nigeria,NGA,2003,"School enrollment, preprimary, female (% gross)",SE.PRE.ENRR.FE,34.9264907836914
Nigeria,NGA,2001,"School enrollment, preprimary, female (% gross)",SE.PRE.ENRR.FE,24.6978893280029
Nigeria,NGA,2018,"School enrollment, preprimary, male (% gross)",SE.PRE.ENRR.MA,24.381010055542
Nigeria,NGA,2017,"School enrollment, preprimary, male (% gross)",SE.PRE.ENRR.MA,19.4535293579102
Nigeria,NGA,2016,"School enrollment, preprimary, male (% gross)",SE.PRE.ENRR.MA,15.6986303329468
Nigeria,NGA,2015,"School enrollment, preprimary, male (% gross)",SE.PRE.ENRR.MA,23.8139896392822
Nigeria,NGA,2014,"School enrollment, preprimary, male (% gross)",SE.PRE.ENRR.MA,15.2625503540039
Nigeria,NGA,2011,"School enrollment, preprimary, male (% gross)",SE.PRE.ENRR.MA,42.8899993896484
Nigeria,NGA,2010,"School enrollment, preprimary, male (% gross)",SE.PRE.ENRR.MA,42.1640892028809
Nigeria,NGA,2009,"School enrollment, preprimary, male (% gross)",SE.PRE.ENRR.MA,44.0381011962891
Nigeria,NGA,2008,"School enrollment, preprimary, male (% gross)",SE.PRE.ENRR.MA,37.4833488464355
Nigeria,NGA,2005,"School enrollment, preprimary, male (% gross)",SE.PRE.ENRR.MA,44.1614112854004
Nigeria,NGA,2004,"School enrollment, preprimary, male (% gross)",SE.PRE.ENRR.MA,44.5923118591309
Nigeria,NGA,2003,"School enrollment, preprimary, male (% gross)",SE.PRE.ENRR.MA,36.8146705627441
Nigeria,NGA,2001,"School enrollment, preprimary, male (% gross)",SE.PRE.ENRR.MA,26.3061408996582
Nigeria,NGA,2025,Primary school starting age (years),SE.PRM.AGES,6
Nigeria,NGA,2024,Primary school starting age (years),SE.PRM.AGES,6
Nigeria,NGA,2023,Primary school starting age (years),SE.PRM.AGES,6
Nigeria,NGA,2022,Primary school starting age (years),SE.PRM.AGES,6
Nigeria,NGA,2021,Primary school starting age (years),SE.PRM.AGES,6
Nigeria,NGA,2020,Primary school starting age (years),SE.PRM.AGES,6
Nigeria,NGA,2019,Primary school starting age (years),SE.PRM.AGES,6
Nigeria,NGA,2018,Primary school starting age (years),SE.PRM.AGES,6
Nigeria,NGA,2017,Primary school starting age (years),SE.PRM.AGES,6
Nigeria,NGA,2016,Primary school starting age (years),SE.PRM.AGES,6
Nigeria,NGA,2015,Primary school starting age (years),SE.PRM.AGES,6
Nigeria,NGA,2014,Primary school starting age (years),SE.PRM.AGES,6
Nigeria,NGA,2013,Primary school starting age (years),SE.PRM.AGES,6
Nigeria,NGA,2012,Primary school starting age (years),SE.PRM.AGES,6
Nigeria,NGA,2011,Primary school starting age (years),SE.PRM.AGES,6
Nigeria,NGA,2010,Primary school starting age (years),SE.PRM.AGES,6
Nigeria,NGA,2009,Primary school starting age (years),SE.PRM.AGES,6
Nigeria,NGA,2008,Primary school starting age (years),SE.PRM.AGES,6
Nigeria,NGA,2007,Primary school starting age (years),SE.PRM.AGES,6
Nigeria,NGA,2006,Primary school starting age (years),SE.PRM.AGES,6
Nigeria,NGA,2005,Primary school starting age (years),SE.PRM.AGES,6
Nigeria,NGA,2004,Primary school starting age (years),SE.PRM.AGES,6
Nigeria,NGA,2003,Primary school starting age (years),SE.PRM.AGES,6
Nigeria,NGA,2002,Primary school starting age (years),SE.PRM.AGES,6
Nigeria,NGA,2001,Primary school starting age (years),SE.PRM.AGES,6
Nigeria,NGA,2000,Primary school starting age (years),SE.PRM.AGES,6
Nigeria,NGA,1999,Primary school starting age (years),SE.PRM.AGES,6
Nigeria,NGA,1998,Primary school starting age (years),SE.PRM.AGES,6
Nigeria,NGA,1997,Primary school starting age (years),SE.PRM.AGES,6
Nigeria,NGA,1996,Primary school starting age (years),SE.PRM.AGES,6
Nigeria,NGA,1995,Primary school starting age (years),SE.PRM.AGES,6
Nigeria,NGA,1994,Primary school starting age (years),SE.PRM.AGES,6
Nigeria,NGA,1993,Primary school starting age (years),SE.PRM.AGES,6
Nigeria,NGA,1992,Primary school starting age (years),SE.PRM.AGES,6
Nigeria,NGA,1991,Primary school starting age (years),SE.PRM.AGES,6
Nigeria,NGA,1990,Primary school starting age (years),SE.PRM.AGES,6
Nigeria,NGA,1989,Primary school starting age (years),SE.PRM.AGES,6
Nigeria,NGA,1988,Primary school starting age (years),SE.PRM.AGES,6
Nigeria,NGA,1987,Primary school starting age (years),SE.PRM.AGES,6
Nigeria,NGA,1986,Primary school starting age (years),SE.PRM.AGES,6
Nigeria,NGA,1985,Primary school starting age (years),SE.PRM.AGES,6
Nigeria,NGA,1984,Primary school starting age (years),SE.PRM.AGES,6
Nigeria,NGA,1983,Primary school starting age (years),SE.PRM.AGES,6
Nigeria,NGA,1982,Primary school starting age (years),SE.PRM.AGES,6
Nigeria,NGA,1981,Primary school starting age (years),SE.PRM.AGES,6
Nigeria,NGA,1980,Primary school starting age (years),SE.PRM.AGES,6
Nigeria,NGA,1979,Primary school starting age (years),SE.PRM.AGES,6
Nigeria,NGA,1978,Primary school starting age (years),SE.PRM.AGES,6
Nigeria,NGA,1977,Primary school starting age (years),SE.PRM.AGES,6
Nigeria,NGA,1976,Primary school starting age (years),SE.PRM.AGES,6
Nigeria,NGA,1975,Primary school starting age (years),SE.PRM.AGES,6
Nigeria,NGA,1974,Primary school starting age (years),SE.PRM.AGES,6
Nigeria,NGA,1973,Primary school starting age (years),SE.PRM.AGES,6
Nigeria,NGA,1972,Primary school starting age (years),SE.PRM.AGES,6
Nigeria,NGA,1971,Primary school starting age (years),SE.PRM.AGES,6
Nigeria,NGA,1970,Primary school starting age (years),SE.PRM.AGES,6
Nigeria,NGA,2010,"Primary completion rate, female (% of relevant age group)",SE.PRM.CMPT.FE.ZS,65.5177993774414
Nigeria,NGA,2009,"Primary completion rate, female (% of relevant age group)",SE.PRM.CMPT.FE.ZS,64.8064422607422
Nigeria,NGA,2008,"Primary completion rate, female (% of relevant age group)",SE.PRM.CMPT.FE.ZS,60.4519195556641
Nigeria,NGA,2007,"Primary completion rate, female (% of relevant age group)",SE.PRM.CMPT.FE.ZS,67.4654693603516
Nigeria,NGA,2006,"Primary completion rate, female (% of relevant age group)",SE.PRM.CMPT.FE.ZS,76.1808090209961
Nigeria,NGA,2005,"Primary completion rate, female (% of relevant age group)",SE.PRM.CMPT.FE.ZS,71.4777374267578
Nigeria,NGA,2004,"Primary completion rate, female (% of relevant age group)",SE.PRM.CMPT.FE.ZS,68.7869415283203
Nigeria,NGA,2000,"Primary completion rate, female (% of relevant age group)",SE.PRM.CMPT.FE.ZS,72.0028228759766
Nigeria,NGA,2010,"Primary completion rate, male (% of relevant age group)",SE.PRM.CMPT.MA.ZS,74.6566925048828
Nigeria,NGA,2009,"Primary completion rate, male (% of relevant age group)",SE.PRM.CMPT.MA.ZS,74.808219909668
Nigeria,NGA,2008,"Primary completion rate, male (% of relevant age group)",SE.PRM.CMPT.MA.ZS,71.0051422119141
Nigeria,NGA,2007,"Primary completion rate, male (% of relevant age group)",SE.PRM.CMPT.MA.ZS,84.7738800048828
Nigeria,NGA,2006,"Primary completion rate, male (% of relevant age group)",SE.PRM.CMPT.MA.ZS,96.3813018798828
Nigeria,NGA,2005,"Primary completion rate, male (% of relevant age group)",SE.PRM.CMPT.MA.ZS,86.6152496337891
Nigeria,NGA,2004,"Primary completion rate, male (% of relevant age group)",SE.PRM.CMPT.MA.ZS,84.084716796875
Nigeria,NGA,2000,"Primary completion rate, male (% of relevant age group)",SE.PRM.CMPT.MA.ZS,88.9721069335938
Nigeria,NGA,2010,"Primary completion rate, total (% of relevant age group)",SE.PRM.CMPT.ZS,70.164909362793
Nigeria,NGA,2009,"Primary completion rate, total (% of relevant age group)",SE.PRM.CMPT.ZS,69.8921203613281
Nigeria,NGA,2008,"Primary completion rate, total (% of relevant age group)",SE.PRM.CMPT.ZS,65.8178863525391
Nigeria,NGA,2007,"Primary completion rate, total (% of relevant age group)",SE.PRM.CMPT.ZS,76.2680130004883
Nigeria,NGA,2006,"Primary completion rate, total (% of relevant age group)",SE.PRM.CMPT.ZS,86.4585571289062
Nigeria,NGA,2005,"Primary completion rate, total (% of relevant age group)",SE.PRM.CMPT.ZS,79.1777801513672
Nigeria,NGA,2004,"Primary completion rate, total (% of relevant age group)",SE.PRM.CMPT.ZS,76.5602493286133
Nigeria,NGA,2000,"Primary completion rate, total (% of relevant age group)",SE.PRM.CMPT.ZS,80.5902862548828
Nigeria,NGA,2024,"Educational attainment, at least completed primary, population 25+ years, female (%) (cumulative)",SE.PRM.CUAT.FE.ZS,61.9571189880371
Nigeria,NGA,2021,"Educational attainment, at least completed primary, population 25+ years, female (%) (cumulative)",SE.PRM.CUAT.FE.ZS,57.8193588256836
Nigeria,NGA,2019,"Educational attainment, at least completed primary, population 25+ years, female (%) (cumulative)",SE.PRM.CUAT.FE.ZS,55.0242500305176
Nigeria,NGA,2018,"Educational attainment, at least completed primary, population 25+ years, female (%) (cumulative)",SE.PRM.CUAT.FE.ZS,54.0191612243652
Nigeria,NGA,2016,"Educational attainment, at least completed primary, population 25+ years, female (%) (cumulative)",SE.PRM.CUAT.FE.ZS,52.8871612548828
Nigeria,NGA,2006,"Educational attainment, at least completed primary, population 25+ years, female (%) (cumulative)",SE.PRM.CUAT.FE.ZS,52.8308181762695
Nigeria,NGA,2024,"Educational attainment, at least completed primary, population 25+ years, male (%) (cumulative)",SE.PRM.CUAT.MA.ZS,81.2482070922852
Nigeria,NGA,2021,"Educational attainment, at least completed primary, population 25+ years, male (%) (cumulative)",SE.PRM.CUAT.MA.ZS,73.5159912109375
Nigeria,NGA,2019,"Educational attainment, at least completed primary, population 25+ years, male (%) (cumulative)",SE.PRM.CUAT.MA.ZS,76.7611083984375
Nigeria,NGA,2018,"Educational attainment, at least completed primary, population 25+ years, male (%) (cumulative)",SE.PRM.CUAT.MA.ZS,69.5215911865234
Nigeria,NGA,2016,"Educational attainment, at least completed primary, population 25+ years, male (%) (cumulative)",SE.PRM.CUAT.MA.ZS,74.6749877929688
Nigeria,NGA,2006,"Educational attainment, at least completed primary, population 25+ years, male (%) (cumulative)",SE.PRM.CUAT.MA.ZS,66.0410614013672
Nigeria,NGA,2024,"Educational attainment, at least completed primary, population 25+ years, total (%) (cumulative)",SE.PRM.CUAT.ZS,70.9651412963867
Nigeria,NGA,2021,"Educational attainment, at least completed primary, population 25+ years, total (%) (cumulative)",SE.PRM.CUAT.ZS,65.3177337646484
Nigeria,NGA,2019,"Educational attainment, at least completed primary, population 25+ years, total (%) (cumulative)",SE.PRM.CUAT.ZS,65.0578384399414
Nigeria,NGA,2018,"Educational attainment, at least completed primary, population 25+ years, total (%) (cumulative)",SE.PRM.CUAT.ZS,61.5919418334961
Nigeria,NGA,2016,"Educational attainment, at least completed primary, population 25+ years, total (%) (cumulative)",SE.PRM.CUAT.ZS,63.2583618164062
Nigeria,NGA,2006,"Educational attainment, at least completed primary, population 25+ years, total (%) (cumulative)",SE.PRM.CUAT.ZS,59.5307502746582
Nigeria,NGA,2025,"Primary education, duration (years)",SE.PRM.DURS,6
Nigeria,NGA,2024,"Primary education, duration (years)",SE.PRM.DURS,6
Nigeria,NGA,2023,"Primary education, duration (years)",SE.PRM.DURS,6
Nigeria,NGA,2022,"Primary education, duration (years)",SE.PRM.DURS,6
Nigeria,NGA,2021,"Primary education, duration (years)",SE.PRM.DURS,6
Nigeria,NGA,2020,"Primary education, duration (years)",SE.PRM.DURS,6
Nigeria,NGA,2019,"Primary education, duration (years)",SE.PRM.DURS,6
Nigeria,NGA,2018,"Primary education, duration (years)",SE.PRM.DURS,6
Nigeria,NGA,2017,"Primary education, duration (years)",SE.PRM.DURS,6
Nigeria,NGA,2016,"Primary education, duration (years)",SE.PRM.DURS,6
Nigeria,NGA,2015,"Primary education, duration (years)",SE.PRM.DURS,6
Nigeria,NGA,2014,"Primary education, duration (years)",SE.PRM.DURS,6
Nigeria,NGA,2013,"Primary education, duration (years)",SE.PRM.DURS,6
Nigeria,NGA,2012,"Primary education, duration (years)",SE.PRM.DURS,6
Nigeria,NGA,2011,"Primary education, duration (years)",SE.PRM.DURS,6
Nigeria,NGA,2010,"Primary education, duration (years)",SE.PRM.DURS,6
Nigeria,NGA,2009,"Primary education, duration (years)",SE.PRM.DURS,6
Nigeria,NGA,2008,"Primary education, duration (years)",SE.PRM.DURS,6
Nigeria,NGA,2007,"Primary education, duration (years)",SE.PRM.DURS,6
Nigeria,NGA,2006,"Primary education, duration (years)",SE.PRM.DURS,6
Nigeria,NGA,2005,"Primary education, duration (years)",SE.PRM.DURS,6
Nigeria,NGA,2004,"Primary education, duration (years)",SE.PRM.DURS,6
Nigeria,NGA,2003,"Primary education, duration (years)",SE.PRM.DURS,6
Nigeria,NGA,2002,"Primary education, duration (years)",SE.PRM.DURS,6
Nigeria,NGA,2001,"Primary education, duration (years)",SE.PRM.DURS,6
Nigeria,NGA,2000,"Primary education, duration (years)",SE.PRM.DURS,6
Nigeria,NGA,1999,"Primary education, duration (years)",SE.PRM.DURS,6
Nigeria,NGA,1998,"Primary education, duration (years)",SE.PRM.DURS,6
Nigeria,NGA,1997,"Primary education, duration (years)",SE.PRM.DURS,6
Nigeria,NGA,1996,"Primary education, duration (years)",SE.PRM.DURS,6
Nigeria,NGA,1995,"Primary education, duration (years)",SE.PRM.DURS,6
Nigeria,NGA,1994,"Primary education, duration (years)",SE.PRM.DURS,6
Nigeria,NGA,1993,"Primary education, duration (years)",SE.PRM.DURS,6
Nigeria,NGA,1992,"Primary education, duration (years)",SE.PRM.DURS,6
Nigeria,NGA,1991,"Primary education, duration (years)",SE.PRM.DURS,6
Nigeria,NGA,1990,"Primary education, duration (years)",SE.PRM.DURS,6
Nigeria,NGA,1989,"Primary education, duration (years)",SE.PRM.DURS,6
Nigeria,NGA,1988,"Primary education, duration (years)",SE.PRM.DURS,6
Nigeria,NGA,1987,"Primary education, duration (years)",SE.PRM.DURS,6
Nigeria,NGA,1986,"Primary education, duration (years)",SE.PRM.DURS,6
Nigeria,NGA,1985,"Primary education, duration (years)",SE.PRM.DURS,6
Nigeria,NGA,1984,"Primary education, duration (years)",SE.PRM.DURS,6
Nigeria,NGA,1983,"Primary education, duration (years)",SE.PRM.DURS,6
Nigeria,NGA,1982,"Primary education, duration (years)",SE.PRM.DURS,6
Nigeria,NGA,1981,"Primary education, duration (years)",SE.PRM.DURS,6
Nigeria,NGA,1980,"Primary education, duration (years)",SE.PRM.DURS,6
Nigeria,NGA,1979,"Primary education, duration (years)",SE.PRM.DURS,6
Nigeria,NGA,1978,"Primary education, duration (years)",SE.PRM.DURS,6
Nigeria,NGA,1977,"Primary education, duration (years)",SE.PRM.DURS,6
Nigeria,NGA,1976,"Primary education, duration (years)",SE.PRM.DURS,6
Nigeria,NGA,1975,"Primary education, duration (years)",SE.PRM.DURS,6
Nigeria,NGA,1974,"Primary education, duration (years)",SE.PRM.DURS,6
Nigeria,NGA,1973,"Primary education, duration (years)",SE.PRM.DURS,6
Nigeria,NGA,1972,"Primary education, duration (years)",SE.PRM.DURS,6
Nigeria,NGA,1971,"Primary education, duration (years)",SE.PRM.DURS,6
Nigeria,NGA,1970,"Primary education, duration (years)",SE.PRM.DURS,6
Nigeria,NGA,2023,"Primary education, pupils",SE.PRM.ENRL,33415352
Nigeria,NGA,2021,"Primary education, pupils",SE.PRM.ENRL,30455582
Nigeria,NGA,2020,"Primary education, pupils",SE.PRM.ENRL,30100084
Nigeria,NGA,2018,"Primary education, pupils",SE.PRM.ENRL,27889388
Nigeria,NGA,2016,"Primary education, pupils",SE.PRM.ENRL,25591180
Nigeria,NGA,2015,"Primary education, pupils",SE.PRM.ENRL,8070442
Nigeria,NGA,2014,"Primary education, pupils",SE.PRM.ENRL,25801196
Nigeria,NGA,2013,"Primary education, pupils",SE.PRM.ENRL,26167544
Nigeria,NGA,2012,"Primary education, pupils",SE.PRM.ENRL,24822374
Nigeria,NGA,2011,"Primary education, pupils",SE.PRM.ENRL,23668904
Nigeria,NGA,2010,"Primary education, pupils",SE.PRM.ENRL,20663804
Nigeria,NGA,2009,"Primary education, pupils",SE.PRM.ENRL,20957642
Nigeria,NGA,2008,"Primary education, pupils",SE.PRM.ENRL,20008142
Nigeria,NGA,2007,"Primary education, pupils",SE.PRM.ENRL,21513996
Nigeria,NGA,2006,"Primary education, pupils",SE.PRM.ENRL,22861884
Nigeria,NGA,2005,"Primary education, pupils",SE.PRM.ENRL,22115432
Nigeria,NGA,2004,"Primary education, pupils",SE.PRM.ENRL,21395510
Nigeria,NGA,2003,"Primary education, pupils",SE.PRM.ENRL,20600796
Nigeria,NGA,2002,"Primary education, pupils",SE.PRM.ENRL,19806082
Nigeria,NGA,2001,"Primary education, pupils",SE.PRM.ENRL,19041224
Nigeria,NGA,2000,"Primary education, pupils",SE.PRM.ENRL,19151442
Nigeria,NGA,1999,"Primary education, pupils",SE.PRM.ENRL,17907008
Nigeria,NGA,1996,"Primary education, pupils",SE.PRM.ENRL,14078473
Nigeria,NGA,1995,"Primary education, pupils",SE.PRM.ENRL,15741078
Nigeria,NGA,1994,"Primary education, pupils",SE.PRM.ENRL,16190947
Nigeria,NGA,1993,"Primary education, pupils",SE.PRM.ENRL,15870280
Nigeria,NGA,1992,"Primary education, pupils",SE.PRM.ENRL,14805937
Nigeria,NGA,1991,"Primary education, pupils",SE.PRM.ENRL,13776854
Nigeria,NGA,1990,"Primary education, pupils",SE.PRM.ENRL,13607249
Nigeria,NGA,1989,"Primary education, pupils",SE.PRM.ENRL,12721087
Nigeria,NGA,1988,"Primary education, pupils",SE.PRM.ENRL,12690798
Nigeria,NGA,1987,"Primary education, pupils",SE.PRM.ENRL,12914870
Nigeria,NGA,1986,"Primary education, pupils",SE.PRM.ENRL,13025287
Nigeria,NGA,1985,"Primary education, pupils",SE.PRM.ENRL,14383487
Nigeria,NGA,1984,"Primary education, pupils",SE.PRM.ENRL,14654798
Nigeria,NGA,1983,"Primary education, pupils",SE.PRM.ENRL,14311608
Nigeria,NGA,1982,"Primary education, pupils",SE.PRM.ENRL,13760030
Nigeria,NGA,1981,"Primary education, pupils",SE.PRM.ENRL,12117483
Nigeria,NGA,1980,"Primary education, pupils",SE.PRM.ENRL,10798550
Nigeria,NGA,1979,"Primary education, pupils",SE.PRM.ENRL,9867961
Nigeria,NGA,1978,"Primary education, pupils",SE.PRM.ENRL,8100324
Nigeria,NGA,1977,"Primary education, pupils",SE.PRM.ENRL,6165547
Nigeria,NGA,1976,"Primary education, pupils",SE.PRM.ENRL,4889857
Nigeria,NGA,1973,"Primary education, pupils",SE.PRM.ENRL,4662400
Nigeria,NGA,1972,"Primary education, pupils",SE.PRM.ENRL,4391197
Nigeria,NGA,1971,"Primary education, pupils",SE.PRM.ENRL,3894539
Nigeria,NGA,1970,"Primary education, pupils",SE.PRM.ENRL,3515827
Nigeria,NGA,2016,"Primary education, pupils (% female)",SE.PRM.ENRL.FE.ZS,47.49777
Nigeria,NGA,2014,"Primary education, pupils (% female)",SE.PRM.ENRL.FE.ZS,48.62336
Nigeria,NGA,2013,"Primary education, pupils (% female)",SE.PRM.ENRL.FE.ZS,48.36981
Nigeria,NGA,2012,"Primary education, pupils (% female)",SE.PRM.ENRL.FE.ZS,48.36981
Nigeria,NGA,2011,"Primary education, pupils (% female)",SE.PRM.ENRL.FE.ZS,47.30454
Nigeria,NGA,2010,"Primary education, pupils (% female)",SE.PRM.ENRL.FE.ZS,46.66385
Nigeria,NGA,2009,"Primary education, pupils (% female)",SE.PRM.ENRL.FE.ZS,46.34568
Nigeria,NGA,2008,"Primary education, pupils (% female)",SE.PRM.ENRL.FE.ZS,46.13584
Nigeria,NGA,2007,"Primary education, pupils (% female)",SE.PRM.ENRL.FE.ZS,45.98803
Nigeria,NGA,2006,"Primary education, pupils (% female)",SE.PRM.ENRL.FE.ZS,45.35844
Nigeria,NGA,2005,"Primary education, pupils (% female)",SE.PRM.ENRL.FE.ZS,44.88431
Nigeria,NGA,2004,"Primary education, pupils (% female)",SE.PRM.ENRL.FE.ZS,44.73376
Nigeria,NGA,2003,"Primary education, pupils (% female)",SE.PRM.ENRL.FE.ZS,44.56645
Nigeria,NGA,2002,"Primary education, pupils (% female)",SE.PRM.ENRL.FE.ZS,44.38571
Nigeria,NGA,2001,"Primary education, pupils (% female)",SE.PRM.ENRL.FE.ZS,44.41843
Nigeria,NGA,2000,"Primary education, pupils (% female)",SE.PRM.ENRL.FE.ZS,43.93096
Nigeria,NGA,1999,"Primary education, pupils (% female)",SE.PRM.ENRL.FE.ZS,43.82962
Nigeria,NGA,1996,"Primary education, pupils (% female)",SE.PRM.ENRL.FE.ZS,45.29037
Nigeria,NGA,1995,"Primary education, pupils (% female)",SE.PRM.ENRL.FE.ZS,44.54369
Nigeria,NGA,1994,"Primary education, pupils (% female)",SE.PRM.ENRL.FE.ZS,44.06524
Nigeria,NGA,1993,"Primary education, pupils (% female)",SE.PRM.ENRL.FE.ZS,43.72752
Nigeria,NGA,1992,"Primary education, pupils (% female)",SE.PRM.ENRL.FE.ZS,44.1182
Nigeria,NGA,1991,"Primary education, pupils (% female)",SE.PRM.ENRL.FE.ZS,43.80504
Nigeria,NGA,1990,"Primary education, pupils (% female)",SE.PRM.ENRL.FE.ZS,43.19442
Nigeria,NGA,1989,"Primary education, pupils (% female)",SE.PRM.ENRL.FE.ZS,44.99404
Nigeria,NGA,1988,"Primary education, pupils (% female)",SE.PRM.ENRL.FE.ZS,42.41325
Nigeria,NGA,1987,"Primary education, pupils (% female)",SE.PRM.ENRL.FE.ZS,44.38541
Nigeria,NGA,1986,"Primary education, pupils (% female)",SE.PRM.ENRL.FE.ZS,44.28917
Nigeria,NGA,1985,"Primary education, pupils (% female)",SE.PRM.ENRL.FE.ZS,44.02033
Nigeria,NGA,1984,"Primary education, pupils (% female)",SE.PRM.ENRL.FE.ZS,43.03524
Nigeria,NGA,1983,"Primary education, pupils (% female)",SE.PRM.ENRL.FE.ZS,42.97777
Nigeria,NGA,1982,"Primary education, pupils (% female)",SE.PRM.ENRL.FE.ZS,43.38831
Nigeria,NGA,1981,"Primary education, pupils (% female)",SE.PRM.ENRL.FE.ZS,43.70019
Nigeria,NGA,1980,"Primary education, pupils (% female)",SE.PRM.ENRL.FE.ZS,43.49364
Nigeria,NGA,1979,"Primary education, pupils (% female)",SE.PRM.ENRL.FE.ZS,43.14787
Nigeria,NGA,1978,"Primary education, pupils (% female)",SE.PRM.ENRL.FE.ZS,43.35364
Nigeria,NGA,1977,"Primary education, pupils (% female)",SE.PRM.ENRL.FE.ZS,42.57629
Nigeria,NGA,1976,"Primary education, pupils (% female)",SE.PRM.ENRL.FE.ZS,40.16555
Nigeria,NGA,1973,"Primary education, pupils (% female)",SE.PRM.ENRL.FE.ZS,39.9701
Nigeria,NGA,1972,"Primary education, pupils (% female)",SE.PRM.ENRL.FE.ZS,39.08572
Nigeria,NGA,1971,"Primary education, pupils (% female)",SE.PRM.ENRL.FE.ZS,38.3998
Nigeria,NGA,1970,"Primary education, pupils (% female)",SE.PRM.ENRL.FE.ZS,36.96422
Nigeria,NGA,2010,"Pupil-teacher ratio, primary",SE.PRM.ENRL.TC.ZS,37.55319
Nigeria,NGA,2007,"Pupil-teacher ratio, primary",SE.PRM.ENRL.TC.ZS,46.08983
Nigeria,NGA,2006,"Pupil-teacher ratio, primary",SE.PRM.ENRL.TC.ZS,40.4173
Nigeria,NGA,2005,"Pupil-teacher ratio, primary",SE.PRM.ENRL.TC.ZS,36.90999
Nigeria,NGA,2004,"Pupil-teacher ratio, primary",SE.PRM.ENRL.TC.ZS,35.80647
Nigeria,NGA,2003,"Pupil-teacher ratio, primary",SE.PRM.ENRL.TC.ZS,34.87788
Nigeria,NGA,2002,"Pupil-teacher ratio, primary",SE.PRM.ENRL.TC.ZS,40.27665
Nigeria,NGA,2001,"Pupil-teacher ratio, primary",SE.PRM.ENRL.TC.ZS,39.00579
Nigeria,NGA,2000,"Pupil-teacher ratio, primary",SE.PRM.ENRL.TC.ZS,42.9015
Nigeria,NGA,1999,"Pupil-teacher ratio, primary",SE.PRM.ENRL.TC.ZS,41.4422
Nigeria,NGA,1996,"Pupil-teacher ratio, primary",SE.PRM.ENRL.TC.ZS,33.78198
Nigeria,NGA,1995,"Pupil-teacher ratio, primary",SE.PRM.ENRL.TC.ZS,37.20776
Nigeria,NGA,1994,"Pupil-teacher ratio, primary",SE.PRM.ENRL.TC.ZS,37.20261
Nigeria,NGA,1993,"Pupil-teacher ratio, primary",SE.PRM.ENRL.TC.ZS,37.07169
Nigeria,NGA,1992,"Pupil-teacher ratio, primary",SE.PRM.ENRL.TC.ZS,38.53585
Nigeria,NGA,1991,"Pupil-teacher ratio, primary",SE.PRM.ENRL.TC.ZS,38.96169
Nigeria,NGA,1990,"Pupil-teacher ratio, primary",SE.PRM.ENRL.TC.ZS,40.99619
Nigeria,NGA,1989,"Pupil-teacher ratio, primary",SE.PRM.ENRL.TC.ZS,36.95616
Nigeria,NGA,1988,"Pupil-teacher ratio, primary",SE.PRM.ENRL.TC.ZS,41.17956
Nigeria,NGA,1987,"Pupil-teacher ratio, primary",SE.PRM.ENRL.TC.ZS,44.105
Nigeria,NGA,1986,"Pupil-teacher ratio, primary",SE.PRM.ENRL.TC.ZS,42.28001
Nigeria,NGA,1985,"Pupil-teacher ratio, primary",SE.PRM.ENRL.TC.ZS,39.98734
Nigeria,NGA,1984,"Pupil-teacher ratio, primary",SE.PRM.ENRL.TC.ZS,38.16463
Nigeria,NGA,1983,"Pupil-teacher ratio, primary",SE.PRM.ENRL.TC.ZS,36.99753
Nigeria,NGA,1982,"Pupil-teacher ratio, primary",SE.PRM.ENRL.TC.ZS,37.22589
Nigeria,NGA,1981,"Pupil-teacher ratio, primary",SE.PRM.ENRL.TC.ZS,35.27128
Nigeria,NGA,1980,"Pupil-teacher ratio, primary",SE.PRM.ENRL.TC.ZS,35.82476
Nigeria,NGA,1979,"Pupil-teacher ratio, primary",SE.PRM.ENRL.TC.ZS,33.85735
Nigeria,NGA,1978,"Pupil-teacher ratio, primary",SE.PRM.ENRL.TC.ZS,32.22573
Nigeria,NGA,1977,"Pupil-teacher ratio, primary",SE.PRM.ENRL.TC.ZS,34.79016
Nigeria,NGA,1976,"Pupil-teacher ratio, primary",SE.PRM.ENRL.TC.ZS,33.87477
Nigeria,NGA,1973,"Pupil-teacher ratio, primary",SE.PRM.ENRL.TC.ZS,34.2466
Nigeria,NGA,1972,"Pupil-teacher ratio, primary",SE.PRM.ENRL.TC.ZS,33.66605
Nigeria,NGA,1971,"Pupil-teacher ratio, primary",SE.PRM.ENRL.TC.ZS,33.38939
Nigeria,NGA,1970,"Pupil-teacher ratio, primary",SE.PRM.ENRL.TC.ZS,34.08394
Nigeria,NGA,2023,"School enrollment, primary (% gross)",SE.PRM.ENRR,89.5871124267578
Nigeria,NGA,2021,"School enrollment, primary (% gross)",SE.PRM.ENRR,83.8092555956779
Nigeria,NGA,2020,"School enrollment, primary (% gross)",SE.PRM.ENRR,84.371583976485
Nigeria,NGA,2018,"School enrollment, primary (% gross)",SE.PRM.ENRR,81.6278513667331
Nigeria,NGA,2016,"School enrollment, primary (% gross)",SE.PRM.ENRR,78.8780517578125
Nigeria,NGA,2015,"School enrollment, primary (% gross)",SE.PRM.ENRR,25.5657563073792
Nigeria,NGA,2014,"School enrollment, primary (% gross)",SE.PRM.ENRR,84.1216580144923
Nigeria,NGA,2013,"School enrollment, primary (% gross)",SE.PRM.ENRR,87.8349702257826
Nigeria,NGA,2012,"School enrollment, primary (% gross)",SE.PRM.ENRR,85.9125900268555
Nigeria,NGA,2011,"School enrollment, primary (% gross)",SE.PRM.ENRR,84.6805572509766
Nigeria,NGA,2010,"School enrollment, primary (% gross)",SE.PRM.ENRR,79.8300399780273
Nigeria,NGA,2009,"School enrollment, primary (% gross)",SE.PRM.ENRR,80.3091735839844
Nigeria,NGA,2008,"School enrollment, primary (% gross)",SE.PRM.ENRR,79.2687530517578
Nigeria,NGA,2007,"School enrollment, primary (% gross)",SE.PRM.ENRR,88.06884765625
Nigeria,NGA,2006,"School enrollment, primary (% gross)",SE.PRM.ENRR,96.6624374389648
Nigeria,NGA,2005,"School enrollment, primary (% gross)",SE.PRM.ENRR,96.3063507080078
Nigeria,NGA,2004,"School enrollment, primary (% gross)",SE.PRM.ENRR,95.7809066772461
Nigeria,NGA,2003,"School enrollment, primary (% gross)",SE.PRM.ENRR,94.8095932006836
Nigeria,NGA,2002,"School enrollment, primary (% gross)",SE.PRM.ENRR,93.6976165771484
Nigeria,NGA,2001,"School enrollment, primary (% gross)",SE.PRM.ENRR,92.52490234375
Nigeria,NGA,2000,"School enrollment, primary (% gross)",SE.PRM.ENRR,95.5101623535156
Nigeria,NGA,1999,"School enrollment, primary (% gross)",SE.PRM.ENRR,91.5830917358398
Nigeria,NGA,1996,"School enrollment, primary (% gross)",SE.PRM.ENRR,76.7972106933594
Nigeria,NGA,1995,"School enrollment, primary (% gross)",SE.PRM.ENRR,87.4475326538086
Nigeria,NGA,1994,"School enrollment, primary (% gross)",SE.PRM.ENRR,91.5379028320312
Nigeria,NGA,1993,"School enrollment, primary (% gross)",SE.PRM.ENRR,91.2958602905273
Nigeria,NGA,1992,"School enrollment, primary (% gross)",SE.PRM.ENRR,86.7443771362305
Nigeria,NGA,1991,"School enrollment, primary (% gross)",SE.PRM.ENRR,82.3225021362305
Nigeria,NGA,1990,"School enrollment, primary (% gross)",SE.PRM.ENRR,83.1028594970703
Nigeria,NGA,1989,"School enrollment, primary (% gross)",SE.PRM.ENRR,79.7616500854492
Nigeria,NGA,1988,"School enrollment, primary (% gross)",SE.PRM.ENRR,81.8443832397461
Nigeria,NGA,1987,"School enrollment, primary (% gross)",SE.PRM.ENRR,85.8567276000977
Nigeria,NGA,1986,"School enrollment, primary (% gross)",SE.PRM.ENRR,89.5783233642578
Nigeria,NGA,1985,"School enrollment, primary (% gross)",SE.PRM.ENRR,102.758140563965
Nigeria,NGA,1984,"School enrollment, primary (% gross)",SE.PRM.ENRR,109.090461730957
Nigeria,NGA,1983,"School enrollment, primary (% gross)",SE.PRM.ENRR,110.334121704102
Nigeria,NGA,1982,"School enrollment, primary (% gross)",SE.PRM.ENRR,110.623641967773
Nigeria,NGA,1981,"School enrollment, primary (% gross)",SE.PRM.ENRR,101.564262390137
Nigeria,NGA,1980,"School enrollment, primary (% gross)",SE.PRM.ENRR,94.1832122802734
Nigeria,NGA,1979,"School enrollment, primary (% gross)",SE.PRM.ENRR,89.3397216796875
Nigeria,NGA,1978,"School enrollment, primary (% gross)",SE.PRM.ENRR,76.0019989013672
Nigeria,NGA,1977,"School enrollment, primary (% gross)",SE.PRM.ENRR,59.8788604736328
Nigeria,NGA,1976,"School enrollment, primary (% gross)",SE.PRM.ENRR,49.0345001220703
Nigeria,NGA,1973,"School enrollment, primary (% gross)",SE.PRM.ENRR,51.1400108337402
Nigeria,NGA,1972,"School enrollment, primary (% gross)",SE.PRM.ENRR,49.5509986877441
Nigeria,NGA,1971,"School enrollment, primary (% gross)",SE.PRM.ENRR,45.1762619018555
Nigeria,NGA,1970,"School enrollment, primary (% gross)",SE.PRM.ENRR,41.9057998657227
Nigeria,NGA,2023,"School enrollment, primary, female (% gross)",SE.PRM.ENRR.FE,88.2041625976562
Nigeria,NGA,2021,"School enrollment, primary, female (% gross)",SE.PRM.ENRR.FE,83.4146900941214
Nigeria,NGA,2020,"School enrollment, primary, female (% gross)",SE.PRM.ENRR.FE,83.8670565425955
Nigeria,NGA,2018,"School enrollment, primary, female (% gross)",SE.PRM.ENRR.FE,80.2270024092352
Nigeria,NGA,2016,"School enrollment, primary, female (% gross)",SE.PRM.ENRR.FE,76.0966491699219
Nigeria,NGA,2015,"School enrollment, primary, female (% gross)",SE.PRM.ENRR.FE,25.8453703336164
Nigeria,NGA,2014,"School enrollment, primary, female (% gross)",SE.PRM.ENRR.FE,83.0600210129391
Nigeria,NGA,2013,"School enrollment, primary, female (% gross)",SE.PRM.ENRR.FE,86.2714638520387
Nigeria,NGA,2012,"School enrollment, primary, female (% gross)",SE.PRM.ENRR.FE,84.3753509521484
Nigeria,NGA,2011,"School enrollment, primary, female (% gross)",SE.PRM.ENRR.FE,81.332878112793
Nigeria,NGA,2010,"School enrollment, primary, female (% gross)",SE.PRM.ENRR.FE,75.6401519775391
Nigeria,NGA,2009,"School enrollment, primary, female (% gross)",SE.PRM.ENRR.FE,75.5811462402344
Nigeria,NGA,2008,"School enrollment, primary, female (% gross)",SE.PRM.ENRR.FE,74.2717666625977
Nigeria,NGA,2007,"School enrollment, primary, female (% gross)",SE.PRM.ENRR.FE,82.2657089233398
Nigeria,NGA,2006,"School enrollment, primary, female (% gross)",SE.PRM.ENRR.FE,89.0731582641602
Nigeria,NGA,2005,"School enrollment, primary, female (% gross)",SE.PRM.ENRR.FE,87.8270416259766
Nigeria,NGA,2004,"School enrollment, primary, female (% gross)",SE.PRM.ENRR.FE,87.0369491577148
Nigeria,NGA,2003,"School enrollment, primary, female (% gross)",SE.PRM.ENRR.FE,85.8008270263672
Nigeria,NGA,2002,"School enrollment, primary, female (% gross)",SE.PRM.ENRR.FE,84.4145126342773
Nigeria,NGA,2001,"School enrollment, primary, female (% gross)",SE.PRM.ENRR.FE,83.3741073608398
Nigeria,NGA,2000,"School enrollment, primary, female (% gross)",SE.PRM.ENRR.FE,85.0585174560547
Nigeria,NGA,1999,"School enrollment, primary, female (% gross)",SE.PRM.ENRR.FE,81.3020782470703
Nigeria,NGA,1996,"School enrollment, primary, female (% gross)",SE.PRM.ENRR.FE,70.3217010498047
Nigeria,NGA,1995,"School enrollment, primary, female (% gross)",SE.PRM.ENRR.FE,78.7293319702148
Nigeria,NGA,1994,"School enrollment, primary, female (% gross)",SE.PRM.ENRR.FE,81.5114898681641
Nigeria,NGA,1993,"School enrollment, primary, female (% gross)",SE.PRM.ENRR.FE,80.6608276367188
Nigeria,NGA,1992,"School enrollment, primary, female (% gross)",SE.PRM.ENRR.FE,77.3023300170898
Nigeria,NGA,1991,"School enrollment, primary, female (% gross)",SE.PRM.ENRR.FE,72.8122406005859
Nigeria,NGA,1990,"School enrollment, primary, female (% gross)",SE.PRM.ENRR.FE,72.4448699951172
Nigeria,NGA,1989,"School enrollment, primary, female (% gross)",SE.PRM.ENRR.FE,72.3963928222656
Nigeria,NGA,1988,"School enrollment, primary, female (% gross)",SE.PRM.ENRR.FE,69.9957427978516
Nigeria,NGA,1987,"School enrollment, primary, female (% gross)",SE.PRM.ENRR.FE,76.7914581298828
Nigeria,NGA,1986,"School enrollment, primary, female (% gross)",SE.PRM.ENRR.FE,79.8825531005859
Nigeria,NGA,1985,"School enrollment, primary, female (% gross)",SE.PRM.ENRR.FE,90.9976196289062
Nigeria,NGA,1984,"School enrollment, primary, female (% gross)",SE.PRM.ENRR.FE,94.3498764038086
Nigeria,NGA,1983,"School enrollment, primary, female (% gross)",SE.PRM.ENRR.FE,95.197639465332
Nigeria,NGA,1982,"School enrollment, primary, female (% gross)",SE.PRM.ENRR.FE,96.2601776123047
Nigeria,NGA,1981,"School enrollment, primary, female (% gross)",SE.PRM.ENRR.FE,88.9328689575195
Nigeria,NGA,1980,"School enrollment, primary, female (% gross)",SE.PRM.ENRR.FE,82.0209121704102
Nigeria,NGA,1979,"School enrollment, primary, female (% gross)",SE.PRM.ENRR.FE,77.1327896118164
Nigeria,NGA,1978,"School enrollment, primary, female (% gross)",SE.PRM.ENRR.FE,65.8736419677734
Nigeria,NGA,1977,"School enrollment, primary, female (% gross)",SE.PRM.ENRR.FE,50.905330657959
Nigeria,NGA,1976,"School enrollment, primary, female (% gross)",SE.PRM.ENRR.FE,39.2595100402832
Nigeria,NGA,1973,"School enrollment, primary, female (% gross)",SE.PRM.ENRR.FE,40.524829864502
Nigeria,NGA,1972,"School enrollment, primary, female (% gross)",SE.PRM.ENRR.FE,38.3342018127441
Nigeria,NGA,1971,"School enrollment, primary, female (% gross)",SE.PRM.ENRR.FE,34.2891807556152
Nigeria,NGA,1970,"School enrollment, primary, female (% gross)",SE.PRM.ENRR.FE,30.5841407775879
Nigeria,NGA,2023,"School enrollment, primary, male (% gross)",SE.PRM.ENRR.MA,90.9297409057617
Nigeria,NGA,2021,"School enrollment, primary, male (% gross)",SE.PRM.ENRR.MA,84.1922825702379
Nigeria,NGA,2020,"School enrollment, primary, male (% gross)",SE.PRM.ENRR.MA,84.8612254141144
Nigeria,NGA,2018,"School enrollment, primary, male (% gross)",SE.PRM.ENRR.MA,82.9864832656023
Nigeria,NGA,2016,"School enrollment, primary, male (% gross)",SE.PRM.ENRR.MA,81.5754928588867
Nigeria,NGA,2015,"School enrollment, primary, male (% gross)",SE.PRM.ENRR.MA,25.2945143785275
Nigeria,NGA,2014,"School enrollment, primary, male (% gross)",SE.PRM.ENRR.MA,85.1517103747409
Nigeria,NGA,2013,"School enrollment, primary, male (% gross)",SE.PRM.ENRR.MA,89.3520538727843
Nigeria,NGA,2012,"School enrollment, primary, male (% gross)",SE.PRM.ENRR.MA,87.4044570922852
Nigeria,NGA,2011,"School enrollment, primary, male (% gross)",SE.PRM.ENRR.MA,87.9294967651367
Nigeria,NGA,2010,"School enrollment, primary, male (% gross)",SE.PRM.ENRR.MA,83.8958892822266
Nigeria,NGA,2009,"School enrollment, primary, male (% gross)",SE.PRM.ENRR.MA,84.8964996337891
Nigeria,NGA,2008,"School enrollment, primary, male (% gross)",SE.PRM.ENRR.MA,84.1160583496094
Nigeria,NGA,2007,"School enrollment, primary, male (% gross)",SE.PRM.ENRR.MA,93.6964263916016
Nigeria,NGA,2006,"School enrollment, primary, male (% gross)",SE.PRM.ENRR.MA,104.019477844238
Nigeria,NGA,2005,"School enrollment, primary, male (% gross)",SE.PRM.ENRR.MA,104.524421691895
Nigeria,NGA,2004,"School enrollment, primary, male (% gross)",SE.PRM.ENRR.MA,104.258911132812
Nigeria,NGA,2003,"School enrollment, primary, male (% gross)",SE.PRM.ENRR.MA,103.55061340332
Nigeria,NGA,2002,"School enrollment, primary, male (% gross)",SE.PRM.ENRR.MA,102.712440490723
Nigeria,NGA,2001,"School enrollment, primary, male (% gross)",SE.PRM.ENRR.MA,101.420738220215
Nigeria,NGA,2000,"School enrollment, primary, male (% gross)",SE.PRM.ENRR.MA,105.684997558594
Nigeria,NGA,1999,"School enrollment, primary, male (% gross)",SE.PRM.ENRR.MA,101.609062194824
Nigeria,NGA,1996,"School enrollment, primary, male (% gross)",SE.PRM.ENRR.MA,83.1345520019531
Nigeria,NGA,1995,"School enrollment, primary, male (% gross)",SE.PRM.ENRR.MA,95.9850006103516
Nigeria,NGA,1994,"School enrollment, primary, male (% gross)",SE.PRM.ENRR.MA,101.360076904297
Nigeria,NGA,1993,"School enrollment, primary, male (% gross)",SE.PRM.ENRR.MA,101.717361450195
Nigeria,NGA,1992,"School enrollment, primary, male (% gross)",SE.PRM.ENRR.MA,96.0020523071289
Nigeria,NGA,1991,"School enrollment, primary, male (% gross)",SE.PRM.ENRR.MA,91.6543579101562
Nigeria,NGA,1990,"School enrollment, primary, male (% gross)",SE.PRM.ENRR.MA,93.5703506469727
Nigeria,NGA,1989,"School enrollment, primary, male (% gross)",SE.PRM.ENRR.MA,87.0017395019531
Nigeria,NGA,1988,"School enrollment, primary, male (% gross)",SE.PRM.ENRR.MA,93.5016021728516
Nigeria,NGA,1987,"School enrollment, primary, male (% gross)",SE.PRM.ENRR.MA,94.7870712280273
Nigeria,NGA,1986,"School enrollment, primary, male (% gross)",SE.PRM.ENRR.MA,99.1449508666992
Nigeria,NGA,1985,"School enrollment, primary, male (% gross)",SE.PRM.ENRR.MA,114.382789611816
Nigeria,NGA,1984,"School enrollment, primary, male (% gross)",SE.PRM.ENRR.MA,123.689498901367
Nigeria,NGA,1983,"School enrollment, primary, male (% gross)",SE.PRM.ENRR.MA,125.356758117676
Nigeria,NGA,1982,"School enrollment, primary, male (% gross)",SE.PRM.ENRR.MA,124.908317565918
Nigeria,NGA,1981,"School enrollment, primary, male (% gross)",SE.PRM.ENRR.MA,114.148780822754
Nigeria,NGA,1980,"School enrollment, primary, male (% gross)",SE.PRM.ENRR.MA,106.317817687988
Nigeria,NGA,1979,"School enrollment, primary, male (% gross)",SE.PRM.ENRR.MA,101.535133361816
Nigeria,NGA,1978,"School enrollment, primary, male (% gross)",SE.PRM.ENRR.MA,86.1382522583008
Nigeria,NGA,1977,"School enrollment, primary, male (% gross)",SE.PRM.ENRR.MA,68.881721496582
Nigeria,NGA,1976,"School enrollment, primary, male (% gross)",SE.PRM.ENRR.MA,58.8746604919434
Nigeria,NGA,1973,"School enrollment, primary, male (% gross)",SE.PRM.ENRR.MA,61.9436492919922
Nigeria,NGA,1972,"School enrollment, primary, male (% gross)",SE.PRM.ENRR.MA,61.0046806335449
Nigeria,NGA,1971,"School enrollment, primary, male (% gross)",SE.PRM.ENRR.MA,56.3242492675781
Nigeria,NGA,1970,"School enrollment, primary, male (% gross)",SE.PRM.ENRR.MA,53.524600982666
Nigeria,NGA,2010,"Gross intake ratio in first grade of primary education, female (% of relevant age group)",SE.PRM.GINT.FE.ZS,80.41238
Nigeria,NGA,2009,"Gross intake ratio in first grade of primary education, female (% of relevant age group)",SE.PRM.GINT.FE.ZS,88.18033
Nigeria,NGA,2008,"Gross intake ratio in first grade of primary education, female (% of relevant age group)",SE.PRM.GINT.FE.ZS,83.75061
Nigeria,NGA,2007,"Gross intake ratio in first grade of primary education, female (% of relevant age group)",SE.PRM.GINT.FE.ZS,96.4813
Nigeria,NGA,2006,"Gross intake ratio in first grade of primary education, female (% of relevant age group)",SE.PRM.GINT.FE.ZS,101.4915
Nigeria,NGA,2005,"Gross intake ratio in first grade of primary education, female (% of relevant age group)",SE.PRM.GINT.FE.ZS,103.20358
Nigeria,NGA,2004,"Gross intake ratio in first grade of primary education, female (% of relevant age group)",SE.PRM.GINT.FE.ZS,105.45035
Nigeria,NGA,2003,"Gross intake ratio in first grade of primary education, female (% of relevant age group)",SE.PRM.GINT.FE.ZS,107.10919
Nigeria,NGA,2001,"Gross intake ratio in first grade of primary education, female (% of relevant age group)",SE.PRM.GINT.FE.ZS,111.25711
Nigeria,NGA,2000,"Gross intake ratio in first grade of primary education, female (% of relevant age group)",SE.PRM.GINT.FE.ZS,104.11143
Nigeria,NGA,1999,"Gross intake ratio in first grade of primary education, female (% of relevant age group)",SE.PRM.GINT.FE.ZS,96.65364
Nigeria,NGA,2010,"Gross intake ratio in first grade of primary education, male (% of relevant age group)",SE.PRM.GINT.MA.ZS,90.67071
Nigeria,NGA,2009,"Gross intake ratio in first grade of primary education, male (% of relevant age group)",SE.PRM.GINT.MA.ZS,96.83154
Nigeria,NGA,2008,"Gross intake ratio in first grade of primary education, male (% of relevant age group)",SE.PRM.GINT.MA.ZS,94.19532
Nigeria,NGA,2007,"Gross intake ratio in first grade of primary education, male (% of relevant age group)",SE.PRM.GINT.MA.ZS,107.95529
Nigeria,NGA,2006,"Gross intake ratio in first grade of primary education, male (% of relevant age group)",SE.PRM.GINT.MA.ZS,117.29056
Nigeria,NGA,2005,"Gross intake ratio in first grade of primary education, male (% of relevant age group)",SE.PRM.GINT.MA.ZS,120.46397
Nigeria,NGA,2004,"Gross intake ratio in first grade of primary education, male (% of relevant age group)",SE.PRM.GINT.MA.ZS,123.81713
Nigeria,NGA,2003,"Gross intake ratio in first grade of primary education, male (% of relevant age group)",SE.PRM.GINT.MA.ZS,124.38565
Nigeria,NGA,2001,"Gross intake ratio in first grade of primary education, male (% of relevant age group)",SE.PRM.GINT.MA.ZS,137.44862
Nigeria,NGA,2000,"Gross intake ratio in first grade of primary education, male (% of relevant age group)",SE.PRM.GINT.MA.ZS,129.93766
Nigeria,NGA,1999,"Gross intake ratio in first grade of primary education, male (% of relevant age group)",SE.PRM.GINT.MA.ZS,120.90443
Nigeria,NGA,2010,"Gross intake ratio in first grade of primary education, total (% of relevant age group)",SE.PRM.GINT.ZS,85.64493
Nigeria,NGA,2009,"Gross intake ratio in first grade of primary education, total (% of relevant age group)",SE.PRM.GINT.ZS,92.59161
Nigeria,NGA,2008,"Gross intake ratio in first grade of primary education, total (% of relevant age group)",SE.PRM.GINT.ZS,89.07428
Nigeria,NGA,2007,"Gross intake ratio in first grade of primary education, total (% of relevant age group)",SE.PRM.GINT.ZS,102.32725
Nigeria,NGA,2006,"Gross intake ratio in first grade of primary education, total (% of relevant age group)",SE.PRM.GINT.ZS,109.53819
Nigeria,NGA,2005,"Gross intake ratio in first grade of primary education, total (% of relevant age group)",SE.PRM.GINT.ZS,111.99282
Nigeria,NGA,2004,"Gross intake ratio in first grade of primary education, total (% of relevant age group)",SE.PRM.GINT.ZS,114.80099
Nigeria,NGA,2003,"Gross intake ratio in first grade of primary education, total (% of relevant age group)",SE.PRM.GINT.ZS,115.90286
Nigeria,NGA,2001,"Gross intake ratio in first grade of primary education, total (% of relevant age group)",SE.PRM.GINT.ZS,124.58339
Nigeria,NGA,2000,"Gross intake ratio in first grade of primary education, total (% of relevant age group)",SE.PRM.GINT.ZS,117.251
Nigeria,NGA,1999,"Gross intake ratio in first grade of primary education, total (% of relevant age group)",SE.PRM.GINT.ZS,108.9903
Nigeria,NGA,2010,"School enrollment, primary (% net)",SE.PRM.NENR,64.13783
Nigeria,NGA,2009,"School enrollment, primary (% net)",SE.PRM.NENR,64.34126
Nigeria,NGA,2008,"School enrollment, primary (% net)",SE.PRM.NENR,63.39998
Nigeria,NGA,2007,"School enrollment, primary (% net)",SE.PRM.NENR,70.31079
Nigeria,NGA,2006,"School enrollment, primary (% net)",SE.PRM.NENR,67.3432
Nigeria,NGA,2005,"School enrollment, primary (% net)",SE.PRM.NENR,66.85314
Nigeria,NGA,2004,"School enrollment, primary (% net)",SE.PRM.NENR,66.39932
Nigeria,NGA,2000,"School enrollment, primary (% net)",SE.PRM.NENR,65.08852
Nigeria,NGA,1999,"School enrollment, primary (% net)",SE.PRM.NENR,62.07012
Nigeria,NGA,2010,"School enrollment, primary, female (% net)",SE.PRM.NENR.FE,58.10557
Nigeria,NGA,2009,"School enrollment, primary, female (% net)",SE.PRM.NENR.FE,57.87079
Nigeria,NGA,2008,"School enrollment, primary, female (% net)",SE.PRM.NENR.FE,56.74462
Nigeria,NGA,2007,"School enrollment, primary, female (% net)",SE.PRM.NENR.FE,62.70804
Nigeria,NGA,2006,"School enrollment, primary, female (% net)",SE.PRM.NENR.FE,63.2655
Nigeria,NGA,2005,"School enrollment, primary, female (% net)",SE.PRM.NENR.FE,62.13848
Nigeria,NGA,2004,"School enrollment, primary, female (% net)",SE.PRM.NENR.FE,61.49874
Nigeria,NGA,2000,"School enrollment, primary, female (% net)",SE.PRM.NENR.FE,59.17909
Nigeria,NGA,1999,"School enrollment, primary, female (% net)",SE.PRM.NENR.FE,56.30118
Nigeria,NGA,2010,"School enrollment, primary, male (% net)",SE.PRM.NENR.MA,69.94699
Nigeria,NGA,2009,"School enrollment, primary, male (% net)",SE.PRM.NENR.MA,70.57702
Nigeria,NGA,2008,"School enrollment, primary, male (% net)",SE.PRM.NENR.MA,69.81864
Nigeria,NGA,2007,"School enrollment, primary, male (% net)",SE.PRM.NENR.MA,77.64785
Nigeria,NGA,2006,"School enrollment, primary, male (% net)",SE.PRM.NENR.MA,71.28012
Nigeria,NGA,2005,"School enrollment, primary, male (% net)",SE.PRM.NENR.MA,71.40649
Nigeria,NGA,2004,"School enrollment, primary, male (% net)",SE.PRM.NENR.MA,71.13389
Nigeria,NGA,2000,"School enrollment, primary, male (% net)",SE.PRM.NENR.MA,70.80227
Nigeria,NGA,1999,"School enrollment, primary, male (% net)",SE.PRM.NENR.MA,67.64868
Nigeria,NGA,2010,"Over-age students, primary, female (% of female enrollment)",SE.PRM.OENR.FE.ZS,20.10214
Nigeria,NGA,2009,"Over-age students, primary, female (% of female enrollment)",SE.PRM.OENR.FE.ZS,20.10214
Nigeria,NGA,2008,"Over-age students, primary, female (% of female enrollment)",SE.PRM.OENR.FE.ZS,20.10216
Nigeria,NGA,2007,"Over-age students, primary, female (% of female enrollment)",SE.PRM.OENR.FE.ZS,20.10215
Nigeria,NGA,2006,"Over-age students, primary, female (% of female enrollment)",SE.PRM.OENR.FE.ZS,29.51002
Nigeria,NGA,2005,"Over-age students, primary, female (% of female enrollment)",SE.PRM.OENR.FE.ZS,29.51
Nigeria,NGA,2004,"Over-age students, primary, female (% of female enrollment)",SE.PRM.OENR.FE.ZS,29.51
Nigeria,NGA,2000,"Over-age students, primary, female (% of female enrollment)",SE.PRM.OENR.FE.ZS,29.50999
Nigeria,NGA,1999,"Over-age students, primary, female (% of female enrollment)",SE.PRM.OENR.FE.ZS,29.51
Nigeria,NGA,2010,"Over-age students, primary, male (% of male enrollment)",SE.PRM.OENR.MA.ZS,12.84523
Nigeria,NGA,2009,"Over-age students, primary, male (% of male enrollment)",SE.PRM.OENR.MA.ZS,12.88827
Nigeria,NGA,2008,"Over-age students, primary, male (% of male enrollment)",SE.PRM.OENR.MA.ZS,12.91635
Nigeria,NGA,2007,"Over-age students, primary, male (% of male enrollment)",SE.PRM.OENR.MA.ZS,12.93601
Nigeria,NGA,2006,"Over-age students, primary, male (% of male enrollment)",SE.PRM.OENR.MA.ZS,31.46054
Nigeria,NGA,2005,"Over-age students, primary, male (% of male enrollment)",SE.PRM.OENR.MA.ZS,31.44377
Nigeria,NGA,2004,"Over-age students, primary, male (% of male enrollment)",SE.PRM.OENR.MA.ZS,31.4385
Nigeria,NGA,2000,"Over-age students, primary, male (% of male enrollment)",SE.PRM.OENR.MA.ZS,31.41089
Nigeria,NGA,1999,"Over-age students, primary, male (% of male enrollment)",SE.PRM.OENR.MA.ZS,31.40747
Nigeria,NGA,2010,"Over-age students, primary (% of enrollment)",SE.PRM.OENR.ZS,16.23159
Nigeria,NGA,2009,"Over-age students, primary (% of enrollment)",SE.PRM.OENR.ZS,16.23159
Nigeria,NGA,2008,"Over-age students, primary (% of enrollment)",SE.PRM.OENR.ZS,16.23158
Nigeria,NGA,2007,"Over-age students, primary (% of enrollment)",SE.PRM.OENR.ZS,16.23158
Nigeria,NGA,2006,"Over-age students, primary (% of enrollment)",SE.PRM.OENR.ZS,30.57581
Nigeria,NGA,2005,"Over-age students, primary (% of enrollment)",SE.PRM.OENR.ZS,30.57581
Nigeria,NGA,2004,"Over-age students, primary (% of enrollment)",SE.PRM.OENR.ZS,30.57581
Nigeria,NGA,2000,"Over-age students, primary (% of enrollment)",SE.PRM.OENR.ZS,30.57581
Nigeria,NGA,1999,"Over-age students, primary (% of enrollment)",SE.PRM.OENR.ZS,30.57582
Nigeria,NGA,2023,"School enrollment, primary, private (% of total primary)",SE.PRM.PRIV.ZS,23.268030166626
Nigeria,NGA,2021,"School enrollment, primary, private (% of total primary)",SE.PRM.PRIV.ZS,19.110200881958
Nigeria,NGA,2020,"School enrollment, primary, private (% of total primary)",SE.PRM.PRIV.ZS,17.8594398498535
Nigeria,NGA,2018,"School enrollment, primary, private (% of total primary)",SE.PRM.PRIV.ZS,19.7373695373535
Nigeria,NGA,2016,"School enrollment, primary, private (% of total primary)",SE.PRM.PRIV.ZS,12.6561403274536
Nigeria,NGA,2014,"School enrollment, primary, private (% of total primary)",SE.PRM.PRIV.ZS,13.4749298095703
Nigeria,NGA,2013,"School enrollment, primary, private (% of total primary)",SE.PRM.PRIV.ZS,14.8512897491455
Nigeria,NGA,2012,"School enrollment, primary, private (% of total primary)",SE.PRM.PRIV.ZS,14.8512897491455
Nigeria,NGA,2011,"School enrollment, primary, private (% of total primary)",SE.PRM.PRIV.ZS,15.6908798217773
Nigeria,NGA,2010,"School enrollment, primary, private (% of total primary)",SE.PRM.PRIV.ZS,7.96649980545044
Nigeria,NGA,2009,"School enrollment, primary, private (% of total primary)",SE.PRM.PRIV.ZS,6.47413015365601
Nigeria,NGA,2008,"School enrollment, primary, private (% of total primary)",SE.PRM.PRIV.ZS,5.1366400718689
Nigeria,NGA,2007,"School enrollment, primary, private (% of total primary)",SE.PRM.PRIV.ZS,5.56809997558594
Nigeria,NGA,2006,"School enrollment, primary, private (% of total primary)",SE.PRM.PRIV.ZS,5.00438022613525
Nigeria,NGA,2000,"School enrollment, primary, private (% of total primary)",SE.PRM.PRIV.ZS,6.49784994125366
Nigeria,NGA,1972,"School enrollment, primary, private (% of total primary)",SE.PRM.PRIV.ZS,30.0833492279053
Nigeria,NGA,1971,"School enrollment, primary, private (% of total primary)",SE.PRM.PRIV.ZS,44.0220985412598
Nigeria,NGA,1970,"School enrollment, primary, private (% of total primary)",SE.PRM.PRIV.ZS,37.6779289245605
Nigeria,NGA,2009,"Persistence to grade 5, female (% of cohort)",SE.PRM.PRS5.FE.ZS,74.9366226196289
Nigeria,NGA,2008,"Persistence to grade 5, female (% of cohort)",SE.PRM.PRS5.FE.ZS,90.9769592285156
Nigeria,NGA,2007,"Persistence to grade 5, female (% of cohort)",SE.PRM.PRS5.FE.ZS,62.5539207458496
Nigeria,NGA,2006,"Persistence to grade 5, female (% of cohort)",SE.PRM.PRS5.FE.ZS,64.2529830932617
Nigeria,NGA,2005,"Persistence to grade 5, female (% of cohort)",SE.PRM.PRS5.FE.ZS,87.4528427124023
Nigeria,NGA,2004,"Persistence to grade 5, female (% of cohort)",SE.PRM.PRS5.FE.ZS,81.2709503173828
Nigeria,NGA,1999,"Persistence to grade 5, female (% of cohort)",SE.PRM.PRS5.FE.ZS,93.5963287353516
Nigeria,NGA,2009,"Persistence to grade 5, male (% of cohort)",SE.PRM.PRS5.MA.ZS,70.2230072021484
Nigeria,NGA,2008,"Persistence to grade 5, male (% of cohort)",SE.PRM.PRS5.MA.ZS,88.8162612915039
Nigeria,NGA,2007,"Persistence to grade 5, male (% of cohort)",SE.PRM.PRS5.MA.ZS,61.5096206665039
Nigeria,NGA,2006,"Persistence to grade 5, male (% of cohort)",SE.PRM.PRS5.MA.ZS,57.1442718505859
Nigeria,NGA,2005,"Persistence to grade 5, male (% of cohort)",SE.PRM.PRS5.MA.ZS,77.6658096313477
Nigeria,NGA,2004,"Persistence to grade 5, male (% of cohort)",SE.PRM.PRS5.MA.ZS,80.4418563842773
Nigeria,NGA,1999,"Persistence to grade 5, male (% of cohort)",SE.PRM.PRS5.MA.ZS,90.5774078369141
Nigeria,NGA,2009,"Persistence to grade 5, total (% of cohort)",SE.PRM.PRS5.ZS,72.3962173461914
Nigeria,NGA,2008,"Persistence to grade 5, total (% of cohort)",SE.PRM.PRS5.ZS,89.815559387207
Nigeria,NGA,2007,"Persistence to grade 5, total (% of cohort)",SE.PRM.PRS5.ZS,61.9919281005859
Nigeria,NGA,2006,"Persistence to grade 5, total (% of cohort)",SE.PRM.PRS5.ZS,60.3217506408691
Nigeria,NGA,2005,"Persistence to grade 5, total (% of cohort)",SE.PRM.PRS5.ZS,81.9627304077148
Nigeria,NGA,2004,"Persistence to grade 5, total (% of cohort)",SE.PRM.PRS5.ZS,80.8107299804688
Nigeria,NGA,1999,"Persistence to grade 5, total (% of cohort)",SE.PRM.PRS5.ZS,91.8883972167969
Nigeria,NGA,2009,"Persistence to last grade of primary, female (% of cohort)",SE.PRM.PRSL.FE.ZS,66.5838317871094
Nigeria,NGA,2008,"Persistence to last grade of primary, female (% of cohort)",SE.PRM.PRSL.FE.ZS,79.4449996948242
Nigeria,NGA,2007,"Persistence to last grade of primary, female (% of cohort)",SE.PRM.PRSL.FE.ZS,45.557559967041
Nigeria,NGA,2006,"Persistence to last grade of primary, female (% of cohort)",SE.PRM.PRSL.FE.ZS,50.4487991333008
Nigeria,NGA,2005,"Persistence to last grade of primary, female (% of cohort)",SE.PRM.PRSL.FE.ZS,80.376953125
Nigeria,NGA,2004,"Persistence to last grade of primary, female (% of cohort)",SE.PRM.PRSL.FE.ZS,72.7714920043945
Nigeria,NGA,1999,"Persistence to last grade of primary, female (% of cohort)",SE.PRM.PRSL.FE.ZS,88.2927093505859
Nigeria,NGA,2009,"Persistence to last grade of primary, male (% of cohort)",SE.PRM.PRSL.MA.ZS,62.4831390380859
Nigeria,NGA,2008,"Persistence to last grade of primary, male (% of cohort)",SE.PRM.PRSL.MA.ZS,80.4409790039062
Nigeria,NGA,2007,"Persistence to last grade of primary, male (% of cohort)",SE.PRM.PRSL.MA.ZS,48.3614692687988
Nigeria,NGA,2006,"Persistence to last grade of primary, male (% of cohort)",SE.PRM.PRSL.MA.ZS,48.9835205078125
Nigeria,NGA,2005,"Persistence to last grade of primary, male (% of cohort)",SE.PRM.PRSL.MA.ZS,75.5216064453125
Nigeria,NGA,2004,"Persistence to last grade of primary, male (% of cohort)",SE.PRM.PRSL.MA.ZS,73.112678527832
Nigeria,NGA,1999,"Persistence to last grade of primary, male (% of cohort)",SE.PRM.PRSL.MA.ZS,84.8023223876953
Nigeria,NGA,2009,"Persistence to last grade of primary, total (% of cohort)",SE.PRM.PRSL.ZS,64.3753814697266
Nigeria,NGA,2008,"Persistence to last grade of primary, total (% of cohort)",SE.PRM.PRSL.ZS,79.9909820556641
Nigeria,NGA,2007,"Persistence to last grade of primary, total (% of cohort)",SE.PRM.PRSL.ZS,47.0505218505859
Nigeria,NGA,2006,"Persistence to last grade of primary, total (% of cohort)",SE.PRM.PRSL.ZS,49.724178314209
Nigeria,NGA,2005,"Persistence to last grade of primary, total (% of cohort)",SE.PRM.PRSL.ZS,77.748291015625
Nigeria,NGA,2004,"Persistence to last grade of primary, total (% of cohort)",SE.PRM.PRSL.ZS,72.9611129760742
Nigeria,NGA,1999,"Persistence to last grade of primary, total (% of cohort)",SE.PRM.PRSL.ZS,86.3161697387695
Nigeria,NGA,2018,"Trained teachers in primary education, female (% of female teachers)",SE.PRM.TCAQ.FE.ZS,60.8279943666099
Nigeria,NGA,2010,"Trained teachers in primary education, female (% of female teachers)",SE.PRM.TCAQ.FE.ZS,71.6758702440153
Nigeria,NGA,2006,"Trained teachers in primary education, female (% of female teachers)",SE.PRM.TCAQ.FE.ZS,61.6224708557129
Nigeria,NGA,2005,"Trained teachers in primary education, female (% of female teachers)",SE.PRM.TCAQ.FE.ZS,60.5923805236816
Nigeria,NGA,2004,"Trained teachers in primary education, female (% of female teachers)",SE.PRM.TCAQ.FE.ZS,59.7904396057129
Nigeria,NGA,2003,"Trained teachers in primary education, female (% of female teachers)",SE.PRM.TCAQ.FE.ZS,82.8377075195312
Nigeria,NGA,2018,"Trained teachers in primary education, male (% of male teachers)",SE.PRM.TCAQ.MA.ZS,63.7461720465252
Nigeria,NGA,2010,"Trained teachers in primary education, male (% of male teachers)",SE.PRM.TCAQ.MA.ZS,61.0053333512681
Nigeria,NGA,2006,"Trained teachers in primary education, male (% of male teachers)",SE.PRM.TCAQ.MA.ZS,40.6285400390625
Nigeria,NGA,2005,"Trained teachers in primary education, male (% of male teachers)",SE.PRM.TCAQ.MA.ZS,38.9690017700195
Nigeria,NGA,2004,"Trained teachers in primary education, male (% of male teachers)",SE.PRM.TCAQ.MA.ZS,38.3552703857422
Nigeria,NGA,2003,"Trained teachers in primary education, male (% of male teachers)",SE.PRM.TCAQ.MA.ZS,70.0836563110352
Nigeria,NGA,2018,Trained teachers in primary education (% of total teachers),SE.PRM.TCAQ.ZS,62.1766699978874
Nigeria,NGA,2010,Trained teachers in primary education (% of total teachers),SE.PRM.TCAQ.ZS,66.1485024683057
Nigeria,NGA,2006,Trained teachers in primary education (% of total teachers),SE.PRM.TCAQ.ZS,51.2249717712402
Nigeria,NGA,2005,Trained teachers in primary education (% of total teachers),SE.PRM.TCAQ.ZS,49.9666213989258
Nigeria,NGA,2004,Trained teachers in primary education (% of total teachers),SE.PRM.TCAQ.ZS,49.2353515625
Nigeria,NGA,2003,Trained teachers in primary education (% of total teachers),SE.PRM.TCAQ.ZS,76.1554489135742
Nigeria,NGA,2021,"Primary education, teachers",SE.PRM.TCHR,913305
Nigeria,NGA,2020,"Primary education, teachers",SE.PRM.TCHR,823581
Nigeria,NGA,2018,"Primary education, teachers",SE.PRM.TCHR,913579
Nigeria,NGA,2010,"Primary education, teachers",SE.PRM.TCHR,574078
Nigeria,NGA,2007,"Primary education, teachers",SE.PRM.TCHR,466784
Nigeria,NGA,2006,"Primary education, teachers",SE.PRM.TCHR,565646
Nigeria,NGA,2005,"Primary education, teachers",SE.PRM.TCHR,599172
Nigeria,NGA,2004,"Primary education, teachers",SE.PRM.TCHR,597532
Nigeria,NGA,2003,"Primary education, teachers",SE.PRM.TCHR,590655
Nigeria,NGA,2002,"Primary education, teachers",SE.PRM.TCHR,491751
Nigeria,NGA,2001,"Primary education, teachers",SE.PRM.TCHR,488164
Nigeria,NGA,2000,"Primary education, teachers",SE.PRM.TCHR,446405
Nigeria,NGA,1999,"Primary education, teachers",SE.PRM.TCHR,432096
Nigeria,NGA,1996,"Primary education, teachers",SE.PRM.TCHR,416745
Nigeria,NGA,1995,"Primary education, teachers",SE.PRM.TCHR,423059
Nigeria,NGA,1994,"Primary education, teachers",SE.PRM.TCHR,435210
Nigeria,NGA,1993,"Primary education, teachers",SE.PRM.TCHR,428097
Nigeria,NGA,1992,"Primary education, teachers",SE.PRM.TCHR,384212
Nigeria,NGA,1991,"Primary education, teachers",SE.PRM.TCHR,353600
Nigeria,NGA,1990,"Primary education, teachers",SE.PRM.TCHR,331915
Nigeria,NGA,1989,"Primary education, teachers",SE.PRM.TCHR,344221
Nigeria,NGA,1988,"Primary education, teachers",SE.PRM.TCHR,308182
Nigeria,NGA,1987,"Primary education, teachers",SE.PRM.TCHR,292821
Nigeria,NGA,1986,"Primary education, teachers",SE.PRM.TCHR,308072
Nigeria,NGA,1985,"Primary education, teachers",SE.PRM.TCHR,359701
Nigeria,NGA,1984,"Primary education, teachers",SE.PRM.TCHR,383989
Nigeria,NGA,1983,"Primary education, teachers",SE.PRM.TCHR,386826
Nigeria,NGA,1982,"Primary education, teachers",SE.PRM.TCHR,369636
Nigeria,NGA,1981,"Primary education, teachers",SE.PRM.TCHR,343551
Nigeria,NGA,1980,"Primary education, teachers",SE.PRM.TCHR,301427
Nigeria,NGA,1979,"Primary education, teachers",SE.PRM.TCHR,291457
Nigeria,NGA,1978,"Primary education, teachers",SE.PRM.TCHR,251362
Nigeria,NGA,1977,"Primary education, teachers",SE.PRM.TCHR,177221
Nigeria,NGA,1976,"Primary education, teachers",SE.PRM.TCHR,144351
Nigeria,NGA,1973,"Primary education, teachers",SE.PRM.TCHR,136142
Nigeria,NGA,1972,"Primary education, teachers",SE.PRM.TCHR,130434
Nigeria,NGA,1971,"Primary education, teachers",SE.PRM.TCHR,116640
Nigeria,NGA,1970,"Primary education, teachers",SE.PRM.TCHR,103152
Nigeria,NGA,2021,"Primary education, teachers (% female)",SE.PRM.TCHR.FE.ZS,55.2332462868374
Nigeria,NGA,2020,"Primary education, teachers (% female)",SE.PRM.TCHR.FE.ZS,57.7410115094933
Nigeria,NGA,2018,"Primary education, teachers (% female)",SE.PRM.TCHR.FE.ZS,53.7836355695567
Nigeria,NGA,2010,"Primary education, teachers (% female)",SE.PRM.TCHR.FE.ZS,48.199721988998
Nigeria,NGA,2007,"Primary education, teachers (% female)",SE.PRM.TCHR.FE.ZS,48.288501739502
Nigeria,NGA,2006,"Primary education, teachers (% female)",SE.PRM.TCHR.FE.ZS,50.4737892150879
Nigeria,NGA,2005,"Primary education, teachers (% female)",SE.PRM.TCHR.FE.ZS,50.8598518371582
Nigeria,NGA,2004,"Primary education, teachers (% female)",SE.PRM.TCHR.FE.ZS,50.7581214904785
Nigeria,NGA,2003,"Primary education, teachers (% female)",SE.PRM.TCHR.FE.ZS,47.6068115234375
Nigeria,NGA,2002,"Primary education, teachers (% female)",SE.PRM.TCHR.FE.ZS,49.2914085388184
Nigeria,NGA,2001,"Primary education, teachers (% female)",SE.PRM.TCHR.FE.ZS,47.405590057373
Nigeria,NGA,2000,"Primary education, teachers (% female)",SE.PRM.TCHR.FE.ZS,47.8581085205078
Nigeria,NGA,1999,"Primary education, teachers (% female)",SE.PRM.TCHR.FE.ZS,48.0247383117676
Nigeria,NGA,1996,"Primary education, teachers (% female)",SE.PRM.TCHR.FE.ZS,47.942268371582
Nigeria,NGA,1995,"Primary education, teachers (% female)",SE.PRM.TCHR.FE.ZS,46.7856712341309
Nigeria,NGA,1994,"Primary education, teachers (% female)",SE.PRM.TCHR.FE.ZS,46.3925514221191
Nigeria,NGA,1993,"Primary education, teachers (% female)",SE.PRM.TCHR.FE.ZS,44.8101692199707
Nigeria,NGA,1992,"Primary education, teachers (% female)",SE.PRM.TCHR.FE.ZS,44.9132194519043
Nigeria,NGA,1991,"Primary education, teachers (% female)",SE.PRM.TCHR.FE.ZS,42.6603507995605
Nigeria,NGA,1990,"Primary education, teachers (% female)",SE.PRM.TCHR.FE.ZS,42.9073715209961
Nigeria,NGA,1989,"Primary education, teachers (% female)",SE.PRM.TCHR.FE.ZS,44.5184898376465
Nigeria,NGA,1987,"Primary education, teachers (% female)",SE.PRM.TCHR.FE.ZS,36.7576103210449
Nigeria,NGA,1986,"Primary education, teachers (% female)",SE.PRM.TCHR.FE.ZS,40.7787818908691
Nigeria,NGA,1982,"Primary education, teachers (% female)",SE.PRM.TCHR.FE.ZS,32.8693618774414
Nigeria,NGA,1981,"Primary education, teachers (% female)",SE.PRM.TCHR.FE.ZS,34.4900817871094
Nigeria,NGA,1976,"Primary education, teachers (% female)",SE.PRM.TCHR.FE.ZS,27.9859504699707
Nigeria,NGA,1973,"Primary education, teachers (% female)",SE.PRM.TCHR.FE.ZS,26.7970199584961
Nigeria,NGA,1972,"Primary education, teachers (% female)",SE.PRM.TCHR.FE.ZS,26.3060207366943
Nigeria,NGA,1971,"Primary education, teachers (% female)",SE.PRM.TCHR.FE.ZS,22.3902606964111
Nigeria,NGA,1970,"Primary education, teachers (% female)",SE.PRM.TCHR.FE.ZS,23.6631393432617
Nigeria,NGA,2010,"Adjusted net enrollment rate, primary (% of primary school age children)",SE.PRM.TENR,65.98292
Nigeria,NGA,2009,"Adjusted net enrollment rate, primary (% of primary school age children)",SE.PRM.TENR,65.9868
Nigeria,NGA,2008,"Adjusted net enrollment rate, primary (% of primary school age children)",SE.PRM.TENR,64.89473
Nigeria,NGA,2007,"Adjusted net enrollment rate, primary (% of primary school age children)",SE.PRM.TENR,71.66882
Nigeria,NGA,2006,"Adjusted net enrollment rate, primary (% of primary school age children)",SE.PRM.TENR,68.82653
Nigeria,NGA,2005,"Adjusted net enrollment rate, primary (% of primary school age children)",SE.PRM.TENR,68.36617
Nigeria,NGA,2004,"Adjusted net enrollment rate, primary (% of primary school age children)",SE.PRM.TENR,67.924
Nigeria,NGA,2000,"Adjusted net enrollment rate, primary (% of primary school age children)",SE.PRM.TENR,66.17986
Nigeria,NGA,1999,"Adjusted net enrollment rate, primary (% of primary school age children)",SE.PRM.TENR,63.11272
Nigeria,NGA,2010,"Adjusted net enrollment rate, primary, female (% of primary school age children)",SE.PRM.TENR.FE,60.00594
Nigeria,NGA,2009,"Adjusted net enrollment rate, primary, female (% of primary school age children)",SE.PRM.TENR.FE,59.56059
Nigeria,NGA,2008,"Adjusted net enrollment rate, primary, female (% of primary school age children)",SE.PRM.TENR.FE,58.24456
Nigeria,NGA,2007,"Adjusted net enrollment rate, primary, female (% of primary school age children)",SE.PRM.TENR.FE,64.01113
Nigeria,NGA,2006,"Adjusted net enrollment rate, primary, female (% of primary school age children)",SE.PRM.TENR.FE,64.73516
Nigeria,NGA,2005,"Adjusted net enrollment rate, primary, female (% of primary school age children)",SE.PRM.TENR.FE,63.65292
Nigeria,NGA,2004,"Adjusted net enrollment rate, primary, female (% of primary school age children)",SE.PRM.TENR.FE,62.99102
Nigeria,NGA,2000,"Adjusted net enrollment rate, primary, female (% of primary school age children)",SE.PRM.TENR.FE,60.27744
Nigeria,NGA,1999,"Adjusted net enrollment rate, primary, female (% of primary school age children)",SE.PRM.TENR.FE,57.39441
Nigeria,NGA,2010,"Adjusted net enrollment rate, primary, male (% of primary school age children)",SE.PRM.TENR.MA,71.73887
Nigeria,NGA,2009,"Adjusted net enrollment rate, primary, male (% of primary school age children)",SE.PRM.TENR.MA,72.17992
Nigeria,NGA,2008,"Adjusted net enrollment rate, primary, male (% of primary school age children)",SE.PRM.TENR.MA,71.30839
Nigeria,NGA,2007,"Adjusted net enrollment rate, primary, male (% of primary school age children)",SE.PRM.TENR.MA,79.05888
Nigeria,NGA,2006,"Adjusted net enrollment rate, primary, male (% of primary school age children)",SE.PRM.TENR.MA,72.77665
Nigeria,NGA,2005,"Adjusted net enrollment rate, primary, male (% of primary school age children)",SE.PRM.TENR.MA,72.91817
Nigeria,NGA,2004,"Adjusted net enrollment rate, primary, male (% of primary school age children)",SE.PRM.TENR.MA,72.68987
Nigeria,NGA,2000,"Adjusted net enrollment rate, primary, male (% of primary school age children)",SE.PRM.TENR.MA,71.88682
Nigeria,NGA,1999,"Adjusted net enrollment rate, primary, male (% of primary school age children)",SE.PRM.TENR.MA,68.64231
Nigeria,NGA,2023,"Children out of school, primary",SE.PRM.UNER,9070702
Nigeria,NGA,2010,"Children out of school, primary",SE.PRM.UNER,10293439
Nigeria,NGA,2009,"Children out of school, primary",SE.PRM.UNER,9900361
Nigeria,NGA,2008,"Children out of school, primary",SE.PRM.UNER,9808950
Nigeria,NGA,2007,"Children out of school, primary",SE.PRM.UNER,7904316
Nigeria,NGA,2006,"Children out of school, primary",SE.PRM.UNER,8241086
Nigeria,NGA,2005,"Children out of school, primary",SE.PRM.UNER,8047765
Nigeria,NGA,2004,"Children out of school, primary",SE.PRM.UNER,7903004
Nigeria,NGA,2000,"Children out of school, primary",SE.PRM.UNER,7209033
Nigeria,NGA,1999,"Children out of school, primary",SE.PRM.UNER,7544191
Nigeria,NGA,2023,"Children out of school, primary, female",SE.PRM.UNER.FE,4683208
Nigeria,NGA,2010,"Children out of school, primary, female",SE.PRM.UNER.FE,5843903
Nigeria,NGA,2009,"Children out of school, primary, female",SE.PRM.UNER.FE,5676764
Nigeria,NGA,2008,"Children out of school, primary, female",SE.PRM.UNER.FE,5628678
Nigeria,NGA,2007,"Children out of school, primary, female",SE.PRM.UNER.FE,4778606
Nigeria,NGA,2006,"Children out of school, primary, female",SE.PRM.UNER.FE,4522116
Nigeria,NGA,2005,"Children out of school, primary, female",SE.PRM.UNER.FE,4479248
Nigeria,NGA,2004,"Children out of school, primary, female",SE.PRM.UNER.FE,4418511
Nigeria,NGA,2000,"Children out of school, primary, female",SE.PRM.UNER.FE,4141145
Nigeria,NGA,1999,"Children out of school, primary, female",SE.PRM.UNER.FE,4284941
Nigeria,NGA,2023,"Children out of school, female (% of female primary school age)",SE.PRM.UNER.FE.ZS,25.4886207580566
Nigeria,NGA,2010,"Children out of school, female (% of female primary school age)",SE.PRM.UNER.FE.ZS,43.9397010803223
Nigeria,NGA,2009,"Children out of school, female (% of female primary school age)",SE.PRM.UNER.FE.ZS,44.1735801696777
Nigeria,NGA,2008,"Children out of school, female (% of female primary school age)",SE.PRM.UNER.FE.ZS,45.288200378418
Nigeria,NGA,2007,"Children out of school, female (% of female primary school age)",SE.PRM.UNER.FE.ZS,39.7332496643066
Nigeria,NGA,2006,"Children out of school, female (% of female primary school age)",SE.PRM.UNER.FE.ZS,38.8435096740723
Nigeria,NGA,2005,"Children out of school, female (% of female primary school age)",SE.PRM.UNER.FE.ZS,39.6317596435547
Nigeria,NGA,2004,"Children out of school, female (% of female primary school age)",SE.PRM.UNER.FE.ZS,40.181079864502
Nigeria,NGA,2000,"Children out of school, female (% of female primary school age)",SE.PRM.UNER.FE.ZS,41.8664398193359
Nigeria,NGA,1999,"Children out of school, female (% of female primary school age)",SE.PRM.UNER.FE.ZS,44.3870010375977
Nigeria,NGA,2023,"Children out of school, primary, male",SE.PRM.UNER.MA,4387494
Nigeria,NGA,2010,"Children out of school, primary, male",SE.PRM.UNER.MA,4449536
Nigeria,NGA,2009,"Children out of school, primary, male",SE.PRM.UNER.MA,4223597
Nigeria,NGA,2008,"Children out of school, primary, male",SE.PRM.UNER.MA,4180272
Nigeria,NGA,2007,"Children out of school, primary, male",SE.PRM.UNER.MA,3125710
Nigeria,NGA,2006,"Children out of school, primary, male",SE.PRM.UNER.MA,3718970
Nigeria,NGA,2005,"Children out of school, primary, male",SE.PRM.UNER.MA,3568517
Nigeria,NGA,2004,"Children out of school, primary, male",SE.PRM.UNER.MA,3484493
Nigeria,NGA,2000,"Children out of school, primary, male",SE.PRM.UNER.MA,3067888
Nigeria,NGA,1999,"Children out of school, primary, male",SE.PRM.UNER.MA,3259250
Nigeria,NGA,2023,"Children out of school, male (% of male primary school age)",SE.PRM.UNER.MA.ZS,23.1828994750977
Nigeria,NGA,2010,"Children out of school, male (% of male primary school age)",SE.PRM.UNER.MA.ZS,32.4650382995605
Nigeria,NGA,2009,"Children out of school, male (% of male primary school age)",SE.PRM.UNER.MA.ZS,31.8878402709961
Nigeria,NGA,2008,"Children out of school, male (% of male primary school age)",SE.PRM.UNER.MA.ZS,32.6269683837891
Nigeria,NGA,2007,"Children out of school, male (% of male primary school age)",SE.PRM.UNER.MA.ZS,25.2034893035889
Nigeria,NGA,2006,"Children out of school, male (% of male primary school age)",SE.PRM.UNER.MA.ZS,30.9672203063965
Nigeria,NGA,2005,"Children out of school, male (% of male primary school age)",SE.PRM.UNER.MA.ZS,30.6009502410889
Nigeria,NGA,2004,"Children out of school, male (% of male primary school age)",SE.PRM.UNER.MA.ZS,30.7234706878662
Nigeria,NGA,2000,"Children out of school, male (% of male primary school age)",SE.PRM.UNER.MA.ZS,30.1945304870606
Nigeria,NGA,1999,"Children out of school, male (% of male primary school age)",SE.PRM.UNER.MA.ZS,32.9245414733887
Nigeria,NGA,2023,Children out of school (% of primary school age),SE.PRM.UNER.ZS,24.3187007904053
Nigeria,NGA,2010,Children out of school (% of primary school age),SE.PRM.UNER.ZS,38.1161613464355
Nigeria,NGA,2009,Children out of school (% of primary school age),SE.PRM.UNER.ZS,37.9379386901855
Nigeria,NGA,2008,Children out of school (% of primary school age),SE.PRM.UNER.ZS,38.8613395690918
Nigeria,NGA,2007,Children out of school (% of primary school age),SE.PRM.UNER.ZS,32.3568000793457
Nigeria,NGA,2006,Children out of school (% of primary school age),SE.PRM.UNER.ZS,34.8441696166992
Nigeria,NGA,2005,Children out of school (% of primary school age),SE.PRM.UNER.ZS,35.045711517334
Nigeria,NGA,2004,Children out of school (% of primary school age),SE.PRM.UNER.ZS,35.3792381286621
Nigeria,NGA,2000,Children out of school (% of primary school age),SE.PRM.UNER.ZS,35.9521713256836
Nigeria,NGA,1999,Children out of school (% of primary school age),SE.PRM.UNER.ZS,38.5837898254395
Nigeria,NGA,2025,Lower secondary school starting age (years),SE.SEC.AGES,12
Nigeria,NGA,2024,Lower secondary school starting age (years),SE.SEC.AGES,12
Nigeria,NGA,2023,Lower secondary school starting age (years),SE.SEC.AGES,12
Nigeria,NGA,2022,Lower secondary school starting age (years),SE.SEC.AGES,12
Nigeria,NGA,2021,Lower secondary school starting age (years),SE.SEC.AGES,12
Nigeria,NGA,2020,Lower secondary school starting age (years),SE.SEC.AGES,12
Nigeria,NGA,2019,Lower secondary school starting age (years),SE.SEC.AGES,12
Nigeria,NGA,2018,Lower secondary school starting age (years),SE.SEC.AGES,12
Nigeria,NGA,2017,Lower secondary school starting age (years),SE.SEC.AGES,12
Nigeria,NGA,2016,Lower secondary school starting age (years),SE.SEC.AGES,12
Nigeria,NGA,2015,Lower secondary school starting age (years),SE.SEC.AGES,12
Nigeria,NGA,2014,Lower secondary school starting age (years),SE.SEC.AGES,12
Nigeria,NGA,2013,Lower secondary school starting age (years),SE.SEC.AGES,12
Nigeria,NGA,2012,Lower secondary school starting age (years),SE.SEC.AGES,12
Nigeria,NGA,2011,Lower secondary school starting age (years),SE.SEC.AGES,12
Nigeria,NGA,2010,Lower secondary school starting age (years),SE.SEC.AGES,12
Nigeria,NGA,2009,Lower secondary school starting age (years),SE.SEC.AGES,12
Nigeria,NGA,2008,Lower secondary school starting age (years),SE.SEC.AGES,12
Nigeria,NGA,2007,Lower secondary school starting age (years),SE.SEC.AGES,12
Nigeria,NGA,2006,Lower secondary school starting age (years),SE.SEC.AGES,12
Nigeria,NGA,2005,Lower secondary school starting age (years),SE.SEC.AGES,12
Nigeria,NGA,2004,Lower secondary school starting age (years),SE.SEC.AGES,12
Nigeria,NGA,2003,Lower secondary school starting age (years),SE.SEC.AGES,12
Nigeria,NGA,2002,Lower secondary school starting age (years),SE.SEC.AGES,12
Nigeria,NGA,2001,Lower secondary school starting age (years),SE.SEC.AGES,12
Nigeria,NGA,2000,Lower secondary school starting age (years),SE.SEC.AGES,12
Nigeria,NGA,1999,Lower secondary school starting age (years),SE.SEC.AGES,12
Nigeria,NGA,1998,Lower secondary school starting age (years),SE.SEC.AGES,12
Nigeria,NGA,1997,Lower secondary school starting age (years),SE.SEC.AGES,12
Nigeria,NGA,1996,Lower secondary school starting age (years),SE.SEC.AGES,12
Nigeria,NGA,1995,Lower secondary school starting age (years),SE.SEC.AGES,12
Nigeria,NGA,1994,Lower secondary school starting age (years),SE.SEC.AGES,12
Nigeria,NGA,1993,Lower secondary school starting age (years),SE.SEC.AGES,12
Nigeria,NGA,1992,Lower secondary school starting age (years),SE.SEC.AGES,12
Nigeria,NGA,1991,Lower secondary school starting age (years),SE.SEC.AGES,12
Nigeria,NGA,1990,Lower secondary school starting age (years),SE.SEC.AGES,12
Nigeria,NGA,1989,Lower secondary school starting age (years),SE.SEC.AGES,12
Nigeria,NGA,1988,Lower secondary school starting age (years),SE.SEC.AGES,12
Nigeria,NGA,1987,Lower secondary school starting age (years),SE.SEC.AGES,12
Nigeria,NGA,1986,Lower secondary school starting age (years),SE.SEC.AGES,12
Nigeria,NGA,1985,Lower secondary school starting age (years),SE.SEC.AGES,12
Nigeria,NGA,1984,Lower secondary school starting age (years),SE.SEC.AGES,12
Nigeria,NGA,1983,Lower secondary school starting age (years),SE.SEC.AGES,12
Nigeria,NGA,1982,Lower secondary school starting age (years),SE.SEC.AGES,12
Nigeria,NGA,1981,Lower secondary school starting age (years),SE.SEC.AGES,12
Nigeria,NGA,1980,Lower secondary school starting age (years),SE.SEC.AGES,12
Nigeria,NGA,1979,Lower secondary school starting age (years),SE.SEC.AGES,12
Nigeria,NGA,1978,Lower secondary school starting age (years),SE.SEC.AGES,12
Nigeria,NGA,1977,Lower secondary school starting age (years),SE.SEC.AGES,12
Nigeria,NGA,1976,Lower secondary school starting age (years),SE.SEC.AGES,12
Nigeria,NGA,1975,Lower secondary school starting age (years),SE.SEC.AGES,12
Nigeria,NGA,1974,Lower secondary school starting age (years),SE.SEC.AGES,12
Nigeria,NGA,1973,Lower secondary school starting age (years),SE.SEC.AGES,12
Nigeria,NGA,1972,Lower secondary school starting age (years),SE.SEC.AGES,12
Nigeria,NGA,1971,Lower secondary school starting age (years),SE.SEC.AGES,12
Nigeria,NGA,1970,Lower secondary school starting age (years),SE.SEC.AGES,12
Nigeria,NGA,2010,"Lower secondary completion rate, female (% of relevant age group)",SE.SEC.CMPT.LO.FE.ZS,41.1040687561035
Nigeria,NGA,2003,"Lower secondary completion rate, female (% of relevant age group)",SE.SEC.CMPT.LO.FE.ZS,32.6237907409668
Nigeria,NGA,2001,"Lower secondary completion rate, female (% of relevant age group)",SE.SEC.CMPT.LO.FE.ZS,24.003360748291
Nigeria,NGA,2000,"Lower secondary completion rate, female (% of relevant age group)",SE.SEC.CMPT.LO.FE.ZS,21.7688903808594
Nigeria,NGA,2010,"Lower secondary completion rate, male (% of relevant age group)",SE.SEC.CMPT.LO.MA.ZS,47.2434196472168
Nigeria,NGA,2003,"Lower secondary completion rate, male (% of relevant age group)",SE.SEC.CMPT.LO.MA.ZS,39.6782608032227
Nigeria,NGA,2001,"Lower secondary completion rate, male (% of relevant age group)",SE.SEC.CMPT.LO.MA.ZS,28.7075500488281
Nigeria,NGA,2000,"Lower secondary completion rate, male (% of relevant age group)",SE.SEC.CMPT.LO.MA.ZS,27.1015701293945
Nigeria,NGA,2010,"Lower secondary completion rate, total (% of relevant age group)",SE.SEC.CMPT.LO.ZS,44.2288589477539
Nigeria,NGA,2003,"Lower secondary completion rate, total (% of relevant age group)",SE.SEC.CMPT.LO.ZS,36.1968116760254
Nigeria,NGA,2001,"Lower secondary completion rate, total (% of relevant age group)",SE.SEC.CMPT.LO.ZS,26.3816108703613
Nigeria,NGA,2000,"Lower secondary completion rate, total (% of relevant age group)",SE.SEC.CMPT.LO.ZS,24.4640197753906
Nigeria,NGA,2024,"Educational attainment, at least completed lower secondary, population 25+, female (%) (cumulative)",SE.SEC.CUAT.LO.FE.ZS,44.0533981323242
Nigeria,NGA,2021,"Educational attainment, at least completed lower secondary, population 25+, female (%) (cumulative)",SE.SEC.CUAT.LO.FE.ZS,42.3900718688965
Nigeria,NGA,2019,"Educational attainment, at least completed lower secondary, population 25+, female (%) (cumulative)",SE.SEC.CUAT.LO.FE.ZS,34.9043312072754
Nigeria,NGA,2018,"Educational attainment, at least completed lower secondary, population 25+, female (%) (cumulative)",SE.SEC.CUAT.LO.FE.ZS,37.0155601501465
Nigeria,NGA,2016,"Educational attainment, at least completed lower secondary, population 25+, female (%) (cumulative)",SE.SEC.CUAT.LO.FE.ZS,35.415168762207
Nigeria,NGA,2006,"Educational attainment, at least completed lower secondary, population 25+, female (%) (cumulative)",SE.SEC.CUAT.LO.FE.ZS,43.2984085083008
Nigeria,NGA,2024,"Educational attainment, at least completed lower secondary, population 25+, male (%) (cumulative)",SE.SEC.CUAT.LO.MA.ZS,64.0385131835938
Nigeria,NGA,2021,"Educational attainment, at least completed lower secondary, population 25+, male (%) (cumulative)",SE.SEC.CUAT.LO.MA.ZS,57.8144989013672
Nigeria,NGA,2019,"Educational attainment, at least completed lower secondary, population 25+, male (%) (cumulative)",SE.SEC.CUAT.LO.MA.ZS,55.9852714538574
Nigeria,NGA,2018,"Educational attainment, at least completed lower secondary, population 25+, male (%) (cumulative)",SE.SEC.CUAT.LO.MA.ZS,52.592658996582
Nigeria,NGA,2016,"Educational attainment, at least completed lower secondary, population 25+, male (%) (cumulative)",SE.SEC.CUAT.LO.MA.ZS,56.0719413757324
Nigeria,NGA,2006,"Educational attainment, at least completed lower secondary, population 25+, male (%) (cumulative)",SE.SEC.CUAT.LO.MA.ZS,55.3680610656738
Nigeria,NGA,2024,"Educational attainment, at least completed lower secondary, population 25+, total (%) (cumulative)",SE.SEC.CUAT.LO.ZS,53.3854904174805
Nigeria,NGA,2021,"Educational attainment, at least completed lower secondary, population 25+, total (%) (cumulative)",SE.SEC.CUAT.LO.ZS,49.7583999633789
Nigeria,NGA,2019,"Educational attainment, at least completed lower secondary, population 25+, total (%) (cumulative)",SE.SEC.CUAT.LO.ZS,44.6351585388184
Nigeria,NGA,2018,"Educational attainment, at least completed lower secondary, population 25+, total (%) (cumulative)",SE.SEC.CUAT.LO.ZS,44.6248092651367
Nigeria,NGA,2016,"Educational attainment, at least completed lower secondary, population 25+, total (%) (cumulative)",SE.SEC.CUAT.LO.ZS,45.2479705810547
Nigeria,NGA,2006,"Educational attainment, at least completed lower secondary, population 25+, total (%) (cumulative)",SE.SEC.CUAT.LO.ZS,49.4198608398438
Nigeria,NGA,2023,"Educational attainment, at least completed post-secondary, population 25+, female (%) (cumulative)",SE.SEC.CUAT.PO.FE.ZS,40.3712865029028
Nigeria,NGA,2022,"Educational attainment, at least completed post-secondary, population 25+, female (%) (cumulative)",SE.SEC.CUAT.PO.FE.ZS,37.8123433153204
Nigeria,NGA,2019,"Educational attainment, at least completed post-secondary, population 25+, female (%) (cumulative)",SE.SEC.CUAT.PO.FE.ZS,13.0292633327273
Nigeria,NGA,2016,"Educational attainment, at least completed post-secondary, population 25+, female (%) (cumulative)",SE.SEC.CUAT.PO.FE.ZS,10.6647733126762
Nigeria,NGA,2006,"Educational attainment, at least completed post-secondary, population 25+, female (%) (cumulative)",SE.SEC.CUAT.PO.FE.ZS,13.8314599990845
Nigeria,NGA,2023,"Educational attainment, at least completed post-secondary, population 25+, male (%) (cumulative)",SE.SEC.CUAT.PO.MA.ZS,42.4675651869598
Nigeria,NGA,2022,"Educational attainment, at least completed post-secondary, population 25+, male (%) (cumulative)",SE.SEC.CUAT.PO.MA.ZS,40.5780162588583
Nigeria,NGA,2019,"Educational attainment, at least completed post-secondary, population 25+, male (%) (cumulative)",SE.SEC.CUAT.PO.MA.ZS,20.7861427211617
Nigeria,NGA,2016,"Educational attainment, at least completed post-secondary, population 25+, male (%) (cumulative)",SE.SEC.CUAT.PO.MA.ZS,19.3311981413165
Nigeria,NGA,2006,"Educational attainment, at least completed post-secondary, population 25+, male (%) (cumulative)",SE.SEC.CUAT.PO.MA.ZS,20.7593193054199
Nigeria,NGA,2023,"Educational attainment, at least completed post-secondary, population 25+, total (%) (cumulative)",SE.SEC.CUAT.PO.ZS,41.3821681316766
Nigeria,NGA,2022,"Educational attainment, at least completed post-secondary, population 25+, total (%) (cumulative)",SE.SEC.CUAT.PO.ZS,39.1546282408427
Nigeria,NGA,2019,"Educational attainment, at least completed post-secondary, population 25+, total (%) (cumulative)",SE.SEC.CUAT.PO.ZS,16.8415478810909
Nigeria,NGA,2016,"Educational attainment, at least completed post-secondary, population 25+, total (%) (cumulative)",SE.SEC.CUAT.PO.ZS,14.5915419423143
Nigeria,NGA,2006,"Educational attainment, at least completed post-secondary, population 25+, total (%) (cumulative)",SE.SEC.CUAT.PO.ZS,17.3451099395752
Nigeria,NGA,2024,"Educational attainment, at least completed upper secondary, population 25+, female (%) (cumulative)",SE.SEC.CUAT.UP.FE.ZS,38.8457183837891
Nigeria,NGA,2021,"Educational attainment, at least completed upper secondary, population 25+, female (%) (cumulative)",SE.SEC.CUAT.UP.FE.ZS,36.6410789489746
Nigeria,NGA,2019,"Educational attainment, at least completed upper secondary, population 25+, female (%) (cumulative)",SE.SEC.CUAT.UP.FE.ZS,29.5156097412109
Nigeria,NGA,2018,"Educational attainment, at least completed upper secondary, population 25+, female (%) (cumulative)",SE.SEC.CUAT.UP.FE.ZS,32.2758598327637
Nigeria,NGA,2016,"Educational attainment, at least completed upper secondary, population 25+, female (%) (cumulative)",SE.SEC.CUAT.UP.FE.ZS,29.4149703979492
Nigeria,NGA,2006,"Educational attainment, at least completed upper secondary, population 25+, female (%) (cumulative)",SE.SEC.CUAT.UP.FE.ZS,38.9782485961914
Nigeria,NGA,2024,"Educational attainment, at least completed upper secondary, population 25+, male (%) (cumulative)",SE.SEC.CUAT.UP.MA.ZS,58.6059417724609
Nigeria,NGA,2021,"Educational attainment, at least completed upper secondary, population 25+, male (%) (cumulative)",SE.SEC.CUAT.UP.MA.ZS,51.9024810791016
Nigeria,NGA,2019,"Educational attainment, at least completed upper secondary, population 25+, male (%) (cumulative)",SE.SEC.CUAT.UP.MA.ZS,50.6444091796875
Nigeria,NGA,2018,"Educational attainment, at least completed upper secondary, population 25+, male (%) (cumulative)",SE.SEC.CUAT.UP.MA.ZS,48.2776718139648
Nigeria,NGA,2016,"Educational attainment, at least completed upper secondary, population 25+, male (%) (cumulative)",SE.SEC.CUAT.UP.MA.ZS,49.1991691589355
Nigeria,NGA,2006,"Educational attainment, at least completed upper secondary, population 25+, male (%) (cumulative)",SE.SEC.CUAT.UP.MA.ZS,50.5720100402832
Nigeria,NGA,2024,"Educational attainment, at least completed upper secondary, population 25+, total (%) (cumulative)",SE.SEC.CUAT.UP.ZS,48.0727996826172
Nigeria,NGA,2021,"Educational attainment, at least completed upper secondary, population 25+, total (%) (cumulative)",SE.SEC.CUAT.UP.ZS,43.9315299987793
Nigeria,NGA,2019,"Educational attainment, at least completed upper secondary, population 25+, total (%) (cumulative)",SE.SEC.CUAT.UP.ZS,39.2685203552246
Nigeria,NGA,2018,"Educational attainment, at least completed upper secondary, population 25+, total (%) (cumulative)",SE.SEC.CUAT.UP.ZS,40.0925788879395
Nigeria,NGA,2016,"Educational attainment, at least completed upper secondary, population 25+, total (%) (cumulative)",SE.SEC.CUAT.UP.ZS,38.8324203491211
Nigeria,NGA,2006,"Educational attainment, at least completed upper secondary, population 25+, total (%) (cumulative)",SE.SEC.CUAT.UP.ZS,44.858341217041
Nigeria,NGA,2025,"Secondary education, duration (years)",SE.SEC.DURS,6
Nigeria,NGA,2024,"Secondary education, duration (years)",SE.SEC.DURS,6
Nigeria,NGA,2023,"Secondary education, duration (years)",SE.SEC.DURS,6
Nigeria,NGA,2022,"Secondary education, duration (years)",SE.SEC.DURS,6
Nigeria,NGA,2021,"Secondary education, duration (years)",SE.SEC.DURS,6
Nigeria,NGA,2020,"Secondary education, duration (years)",SE.SEC.DURS,6
Nigeria,NGA,2019,"Secondary education, duration (years)",SE.SEC.DURS,6
Nigeria,NGA,2018,"Secondary education, duration (years)",SE.SEC.DURS,6
Nigeria,NGA,2017,"Secondary education, duration (years)",SE.SEC.DURS,6
Nigeria,NGA,2016,"Secondary education, duration (years)",SE.SEC.DURS,6
Nigeria,NGA,2015,"Secondary education, duration (years)",SE.SEC.DURS,6
Nigeria,NGA,2014,"Secondary education, duration (years)",SE.SEC.DURS,6
Nigeria,NGA,2013,"Secondary education, duration (years)",SE.SEC.DURS,6
Nigeria,NGA,2012,"Secondary education, duration (years)",SE.SEC.DURS,6
Nigeria,NGA,2011,"Secondary education, duration (years)",SE.SEC.DURS,6
Nigeria,NGA,2010,"Secondary education, duration (years)",SE.SEC.DURS,6
Nigeria,NGA,2009,"Secondary education, duration (years)",SE.SEC.DURS,6
Nigeria,NGA,2008,"Secondary education, duration (years)",SE.SEC.DURS,6
Nigeria,NGA,2007,"Secondary education, duration (years)",SE.SEC.DURS,6
Nigeria,NGA,2006,"Secondary education, duration (years)",SE.SEC.DURS,6
Nigeria,NGA,2005,"Secondary education, duration (years)",SE.SEC.DURS,6
Nigeria,NGA,2004,"Secondary education, duration (years)",SE.SEC.DURS,6
Nigeria,NGA,2003,"Secondary education, duration (years)",SE.SEC.DURS,6
Nigeria,NGA,2002,"Secondary education, duration (years)",SE.SEC.DURS,6
Nigeria,NGA,2001,"Secondary education, duration (years)",SE.SEC.DURS,6
Nigeria,NGA,2000,"Secondary education, duration (years)",SE.SEC.DURS,6
Nigeria,NGA,1999,"Secondary education, duration (years)",SE.SEC.DURS,6
Nigeria,NGA,1998,"Secondary education, duration (years)",SE.SEC.DURS,6
Nigeria,NGA,1997,"Secondary education, duration (years)",SE.SEC.DURS,6
Nigeria,NGA,1996,"Secondary education, duration (years)",SE.SEC.DURS,6
Nigeria,NGA,1995,"Secondary education, duration (years)",SE.SEC.DURS,6
Nigeria,NGA,1994,"Secondary education, duration (years)",SE.SEC.DURS,6
Nigeria,NGA,1993,"Secondary education, duration (years)",SE.SEC.DURS,6
Nigeria,NGA,1992,"Secondary education, duration (years)",SE.SEC.DURS,6
Nigeria,NGA,1991,"Secondary education, duration (years)",SE.SEC.DURS,6
Nigeria,NGA,1990,"Secondary education, duration (years)",SE.SEC.DURS,6
Nigeria,NGA,1989,"Secondary education, duration (years)",SE.SEC.DURS,6
Nigeria,NGA,1988,"Secondary education, duration (years)",SE.SEC.DURS,6
Nigeria,NGA,1987,"Secondary education, duration (years)",SE.SEC.DURS,6
Nigeria,NGA,1986,"Secondary education, duration (years)",SE.SEC.DURS,6
Nigeria,NGA,1985,"Secondary education, duration (years)",SE.SEC.DURS,7
Nigeria,NGA,1984,"Secondary education, duration (years)",SE.SEC.DURS,7
Nigeria,NGA,1983,"Secondary education, duration (years)",SE.SEC.DURS,7
Nigeria,NGA,1982,"Secondary education, duration (years)",SE.SEC.DURS,7
Nigeria,NGA,1981,"Secondary education, duration (years)",SE.SEC.DURS,7
Nigeria,NGA,1980,"Secondary education, duration (years)",SE.SEC.DURS,7
Nigeria,NGA,1979,"Secondary education, duration (years)",SE.SEC.DURS,7
Nigeria,NGA,1978,"Secondary education, duration (years)",SE.SEC.DURS,7
Nigeria,NGA,1977,"Secondary education, duration (years)",SE.SEC.DURS,7
Nigeria,NGA,1976,"Secondary education, duration (years)",SE.SEC.DURS,7
Nigeria,NGA,1975,"Secondary education, duration (years)",SE.SEC.DURS,7
Nigeria,NGA,1974,"Secondary education, duration (years)",SE.SEC.DURS,7
Nigeria,NGA,1973,"Secondary education, duration (years)",SE.SEC.DURS,7
Nigeria,NGA,1972,"Secondary education, duration (years)",SE.SEC.DURS,7
Nigeria,NGA,1971,"Secondary education, duration (years)",SE.SEC.DURS,7
Nigeria,NGA,1970,"Secondary education, duration (years)",SE.SEC.DURS,7
Nigeria,NGA,2023,"Secondary education, pupils",SE.SEC.ENRL,15198844
Nigeria,NGA,2021,"Secondary education, pupils",SE.SEC.ENRL,13947585
Nigeria,NGA,2020,"Secondary education, pupils",SE.SEC.ENRL,13154092
Nigeria,NGA,2018,"Secondary education, pupils",SE.SEC.ENRL,11374084
Nigeria,NGA,2016,"Secondary education, pupils",SE.SEC.ENRL,10314796
Nigeria,NGA,2015,"Secondary education, pupils",SE.SEC.ENRL,11116030
Nigeria,NGA,2014,"Secondary education, pupils",SE.SEC.ENRL,10495583
Nigeria,NGA,2013,"Secondary education, pupils",SE.SEC.ENRL,12532753
Nigeria,NGA,2012,"Secondary education, pupils",SE.SEC.ENRL,10212250
Nigeria,NGA,2011,"Secondary education, pupils",SE.SEC.ENRL,9591205
Nigeria,NGA,2010,"Secondary education, pupils",SE.SEC.ENRL,9056768
Nigeria,NGA,2009,"Secondary education, pupils",SE.SEC.ENRL,7827318
Nigeria,NGA,2008,"Secondary education, pupils",SE.SEC.ENRL,6888700
Nigeria,NGA,2007,"Secondary education, pupils",SE.SEC.ENRL,6068160
Nigeria,NGA,2006,"Secondary education, pupils",SE.SEC.ENRL,6436449
Nigeria,NGA,2005,"Secondary education, pupils",SE.SEC.ENRL,6397581
Nigeria,NGA,2004,"Secondary education, pupils",SE.SEC.ENRL,6279562
Nigeria,NGA,2002,"Secondary education, pupils",SE.SEC.ENRL,5124270
Nigeria,NGA,2001,"Secondary education, pupils",SE.SEC.ENRL,4601105
Nigeria,NGA,2000,"Secondary education, pupils",SE.SEC.ENRL,4104345
Nigeria,NGA,1999,"Secondary education, pupils",SE.SEC.ENRL,3844585
Nigeria,NGA,1990,"Secondary education, pupils",SE.SEC.ENRL,3125192
Nigeria,NGA,1989,"Secondary education, pupils",SE.SEC.ENRL,2956376
Nigeria,NGA,1987,"Secondary education, pupils",SE.SEC.ENRL,3088711
Nigeria,NGA,1986,"Secondary education, pupils",SE.SEC.ENRL,2988174
Nigeria,NGA,1985,"Secondary education, pupils",SE.SEC.ENRL,3561207
Nigeria,NGA,1984,"Secondary education, pupils",SE.SEC.ENRL,3393186
Nigeria,NGA,1983,"Secondary education, pupils",SE.SEC.ENRL,2880280
Nigeria,NGA,1982,"Secondary education, pupils",SE.SEC.ENRL,2345604
Nigeria,NGA,1981,"Secondary education, pupils",SE.SEC.ENRL,1864713
Nigeria,NGA,1980,"Secondary education, pupils",SE.SEC.ENRL,1451242
Nigeria,NGA,1979,"Secondary education, pupils",SE.SEC.ENRL,1131112
Nigeria,NGA,1978,"Secondary education, pupils",SE.SEC.ENRL,904931
Nigeria,NGA,1977,"Secondary education, pupils",SE.SEC.ENRL,745717
Nigeria,NGA,1973,"Secondary education, pupils",SE.SEC.ENRL,516658
Nigeria,NGA,1972,"Secondary education, pupils",SE.SEC.ENRL,451042
Nigeria,NGA,1971,"Secondary education, pupils",SE.SEC.ENRL,395575
Nigeria,NGA,1970,"Secondary education, pupils",SE.SEC.ENRL,356565
Nigeria,NGA,2016,"Secondary education, pupils (% female)",SE.SEC.ENRL.FE.ZS,46.57444
Nigeria,NGA,2015,"Secondary education, pupils (% female)",SE.SEC.ENRL.FE.ZS,46.9195
Nigeria,NGA,2014,"Secondary education, pupils (% female)",SE.SEC.ENRL.FE.ZS,46.33311
Nigeria,NGA,2013,"Secondary education, pupils (% female)",SE.SEC.ENRL.FE.ZS,46.81369
Nigeria,NGA,2012,"Secondary education, pupils (% female)",SE.SEC.ENRL.FE.ZS,46.85996
Nigeria,NGA,2011,"Secondary education, pupils (% female)",SE.SEC.ENRL.FE.ZS,45.23625
Nigeria,NGA,2010,"Secondary education, pupils (% female)",SE.SEC.ENRL.FE.ZS,45.83992
Nigeria,NGA,2009,"Secondary education, pupils (% female)",SE.SEC.ENRL.FE.ZS,45.72097
Nigeria,NGA,2008,"Secondary education, pupils (% female)",SE.SEC.ENRL.FE.ZS,44.69478
Nigeria,NGA,2007,"Secondary education, pupils (% female)",SE.SEC.ENRL.FE.ZS,42.75243
Nigeria,NGA,2006,"Secondary education, pupils (% female)",SE.SEC.ENRL.FE.ZS,44.15374
Nigeria,NGA,2005,"Secondary education, pupils (% female)",SE.SEC.ENRL.FE.ZS,44.61305
Nigeria,NGA,2004,"Secondary education, pupils (% female)",SE.SEC.ENRL.FE.ZS,43.63225
Nigeria,NGA,2002,"Secondary education, pupils (% female)",SE.SEC.ENRL.FE.ZS,42.46736
Nigeria,NGA,2001,"Secondary education, pupils (% female)",SE.SEC.ENRL.FE.ZS,44.64388
Nigeria,NGA,2000,"Secondary education, pupils (% female)",SE.SEC.ENRL.FE.ZS,44.88451
Nigeria,NGA,1999,"Secondary education, pupils (% female)",SE.SEC.ENRL.FE.ZS,46.76645
Nigeria,NGA,1990,"Secondary education, pupils (% female)",SE.SEC.ENRL.FE.ZS,42.87794
Nigeria,NGA,1989,"Secondary education, pupils (% female)",SE.SEC.ENRL.FE.ZS,43.38156
Nigeria,NGA,1987,"Secondary education, pupils (% female)",SE.SEC.ENRL.FE.ZS,43.18041
Nigeria,NGA,1986,"Secondary education, pupils (% female)",SE.SEC.ENRL.FE.ZS,41.20038
Nigeria,NGA,1984,"Secondary education, pupils (% female)",SE.SEC.ENRL.FE.ZS,25.55539
Nigeria,NGA,1983,"Secondary education, pupils (% female)",SE.SEC.ENRL.FE.ZS,28.91219
Nigeria,NGA,1982,"Secondary education, pupils (% female)",SE.SEC.ENRL.FE.ZS,35.03507
Nigeria,NGA,1981,"Secondary education, pupils (% female)",SE.SEC.ENRL.FE.ZS,33.42375
Nigeria,NGA,1980,"Secondary education, pupils (% female)",SE.SEC.ENRL.FE.ZS,31.47035
Nigeria,NGA,1979,"Secondary education, pupils (% female)",SE.SEC.ENRL.FE.ZS,33.59508
Nigeria,NGA,1978,"Secondary education, pupils (% female)",SE.SEC.ENRL.FE.ZS,34.38638
Nigeria,NGA,1977,"Secondary education, pupils (% female)",SE.SEC.ENRL.FE.ZS,32.20578
Nigeria,NGA,1973,"Secondary education, pupils (% female)",SE.SEC.ENRL.FE.ZS,34.45374
Nigeria,NGA,1972,"Secondary education, pupils (% female)",SE.SEC.ENRL.FE.ZS,32.33025
Nigeria,NGA,1971,"Secondary education, pupils (% female)",SE.SEC.ENRL.FE.ZS,32.0134
Nigeria,NGA,1970,"Secondary education, pupils (% female)",SE.SEC.ENRL.FE.ZS,32.04801
Nigeria,NGA,2013,"Secondary education, general pupils",SE.SEC.ENRL.GC,12532753
Nigeria,NGA,2011,"Secondary education, general pupils",SE.SEC.ENRL.GC,9591205
Nigeria,NGA,1994,"Secondary education, general pupils",SE.SEC.ENRL.GC,4451329
Nigeria,NGA,1993,"Secondary education, general pupils",SE.SEC.ENRL.GC,4032083
Nigeria,NGA,1992,"Secondary education, general pupils",SE.SEC.ENRL.GC,3600620
Nigeria,NGA,1991,"Secondary education, general pupils",SE.SEC.ENRL.GC,3123277
Nigeria,NGA,1990,"Secondary education, general pupils",SE.SEC.ENRL.GC,2908466
Nigeria,NGA,1989,"Secondary education, general pupils",SE.SEC.ENRL.GC,2729528
Nigeria,NGA,1988,"Secondary education, general pupils",SE.SEC.ENRL.GC,2941781
Nigeria,NGA,1985,"Secondary education, general pupils",SE.SEC.ENRL.GC,3169624
Nigeria,NGA,1984,"Secondary education, general pupils",SE.SEC.ENRL.GC,3009751
Nigeria,NGA,1983,"Secondary education, general pupils",SE.SEC.ENRL.GC,2503952
Nigeria,NGA,1982,"Secondary education, general pupils",SE.SEC.ENRL.GC,1995417
Nigeria,NGA,1981,"Secondary education, general pupils",SE.SEC.ENRL.GC,1553345
Nigeria,NGA,1980,"Secondary education, general pupils",SE.SEC.ENRL.GC,1194479
Nigeria,NGA,1979,"Secondary education, general pupils",SE.SEC.ENRL.GC,913648
Nigeria,NGA,1978,"Secondary education, general pupils",SE.SEC.ENRL.GC,730899
Nigeria,NGA,1977,"Secondary education, general pupils",SE.SEC.ENRL.GC,601652
Nigeria,NGA,1973,"Secondary education, general pupils",SE.SEC.ENRL.GC,432256
Nigeria,NGA,1972,"Secondary education, general pupils",SE.SEC.ENRL.GC,399722
Nigeria,NGA,1971,"Secondary education, general pupils",SE.SEC.ENRL.GC,323482
Nigeria,NGA,1970,"Secondary education, general pupils",SE.SEC.ENRL.GC,293498
Nigeria,NGA,2013,"Secondary education, general pupils (% female)",SE.SEC.ENRL.GC.FE.ZS,46.81369
Nigeria,NGA,2011,"Secondary education, general pupils (% female)",SE.SEC.ENRL.GC.FE.ZS,45.23625
Nigeria,NGA,1994,"Secondary education, general pupils (% female)",SE.SEC.ENRL.GC.FE.ZS,45.63911
Nigeria,NGA,1993,"Secondary education, general pupils (% female)",SE.SEC.ENRL.GC.FE.ZS,45.88321
Nigeria,NGA,1992,"Secondary education, general pupils (% female)",SE.SEC.ENRL.GC.FE.ZS,45.03599
Nigeria,NGA,1991,"Secondary education, general pupils (% female)",SE.SEC.ENRL.GC.FE.ZS,41.68602
Nigeria,NGA,1990,"Secondary education, general pupils (% female)",SE.SEC.ENRL.GC.FE.ZS,42.76031
Nigeria,NGA,1989,"Secondary education, general pupils (% female)",SE.SEC.ENRL.GC.FE.ZS,43.24817
Nigeria,NGA,1988,"Secondary education, general pupils (% female)",SE.SEC.ENRL.GC.FE.ZS,41.20783
Nigeria,NGA,1984,"Secondary education, general pupils (% female)",SE.SEC.ENRL.GC.FE.ZS,26.52867
Nigeria,NGA,1983,"Secondary education, general pupils (% female)",SE.SEC.ENRL.GC.FE.ZS,29.2524
Nigeria,NGA,1982,"Secondary education, general pupils (% female)",SE.SEC.ENRL.GC.FE.ZS,35.523
Nigeria,NGA,1981,"Secondary education, general pupils (% female)",SE.SEC.ENRL.GC.FE.ZS,34.99313
Nigeria,NGA,1980,"Secondary education, general pupils (% female)",SE.SEC.ENRL.GC.FE.ZS,33.31176
Nigeria,NGA,1979,"Secondary education, general pupils (% female)",SE.SEC.ENRL.GC.FE.ZS,35.58898
Nigeria,NGA,1978,"Secondary education, general pupils (% female)",SE.SEC.ENRL.GC.FE.ZS,37.03535
Nigeria,NGA,1977,"Secondary education, general pupils (% female)",SE.SEC.ENRL.GC.FE.ZS,34.50018
Nigeria,NGA,1973,"Secondary education, general pupils (% female)",SE.SEC.ENRL.GC.FE.ZS,35.9375
Nigeria,NGA,1972,"Secondary education, general pupils (% female)",SE.SEC.ENRL.GC.FE.ZS,33.71793
Nigeria,NGA,1971,"Secondary education, general pupils (% female)",SE.SEC.ENRL.GC.FE.ZS,33.18268
Nigeria,NGA,1970,"Secondary education, general pupils (% female)",SE.SEC.ENRL.GC.FE.ZS,32.9808
Nigeria,NGA,2010,"Pupil-teacher ratio, lower secondary",SE.SEC.ENRL.LO.TC.ZS,31.13083
Nigeria,NGA,2008,"Pupil-teacher ratio, lower secondary",SE.SEC.ENRL.LO.TC.ZS,25.81523
Nigeria,NGA,2007,"Pupil-teacher ratio, lower secondary",SE.SEC.ENRL.LO.TC.ZS,30.15532
Nigeria,NGA,2006,"Pupil-teacher ratio, lower secondary",SE.SEC.ENRL.LO.TC.ZS,33.01942
Nigeria,NGA,2005,"Pupil-teacher ratio, lower secondary",SE.SEC.ENRL.LO.TC.ZS,37.45169
Nigeria,NGA,2004,"Pupil-teacher ratio, lower secondary",SE.SEC.ENRL.LO.TC.ZS,42.3581
Nigeria,NGA,2010,"Pupil-teacher ratio, secondary",SE.SEC.ENRL.TC.ZS,23.19708
Nigeria,NGA,2008,"Pupil-teacher ratio, secondary",SE.SEC.ENRL.TC.ZS,22.34335
Nigeria,NGA,2007,"Pupil-teacher ratio, secondary",SE.SEC.ENRL.TC.ZS,28.44015
Nigeria,NGA,2006,"Pupil-teacher ratio, secondary",SE.SEC.ENRL.TC.ZS,31.85068
Nigeria,NGA,2005,"Pupil-teacher ratio, secondary",SE.SEC.ENRL.TC.ZS,40.16487
Nigeria,NGA,2004,"Pupil-teacher ratio, secondary",SE.SEC.ENRL.TC.ZS,40.6197
Nigeria,NGA,2002,"Pupil-teacher ratio, secondary",SE.SEC.ENRL.TC.ZS,31.44496
Nigeria,NGA,2001,"Pupil-teacher ratio, secondary",SE.SEC.ENRL.TC.ZS,32.71757
Nigeria,NGA,2000,"Pupil-teacher ratio, secondary",SE.SEC.ENRL.TC.ZS,30.88668
Nigeria,NGA,1999,"Pupil-teacher ratio, secondary",SE.SEC.ENRL.TC.ZS,29.79998
Nigeria,NGA,1990,"Pupil-teacher ratio, secondary",SE.SEC.ENRL.TC.ZS,22.10538
Nigeria,NGA,1989,"Pupil-teacher ratio, secondary",SE.SEC.ENRL.TC.ZS,21.63038
Nigeria,NGA,1986,"Pupil-teacher ratio, secondary",SE.SEC.ENRL.TC.ZS,28.45799
Nigeria,NGA,1985,"Pupil-teacher ratio, secondary",SE.SEC.ENRL.TC.ZS,36.15916
Nigeria,NGA,1984,"Pupil-teacher ratio, secondary",SE.SEC.ENRL.TC.ZS,31.2264
Nigeria,NGA,1983,"Pupil-teacher ratio, secondary",SE.SEC.ENRL.TC.ZS,32.33508
Nigeria,NGA,1982,"Pupil-teacher ratio, secondary",SE.SEC.ENRL.TC.ZS,28.78324
Nigeria,NGA,1981,"Pupil-teacher ratio, secondary",SE.SEC.ENRL.TC.ZS,44.84531
Nigeria,NGA,1980,"Pupil-teacher ratio, secondary",SE.SEC.ENRL.TC.ZS,41.90828
Nigeria,NGA,1979,"Pupil-teacher ratio, secondary",SE.SEC.ENRL.TC.ZS,38.41701
Nigeria,NGA,1978,"Pupil-teacher ratio, secondary",SE.SEC.ENRL.TC.ZS,37.79049
Nigeria,NGA,1977,"Pupil-teacher ratio, secondary",SE.SEC.ENRL.TC.ZS,44.69118
Nigeria,NGA,1972,"Pupil-teacher ratio, secondary",SE.SEC.ENRL.TC.ZS,23.00061
Nigeria,NGA,1970,"Pupil-teacher ratio, secondary",SE.SEC.ENRL.TC.ZS,21.23169
Nigeria,NGA,2010,"Pupil-teacher ratio, upper secondary",SE.SEC.ENRL.UP.TC.ZS,17.63306
Nigeria,NGA,2008,"Pupil-teacher ratio, upper secondary",SE.SEC.ENRL.UP.TC.ZS,18.94995
Nigeria,NGA,2007,"Pupil-teacher ratio, upper secondary",SE.SEC.ENRL.UP.TC.ZS,26.35346
Nigeria,NGA,2006,"Pupil-teacher ratio, upper secondary",SE.SEC.ENRL.UP.TC.ZS,30.36593
Nigeria,NGA,2005,"Pupil-teacher ratio, upper secondary",SE.SEC.ENRL.UP.TC.ZS,44.36475
Nigeria,NGA,2004,"Pupil-teacher ratio, upper secondary",SE.SEC.ENRL.UP.TC.ZS,38.61398
Nigeria,NGA,1990,"Secondary education, vocational pupils",SE.SEC.ENRL.VO,216726
Nigeria,NGA,1989,"Secondary education, vocational pupils",SE.SEC.ENRL.VO,226848
Nigeria,NGA,1985,"Secondary education, vocational pupils",SE.SEC.ENRL.VO,391583
Nigeria,NGA,1984,"Secondary education, vocational pupils",SE.SEC.ENRL.VO,383435
Nigeria,NGA,1983,"Secondary education, vocational pupils",SE.SEC.ENRL.VO,376328
Nigeria,NGA,1982,"Secondary education, vocational pupils",SE.SEC.ENRL.VO,350187
Nigeria,NGA,1981,"Secondary education, vocational pupils",SE.SEC.ENRL.VO,311368
Nigeria,NGA,1980,"Secondary education, vocational pupils",SE.SEC.ENRL.VO,256763
Nigeria,NGA,1979,"Secondary education, vocational pupils",SE.SEC.ENRL.VO,217464
Nigeria,NGA,1978,"Secondary education, vocational pupils",SE.SEC.ENRL.VO,174032
Nigeria,NGA,1977,"Secondary education, vocational pupils",SE.SEC.ENRL.VO,144065
Nigeria,NGA,1973,"Secondary education, vocational pupils",SE.SEC.ENRL.VO,84402
Nigeria,NGA,1972,"Secondary education, vocational pupils",SE.SEC.ENRL.VO,51320
Nigeria,NGA,1971,"Secondary education, vocational pupils",SE.SEC.ENRL.VO,72093
Nigeria,NGA,1970,"Secondary education, vocational pupils",SE.SEC.ENRL.VO,63067
Nigeria,NGA,1990,"Secondary education, vocational pupils (% female)",SE.SEC.ENRL.VO.FE.ZS,44.45659
Nigeria,NGA,1989,"Secondary education, vocational pupils (% female)",SE.SEC.ENRL.VO.FE.ZS,44.98651
Nigeria,NGA,1984,"Secondary education, vocational pupils (% female)",SE.SEC.ENRL.VO.FE.ZS,17.91568
Nigeria,NGA,1983,"Secondary education, vocational pupils (% female)",SE.SEC.ENRL.VO.FE.ZS,26.64856
Nigeria,NGA,1982,"Secondary education, vocational pupils (% female)",SE.SEC.ENRL.VO.FE.ZS,32.25477
Nigeria,NGA,1981,"Secondary education, vocational pupils (% female)",SE.SEC.ENRL.VO.FE.ZS,25.59447
Nigeria,NGA,1980,"Secondary education, vocational pupils (% female)",SE.SEC.ENRL.VO.FE.ZS,22.904
Nigeria,NGA,1979,"Secondary education, vocational pupils (% female)",SE.SEC.ENRL.VO.FE.ZS,25.21797
Nigeria,NGA,1978,"Secondary education, vocational pupils (% female)",SE.SEC.ENRL.VO.FE.ZS,23.26124
Nigeria,NGA,1977,"Secondary education, vocational pupils (% female)",SE.SEC.ENRL.VO.FE.ZS,22.62382
Nigeria,NGA,1973,"Secondary education, vocational pupils (% female)",SE.SEC.ENRL.VO.FE.ZS,26.85481
Nigeria,NGA,1972,"Secondary education, vocational pupils (% female)",SE.SEC.ENRL.VO.FE.ZS,21.52182
Nigeria,NGA,1971,"Secondary education, vocational pupils (% female)",SE.SEC.ENRL.VO.FE.ZS,26.76682
Nigeria,NGA,1970,"Secondary education, vocational pupils (% female)",SE.SEC.ENRL.VO.FE.ZS,27.70704
Nigeria,NGA,2023,"School enrollment, secondary (% gross)",SE.SEC.ENRR,46.8931503295898
Nigeria,NGA,2021,"School enrollment, secondary (% gross)",SE.SEC.ENRR,45.444938659668
Nigeria,NGA,2020,"School enrollment, secondary (% gross)",SE.SEC.ENRR,44.1220893859863
Nigeria,NGA,2018,"School enrollment, secondary (% gross)",SE.SEC.ENRR,40.4885292053223
Nigeria,NGA,2016,"School enrollment, secondary (% gross)",SE.SEC.ENRR,39.3068084716797
Nigeria,NGA,2015,"School enrollment, secondary (% gross)",SE.SEC.ENRR,43.8246917724609
Nigeria,NGA,2014,"School enrollment, secondary (% gross)",SE.SEC.ENRR,42.7821502685547
Nigeria,NGA,2013,"School enrollment, secondary (% gross)",SE.SEC.ENRR,52.7967300415039
Nigeria,NGA,2012,"School enrollment, secondary (% gross)",SE.SEC.ENRR,44.4557914733887
Nigeria,NGA,2011,"School enrollment, secondary (% gross)",SE.SEC.ENRR,43.0239906311035
Nigeria,NGA,2010,"School enrollment, secondary (% gross)",SE.SEC.ENRR,41.7837982177734
Nigeria,NGA,2009,"School enrollment, secondary (% gross)",SE.SEC.ENRR,37.1381416320801
Nigeria,NGA,2008,"School enrollment, secondary (% gross)",SE.SEC.ENRR,33.6112785339355
Nigeria,NGA,2007,"School enrollment, secondary (% gross)",SE.SEC.ENRR,30.4232006072998
Nigeria,NGA,2006,"School enrollment, secondary (% gross)",SE.SEC.ENRR,33.1262817382812
Nigeria,NGA,2005,"School enrollment, secondary (% gross)",SE.SEC.ENRR,33.7729187011719
Nigeria,NGA,2004,"School enrollment, secondary (% gross)",SE.SEC.ENRR,33.9481201171875
Nigeria,NGA,2002,"School enrollment, secondary (% gross)",SE.SEC.ENRR,28.8738098144531
Nigeria,NGA,2001,"School enrollment, secondary (% gross)",SE.SEC.ENRR,26.3999805450439
Nigeria,NGA,2000,"School enrollment, secondary (% gross)",SE.SEC.ENRR,23.9613494873047
Nigeria,NGA,1999,"School enrollment, secondary (% gross)",SE.SEC.ENRR,22.8324108123779
Nigeria,NGA,1990,"School enrollment, secondary (% gross)",SE.SEC.ENRR,23.9810009002686
Nigeria,NGA,1989,"School enrollment, secondary (% gross)",SE.SEC.ENRR,23.6370792388916
Nigeria,NGA,1987,"School enrollment, secondary (% gross)",SE.SEC.ENRR,26.8306694030762
Nigeria,NGA,1986,"School enrollment, secondary (% gross)",SE.SEC.ENRR,26.9905109405518
Nigeria,NGA,1985,"School enrollment, secondary (% gross)",SE.SEC.ENRR,29.1342906951904
Nigeria,NGA,1984,"School enrollment, secondary (% gross)",SE.SEC.ENRR,28.75705909729
Nigeria,NGA,1983,"School enrollment, secondary (% gross)",SE.SEC.ENRR,25.0670204162598
Nigeria,NGA,1982,"School enrollment, secondary (% gross)",SE.SEC.ENRR,21.0725994110107
Nigeria,NGA,1981,"School enrollment, secondary (% gross)",SE.SEC.ENRR,17.2738208770752
Nigeria,NGA,1980,"School enrollment, secondary (% gross)",SE.SEC.ENRR,13.870659828186
Nigeria,NGA,1979,"School enrollment, secondary (% gross)",SE.SEC.ENRR,11.1410799026489
Nigeria,NGA,1978,"School enrollment, secondary (% gross)",SE.SEC.ENRR,9.1794900894165
Nigeria,NGA,1977,"School enrollment, secondary (% gross)",SE.SEC.ENRR,7.78704977035522
Nigeria,NGA,1973,"School enrollment, secondary (% gross)",SE.SEC.ENRR,6.01967000961304
Nigeria,NGA,1972,"School enrollment, secondary (% gross)",SE.SEC.ENRR,5.39129018783569
Nigeria,NGA,1971,"School enrollment, secondary (% gross)",SE.SEC.ENRR,4.84703016281128
Nigeria,NGA,1970,"School enrollment, secondary (% gross)",SE.SEC.ENRR,4.47895002365112
Nigeria,NGA,2023,"School enrollment, secondary, female (% gross)",SE.SEC.ENRR.FE,47.4061508178711
Nigeria,NGA,2021,"School enrollment, secondary, female (% gross)",SE.SEC.ENRR.FE,45.1787605285645
Nigeria,NGA,2020,"School enrollment, secondary, female (% gross)",SE.SEC.ENRR.FE,43.9140815734863
Nigeria,NGA,2018,"School enrollment, secondary, female (% gross)",SE.SEC.ENRR.FE,39.4427909851074
Nigeria,NGA,2016,"School enrollment, secondary, female (% gross)",SE.SEC.ENRR.FE,37.2762603759766
Nigeria,NGA,2015,"School enrollment, secondary, female (% gross)",SE.SEC.ENRR.FE,41.8675918579102
Nigeria,NGA,2014,"School enrollment, secondary, female (% gross)",SE.SEC.ENRR.FE,40.3631896972656
Nigeria,NGA,2013,"School enrollment, secondary, female (% gross)",SE.SEC.ENRR.FE,50.3317909240723
Nigeria,NGA,2012,"School enrollment, secondary, female (% gross)",SE.SEC.ENRR.FE,42.4270210266113
Nigeria,NGA,2011,"School enrollment, secondary, female (% gross)",SE.SEC.ENRR.FE,39.6406402587891
Nigeria,NGA,2010,"School enrollment, secondary, female (% gross)",SE.SEC.ENRR.FE,39.0084915161133
Nigeria,NGA,2009,"School enrollment, secondary, female (% gross)",SE.SEC.ENRR.FE,34.5709915161133
Nigeria,NGA,2008,"School enrollment, secondary, female (% gross)",SE.SEC.ENRR.FE,30.5725002288818
Nigeria,NGA,2007,"School enrollment, secondary, female (% gross)",SE.SEC.ENRR.FE,26.4539299011231
Nigeria,NGA,2006,"School enrollment, secondary, female (% gross)",SE.SEC.ENRR.FE,29.7225399017334
Nigeria,NGA,2005,"School enrollment, secondary, female (% gross)",SE.SEC.ENRR.FE,30.5882091522217
Nigeria,NGA,2004,"School enrollment, secondary, female (% gross)",SE.SEC.ENRR.FE,30.0385608673096
Nigeria,NGA,2002,"School enrollment, secondary, female (% gross)",SE.SEC.ENRR.FE,24.8241996765137
Nigeria,NGA,2001,"School enrollment, secondary, female (% gross)",SE.SEC.ENRR.FE,23.8450603485107
Nigeria,NGA,2000,"School enrollment, secondary, female (% gross)",SE.SEC.ENRR.FE,21.7487506866455
Nigeria,NGA,1999,"School enrollment, secondary, female (% gross)",SE.SEC.ENRR.FE,21.5846195220947
Nigeria,NGA,1990,"School enrollment, secondary, female (% gross)",SE.SEC.ENRR.FE,20.6709098815918
Nigeria,NGA,1989,"School enrollment, secondary, female (% gross)",SE.SEC.ENRR.FE,20.5889892578125
Nigeria,NGA,1987,"School enrollment, secondary, female (% gross)",SE.SEC.ENRR.FE,23.2112102508545
Nigeria,NGA,1986,"School enrollment, secondary, female (% gross)",SE.SEC.ENRR.FE,22.2632293701172
Nigeria,NGA,1984,"School enrollment, secondary, female (% gross)",SE.SEC.ENRR.FE,14.6766300201416
Nigeria,NGA,1983,"School enrollment, secondary, female (% gross)",SE.SEC.ENRR.FE,14.4543199539185
Nigeria,NGA,1982,"School enrollment, secondary, female (% gross)",SE.SEC.ENRR.FE,14.7009201049805
Nigeria,NGA,1981,"School enrollment, secondary, female (% gross)",SE.SEC.ENRR.FE,11.4766502380371
Nigeria,NGA,1980,"School enrollment, secondary, female (% gross)",SE.SEC.ENRR.FE,8.66201019287109
Nigeria,NGA,1979,"School enrollment, secondary, female (% gross)",SE.SEC.ENRR.FE,7.41481018066406
Nigeria,NGA,1978,"School enrollment, secondary, female (% gross)",SE.SEC.ENRR.FE,6.24382019042969
Nigeria,NGA,1977,"School enrollment, secondary, female (% gross)",SE.SEC.ENRR.FE,4.9546799659729
Nigeria,NGA,1973,"School enrollment, secondary, female (% gross)",SE.SEC.ENRR.FE,4.08526992797852
Nigeria,NGA,1972,"School enrollment, secondary, female (% gross)",SE.SEC.ENRR.FE,3.43134999275208
Nigeria,NGA,1971,"School enrollment, secondary, female (% gross)",SE.SEC.ENRR.FE,3.05300998687744
Nigeria,NGA,1970,"School enrollment, secondary, female (% gross)",SE.SEC.ENRR.FE,2.82265996932983
Nigeria,NGA,2023,"School enrollment, secondary, male (% gross)",SE.SEC.ENRR.MA,46.3985900878906
Nigeria,NGA,2021,"School enrollment, secondary, male (% gross)",SE.SEC.ENRR.MA,45.7016181945801
Nigeria,NGA,2020,"School enrollment, secondary, male (% gross)",SE.SEC.ENRR.MA,44.3227310180664
Nigeria,NGA,2018,"School enrollment, secondary, male (% gross)",SE.SEC.ENRR.MA,41.4976615905762
Nigeria,NGA,2016,"School enrollment, secondary, male (% gross)",SE.SEC.ENRR.MA,41.2664489746094
Nigeria,NGA,2015,"School enrollment, secondary, male (% gross)",SE.SEC.ENRR.MA,45.713550567627
Nigeria,NGA,2014,"School enrollment, secondary, male (% gross)",SE.SEC.ENRR.MA,45.1165008544922
Nigeria,NGA,2013,"School enrollment, secondary, male (% gross)",SE.SEC.ENRR.MA,55.1751098632812
Nigeria,NGA,2012,"School enrollment, secondary, male (% gross)",SE.SEC.ENRR.MA,46.4128684997559
Nigeria,NGA,2011,"School enrollment, secondary, male (% gross)",SE.SEC.ENRR.MA,46.2873191833496
Nigeria,NGA,2010,"School enrollment, secondary, male (% gross)",SE.SEC.ENRR.MA,44.4610900878906
Nigeria,NGA,2009,"School enrollment, secondary, male (% gross)",SE.SEC.ENRR.MA,39.6161003112793
Nigeria,NGA,2008,"School enrollment, secondary, male (% gross)",SE.SEC.ENRR.MA,36.5469589233398
Nigeria,NGA,2007,"School enrollment, secondary, male (% gross)",SE.SEC.ENRR.MA,34.2624206542969
Nigeria,NGA,2006,"School enrollment, secondary, male (% gross)",SE.SEC.ENRR.MA,36.4241485595703
Nigeria,NGA,2005,"School enrollment, secondary, male (% gross)",SE.SEC.ENRR.MA,36.8644714355469
Nigeria,NGA,2004,"School enrollment, secondary, male (% gross)",SE.SEC.ENRR.MA,37.7513999938965
Nigeria,NGA,2002,"School enrollment, secondary, male (% gross)",SE.SEC.ENRR.MA,32.8266105651855
Nigeria,NGA,2001,"School enrollment, secondary, male (% gross)",SE.SEC.ENRR.MA,28.897029876709
Nigeria,NGA,2000,"School enrollment, secondary, male (% gross)",SE.SEC.ENRR.MA,26.1258792877197
Nigeria,NGA,1999,"School enrollment, secondary, male (% gross)",SE.SEC.ENRR.MA,24.0540294647217
Nigeria,NGA,1990,"School enrollment, secondary, male (% gross)",SE.SEC.ENRR.MA,27.2573699951172
Nigeria,NGA,1989,"School enrollment, secondary, male (% gross)",SE.SEC.ENRR.MA,26.6613693237305
Nigeria,NGA,1987,"School enrollment, secondary, male (% gross)",SE.SEC.ENRR.MA,30.4376697540283
Nigeria,NGA,1986,"School enrollment, secondary, male (% gross)",SE.SEC.ENRR.MA,31.7081108093262
Nigeria,NGA,1984,"School enrollment, secondary, male (% gross)",SE.SEC.ENRR.MA,42.8784599304199
Nigeria,NGA,1983,"School enrollment, secondary, male (% gross)",SE.SEC.ENRR.MA,35.7393913269043
Nigeria,NGA,1982,"School enrollment, secondary, male (% gross)",SE.SEC.ENRR.MA,27.5006008148193
Nigeria,NGA,1981,"School enrollment, secondary, male (% gross)",SE.SEC.ENRR.MA,23.1426105499268
Nigeria,NGA,1980,"School enrollment, secondary, male (% gross)",SE.SEC.ENRR.MA,19.1620807647705
Nigeria,NGA,1979,"School enrollment, secondary, male (% gross)",SE.SEC.ENRR.MA,14.9392995834351
Nigeria,NGA,1978,"School enrollment, secondary, male (% gross)",SE.SEC.ENRR.MA,12.1809396743774
Nigeria,NGA,1977,"School enrollment, secondary, male (% gross)",SE.SEC.ENRR.MA,10.6901197433472
Nigeria,NGA,1973,"School enrollment, secondary, male (% gross)",SE.SEC.ENRR.MA,8.01439952850342
Nigeria,NGA,1972,"School enrollment, secondary, male (% gross)",SE.SEC.ENRR.MA,7.41471004486084
Nigeria,NGA,1971,"School enrollment, secondary, male (% gross)",SE.SEC.ENRR.MA,6.70126008987427
Nigeria,NGA,1970,"School enrollment, secondary, male (% gross)",SE.SEC.ENRR.MA,6.19273996353149
Nigeria,NGA,2023,"School enrollment, secondary, private (% of total secondary)",SE.SEC.PRIV.ZS,27.8533592224121
Nigeria,NGA,2021,"School enrollment, secondary, private (% of total secondary)",SE.SEC.PRIV.ZS,27.3453502655029
Nigeria,NGA,2020,"School enrollment, secondary, private (% of total secondary)",SE.SEC.PRIV.ZS,26.3317794799805
Nigeria,NGA,2018,"School enrollment, secondary, private (% of total secondary)",SE.SEC.PRIV.ZS,22.8018093109131
Nigeria,NGA,2016,"School enrollment, secondary, private (% of total secondary)",SE.SEC.PRIV.ZS,19.0331497192383
Nigeria,NGA,2015,"School enrollment, secondary, private (% of total secondary)",SE.SEC.PRIV.ZS,22.2721405029297
Nigeria,NGA,2014,"School enrollment, secondary, private (% of total secondary)",SE.SEC.PRIV.ZS,22.6464099884033
Nigeria,NGA,2013,"School enrollment, secondary, private (% of total secondary)",SE.SEC.PRIV.ZS,18.7151298522949
Nigeria,NGA,2012,"School enrollment, secondary, private (% of total secondary)",SE.SEC.PRIV.ZS,18.6993198394775
Nigeria,NGA,2011,"School enrollment, secondary, private (% of total secondary)",SE.SEC.PRIV.ZS,24.1818008422852
Nigeria,NGA,2010,"School enrollment, secondary, private (% of total secondary)",SE.SEC.PRIV.ZS,21.5315895080566
Nigeria,NGA,2009,"School enrollment, secondary, private (% of total secondary)",SE.SEC.PRIV.ZS,19.9781303405762
Nigeria,NGA,2008,"School enrollment, secondary, private (% of total secondary)",SE.SEC.PRIV.ZS,12.9022903442383
Nigeria,NGA,2007,"School enrollment, secondary, private (% of total secondary)",SE.SEC.PRIV.ZS,13.6792402267456
Nigeria,NGA,2006,"School enrollment, secondary, private (% of total secondary)",SE.SEC.PRIV.ZS,11.8466901779175
Nigeria,NGA,2009,"Progression to secondary school, female (%)",SE.SEC.PROG.FE.ZS,60.99738
Nigeria,NGA,1999,"Progression to secondary school, female (%)",SE.SEC.PROG.FE.ZS,34.12986
Nigeria,NGA,2009,"Progression to secondary school, male (%)",SE.SEC.PROG.MA.ZS,59.83771
Nigeria,NGA,1999,"Progression to secondary school, male (%)",SE.SEC.PROG.MA.ZS,33.42343
Nigeria,NGA,2009,Progression to secondary school (%),SE.SEC.PROG.ZS,60.36624
Nigeria,NGA,1999,Progression to secondary school (%),SE.SEC.PROG.ZS,33.73396
Nigeria,NGA,2018,"Trained teachers in secondary education, female (% of female teachers)",SE.SEC.TCAQ.FE.ZS,66.7058591882085
Nigeria,NGA,2010,"Trained teachers in secondary education, female (% of female teachers)",SE.SEC.TCAQ.FE.ZS,45.9624006248729
Nigeria,NGA,2006,"Trained teachers in secondary education, female (% of female teachers)",SE.SEC.TCAQ.FE.ZS,77.0622482299805
Nigeria,NGA,2003,"Trained teachers in secondary education, female (% of female teachers)",SE.SEC.TCAQ.FE.ZS,85.4756698608398
Nigeria,NGA,2018,"Trained teachers in lower secondary education, female (% of female teachers)",SE.SEC.TCAQ.LO.FE.ZS,80.9757992231849
Nigeria,NGA,2010,"Trained teachers in lower secondary education, female (% of female teachers)",SE.SEC.TCAQ.LO.FE.ZS,85.6613315003928
Nigeria,NGA,2006,"Trained teachers in lower secondary education, female (% of female teachers)",SE.SEC.TCAQ.LO.FE.ZS,78.3925476074219
Nigeria,NGA,2018,"Trained teachers in lower secondary education, male (% of male teachers)",SE.SEC.TCAQ.LO.MA.ZS,72.6748404621481
Nigeria,NGA,2010,"Trained teachers in lower secondary education, male (% of male teachers)",SE.SEC.TCAQ.LO.MA.ZS,84.3347720494784
Nigeria,NGA,2006,"Trained teachers in lower secondary education, male (% of male teachers)",SE.SEC.TCAQ.LO.MA.ZS,65.6117401123047
Nigeria,NGA,2018,Trained teachers in lower secondary education (% of total teachers),SE.SEC.TCAQ.LO.ZS,76.3081083625826
Nigeria,NGA,2010,Trained teachers in lower secondary education (% of total teachers),SE.SEC.TCAQ.LO.ZS,85.006306658962
Nigeria,NGA,2006,Trained teachers in lower secondary education (% of total teachers),SE.SEC.TCAQ.LO.ZS,70.7209396362305
Nigeria,NGA,2018,"Trained teachers in secondary education, male (% of male teachers)",SE.SEC.TCAQ.MA.ZS,66.8636365798097
Nigeria,NGA,2010,"Trained teachers in secondary education, male (% of male teachers)",SE.SEC.TCAQ.MA.ZS,45.9050951063589
Nigeria,NGA,2006,"Trained teachers in secondary education, male (% of male teachers)",SE.SEC.TCAQ.MA.ZS,65.6747665405273
Nigeria,NGA,2003,"Trained teachers in secondary education, male (% of male teachers)",SE.SEC.TCAQ.MA.ZS,75.7017517089844
Nigeria,NGA,2018,"Trained teachers in upper secondary education, female (% of female teachers)",SE.SEC.TCAQ.UP.FE.ZS,54.0141369047619
Nigeria,NGA,2010,"Trained teachers in upper secondary education, female (% of female teachers)",SE.SEC.TCAQ.UP.FE.ZS,15.28934241223
Nigeria,NGA,2006,"Trained teachers in upper secondary education, female (% of female teachers)",SE.SEC.TCAQ.UP.FE.ZS,75.1871032714844
Nigeria,NGA,2018,"Trained teachers in upper secondary education, male (% of male teachers)",SE.SEC.TCAQ.UP.MA.ZS,60.7851436689338
Nigeria,NGA,2010,"Trained teachers in upper secondary education, male (% of male teachers)",SE.SEC.TCAQ.UP.MA.ZS,21.2842631409223
Nigeria,NGA,2006,"Trained teachers in upper secondary education, male (% of male teachers)",SE.SEC.TCAQ.UP.MA.ZS,65.7499084472656
Nigeria,NGA,2018,Trained teachers in upper secondary education (% of total teachers),SE.SEC.TCAQ.UP.ZS,57.5491107487389
Nigeria,NGA,2010,Trained teachers in upper secondary education (% of total teachers),SE.SEC.TCAQ.UP.ZS,18.5296706552905
Nigeria,NGA,2006,Trained teachers in upper secondary education (% of total teachers),SE.SEC.TCAQ.UP.ZS,69.1499633789062
Nigeria,NGA,2018,Trained teachers in secondary education (% of total teachers),SE.SEC.TCAQ.ZS,66.791358266499
Nigeria,NGA,2010,Trained teachers in secondary education (% of total teachers),SE.SEC.TCAQ.ZS,45.9325302809488
Nigeria,NGA,2006,Trained teachers in secondary education (% of total teachers),SE.SEC.TCAQ.ZS,70.0289993286133
Nigeria,NGA,2003,Trained teachers in secondary education (% of total teachers),SE.SEC.TCAQ.ZS,79.4572830200195
Nigeria,NGA,2021,"Secondary education, teachers",SE.SEC.TCHR,912245
Nigeria,NGA,2020,"Secondary education, teachers",SE.SEC.TCHR,861872
Nigeria,NGA,2018,"Secondary education, teachers",SE.SEC.TCHR,776048
Nigeria,NGA,2010,"Secondary education, teachers",SE.SEC.TCHR,390427
Nigeria,NGA,2008,"Secondary education, teachers",SE.SEC.TCHR,308311
Nigeria,NGA,2007,"Secondary education, teachers",SE.SEC.TCHR,213366
Nigeria,NGA,2006,"Secondary education, teachers",SE.SEC.TCHR,202082
Nigeria,NGA,2005,"Secondary education, teachers",SE.SEC.TCHR,159283
Nigeria,NGA,2004,"Secondary education, teachers",SE.SEC.TCHR,154594
Nigeria,NGA,2003,"Secondary education, teachers",SE.SEC.TCHR,180278
Nigeria,NGA,2002,"Secondary education, teachers",SE.SEC.TCHR,162960
Nigeria,NGA,2001,"Secondary education, teachers",SE.SEC.TCHR,140631
Nigeria,NGA,2000,"Secondary education, teachers",SE.SEC.TCHR,132884
Nigeria,NGA,1999,"Secondary education, teachers",SE.SEC.TCHR,129013
Nigeria,NGA,1994,"Secondary education, teachers",SE.SEC.TCHR,152596
Nigeria,NGA,1993,"Secondary education, teachers",SE.SEC.TCHR,151722
Nigeria,NGA,1992,"Secondary education, teachers",SE.SEC.TCHR,147530
Nigeria,NGA,1991,"Secondary education, teachers",SE.SEC.TCHR,141491
Nigeria,NGA,1990,"Secondary education, teachers",SE.SEC.TCHR,141377
Nigeria,NGA,1989,"Secondary education, teachers",SE.SEC.TCHR,136677
Nigeria,NGA,1988,"Secondary education, teachers",SE.SEC.TCHR,134400
Nigeria,NGA,1986,"Secondary education, teachers",SE.SEC.TCHR,105003
Nigeria,NGA,1985,"Secondary education, teachers",SE.SEC.TCHR,98487
Nigeria,NGA,1984,"Secondary education, teachers",SE.SEC.TCHR,108664
Nigeria,NGA,1983,"Secondary education, teachers",SE.SEC.TCHR,89076
Nigeria,NGA,1982,"Secondary education, teachers",SE.SEC.TCHR,81492
Nigeria,NGA,1981,"Secondary education, teachers",SE.SEC.TCHR,41581
Nigeria,NGA,1980,"Secondary education, teachers",SE.SEC.TCHR,34629
Nigeria,NGA,1979,"Secondary education, teachers",SE.SEC.TCHR,29443
Nigeria,NGA,1978,"Secondary education, teachers",SE.SEC.TCHR,23946
Nigeria,NGA,1977,"Secondary education, teachers",SE.SEC.TCHR,16686
Nigeria,NGA,1972,"Secondary education, teachers",SE.SEC.TCHR,19610
Nigeria,NGA,1970,"Secondary education, teachers",SE.SEC.TCHR,16794
Nigeria,NGA,2021,"Secondary education, teachers, female",SE.SEC.TCHR.FE,462137
Nigeria,NGA,2020,"Secondary education, teachers, female",SE.SEC.TCHR.FE,441224
Nigeria,NGA,2018,"Secondary education, teachers, female",SE.SEC.TCHR.FE,355510
Nigeria,NGA,2010,"Secondary education, teachers, female",SE.SEC.TCHR.FE,186918
Nigeria,NGA,2008,"Secondary education, teachers, female",SE.SEC.TCHR.FE,121654
Nigeria,NGA,2007,"Secondary education, teachers, female",SE.SEC.TCHR.FE,72847
Nigeria,NGA,2006,"Secondary education, teachers, female",SE.SEC.TCHR.FE,77270
Nigeria,NGA,2005,"Secondary education, teachers, female",SE.SEC.TCHR.FE,56814
Nigeria,NGA,2004,"Secondary education, teachers, female",SE.SEC.TCHR.FE,55191
Nigeria,NGA,2003,"Secondary education, teachers, female",SE.SEC.TCHR.FE,69270
Nigeria,NGA,2002,"Secondary education, teachers, female",SE.SEC.TCHR.FE,54196
Nigeria,NGA,2001,"Secondary education, teachers, female",SE.SEC.TCHR.FE,54474
Nigeria,NGA,2000,"Secondary education, teachers, female",SE.SEC.TCHR.FE,49894
Nigeria,NGA,1999,"Secondary education, teachers, female",SE.SEC.TCHR.FE,46100
Nigeria,NGA,1994,"Secondary education, teachers, female",SE.SEC.TCHR.FE,54949
Nigeria,NGA,1993,"Secondary education, teachers, female",SE.SEC.TCHR.FE,52363
Nigeria,NGA,1992,"Secondary education, teachers, female",SE.SEC.TCHR.FE,49427
Nigeria,NGA,1991,"Secondary education, teachers, female",SE.SEC.TCHR.FE,44936
Nigeria,NGA,1990,"Secondary education, teachers, female",SE.SEC.TCHR.FE,46074
Nigeria,NGA,1989,"Secondary education, teachers, female",SE.SEC.TCHR.FE,43701
Nigeria,NGA,1988,"Secondary education, teachers, female",SE.SEC.TCHR.FE,41957
Nigeria,NGA,1986,"Secondary education, teachers, female",SE.SEC.TCHR.FE,29902
Nigeria,NGA,1982,"Secondary education, teachers, female",SE.SEC.TCHR.FE,16326
Nigeria,NGA,1981,"Secondary education, teachers, female",SE.SEC.TCHR.FE,12242
Nigeria,NGA,1972,"Secondary education, teachers, female",SE.SEC.TCHR.FE,3639
Nigeria,NGA,1970,"Secondary education, teachers, female",SE.SEC.TCHR.FE,3064
Nigeria,NGA,2021,"Secondary education, teachers (% female)",SE.SEC.TCHR.FE.ZS,50.6593075325159
Nigeria,NGA,2020,"Secondary education, teachers (% female)",SE.SEC.TCHR.FE.ZS,51.1936807321737
Nigeria,NGA,2018,"Secondary education, teachers (% female)",SE.SEC.TCHR.FE.ZS,45.8103107024308
Nigeria,NGA,2010,"Secondary education, teachers (% female)",SE.SEC.TCHR.FE.ZS,47.8752750194018
Nigeria,NGA,2008,"Secondary education, teachers (% female)",SE.SEC.TCHR.FE.ZS,39.4582099914551
Nigeria,NGA,2007,"Secondary education, teachers (% female)",SE.SEC.TCHR.FE.ZS,34.1417999267578
Nigeria,NGA,2006,"Secondary education, teachers (% female)",SE.SEC.TCHR.FE.ZS,38.2369499206543
Nigeria,NGA,2005,"Secondary education, teachers (% female)",SE.SEC.TCHR.FE.ZS,35.6685905456543
Nigeria,NGA,2004,"Secondary education, teachers (% female)",SE.SEC.TCHR.FE.ZS,35.700611114502
Nigeria,NGA,2003,"Secondary education, teachers (% female)",SE.SEC.TCHR.FE.ZS,38.4239883422852
Nigeria,NGA,2002,"Secondary education, teachers (% female)",SE.SEC.TCHR.FE.ZS,33.2572402954102
Nigeria,NGA,2001,"Secondary education, teachers (% female)",SE.SEC.TCHR.FE.ZS,38.735408782959
Nigeria,NGA,2000,"Secondary education, teachers (% female)",SE.SEC.TCHR.FE.ZS,37.5470314025879
Nigeria,NGA,1999,"Secondary education, teachers (% female)",SE.SEC.TCHR.FE.ZS,35.7328300476074
Nigeria,NGA,1994,"Secondary education, teachers (% female)",SE.SEC.TCHR.FE.ZS,36.0094604492188
Nigeria,NGA,1993,"Secondary education, teachers (% female)",SE.SEC.TCHR.FE.ZS,34.5124588012695
Nigeria,NGA,1992,"Secondary education, teachers (% female)",SE.SEC.TCHR.FE.ZS,33.5030212402344
Nigeria,NGA,1991,"Secondary education, teachers (% female)",SE.SEC.TCHR.FE.ZS,31.7589092254639
Nigeria,NGA,1990,"Secondary education, teachers (% female)",SE.SEC.TCHR.FE.ZS,32.5894584655762
Nigeria,NGA,1989,"Secondary education, teachers (% female)",SE.SEC.TCHR.FE.ZS,31.9739208221436
Nigeria,NGA,1988,"Secondary education, teachers (% female)",SE.SEC.TCHR.FE.ZS,31.2180099487305
Nigeria,NGA,1986,"Secondary education, teachers (% female)",SE.SEC.TCHR.FE.ZS,28.4772796630859
Nigeria,NGA,1982,"Secondary education, teachers (% female)",SE.SEC.TCHR.FE.ZS,20.0338706970215
Nigeria,NGA,1981,"Secondary education, teachers (% female)",SE.SEC.TCHR.FE.ZS,29.4413299560547
Nigeria,NGA,1972,"Secondary education, teachers (% female)",SE.SEC.TCHR.FE.ZS,18.5568599700928
Nigeria,NGA,1970,"Secondary education, teachers (% female)",SE.SEC.TCHR.FE.ZS,18.2446098327637
Nigeria,NGA,2024,"Educational attainment, at least Bachelor's or equivalent, population 25+, female (%) (cumulative)",SE.TER.CUAT.BA.FE.ZS,7.43166017532349
Nigeria,NGA,2023,"Educational attainment, at least Bachelor's or equivalent, population 25+, female (%) (cumulative)",SE.TER.CUAT.BA.FE.ZS,2.58464039541255
Nigeria,NGA,2022,"Educational attainment, at least Bachelor's or equivalent, population 25+, female (%) (cumulative)",SE.TER.CUAT.BA.FE.ZS,2.73636506317745
Nigeria,NGA,2021,"Educational attainment, at least Bachelor's or equivalent, population 25+, female (%) (cumulative)",SE.TER.CUAT.BA.FE.ZS,8.01961994171143
Nigeria,NGA,2019,"Educational attainment, at least Bachelor's or equivalent, population 25+, female (%) (cumulative)",SE.TER.CUAT.BA.FE.ZS,4.65197992324829
Nigeria,NGA,2018,"Educational attainment, at least Bachelor's or equivalent, population 25+, female (%) (cumulative)",SE.TER.CUAT.BA.FE.ZS,5.79977989196777
Nigeria,NGA,2016,"Educational attainment, at least Bachelor's or equivalent, population 25+, female (%) (cumulative)",SE.TER.CUAT.BA.FE.ZS,3.64716005325317
Nigeria,NGA,2006,"Educational attainment, at least Bachelor's or equivalent, population 25+, female (%) (cumulative)",SE.TER.CUAT.BA.FE.ZS,6.54534006118774
Nigeria,NGA,2024,"Educational attainment, at least Bachelor's or equivalent, population 25+, male (%) (cumulative)",SE.TER.CUAT.BA.MA.ZS,14.1459398269653
Nigeria,NGA,2021,"Educational attainment, at least Bachelor's or equivalent, population 25+, male (%) (cumulative)",SE.TER.CUAT.BA.MA.ZS,14.1861295700073
Nigeria,NGA,2019,"Educational attainment, at least Bachelor's or equivalent, population 25+, male (%) (cumulative)",SE.TER.CUAT.BA.MA.ZS,8.80994033813477
Nigeria,NGA,2018,"Educational attainment, at least Bachelor's or equivalent, population 25+, male (%) (cumulative)",SE.TER.CUAT.BA.MA.ZS,10.6070604324341
Nigeria,NGA,2016,"Educational attainment, at least Bachelor's or equivalent, population 25+, male (%) (cumulative)",SE.TER.CUAT.BA.MA.ZS,8.45940971374512
Nigeria,NGA,2006,"Educational attainment, at least Bachelor's or equivalent, population 25+, male (%) (cumulative)",SE.TER.CUAT.BA.MA.ZS,11.4610795974731
Nigeria,NGA,2024,"Educational attainment, at least Bachelor's or equivalent, population 25+, total (%) (cumulative)",SE.TER.CUAT.BA.ZS,10.5669097900391
Nigeria,NGA,2023,"Educational attainment, at least Bachelor's or equivalent, population 25+, total (%) (cumulative)",SE.TER.CUAT.BA.ZS,3.80241384950738
Nigeria,NGA,2022,"Educational attainment, at least Bachelor's or equivalent, population 25+, total (%) (cumulative)",SE.TER.CUAT.BA.ZS,3.47736860285226
Nigeria,NGA,2021,"Educational attainment, at least Bachelor's or equivalent, population 25+, total (%) (cumulative)",SE.TER.CUAT.BA.ZS,10.9653997421265
Nigeria,NGA,2019,"Educational attainment, at least Bachelor's or equivalent, population 25+, total (%) (cumulative)",SE.TER.CUAT.BA.ZS,6.57126998901367
Nigeria,NGA,2018,"Educational attainment, at least Bachelor's or equivalent, population 25+, total (%) (cumulative)",SE.TER.CUAT.BA.ZS,8.14807987213135
Nigeria,NGA,2016,"Educational attainment, at least Bachelor's or equivalent, population 25+, total (%) (cumulative)",SE.TER.CUAT.BA.ZS,5.93782997131348
Nigeria,NGA,2006,"Educational attainment, at least Bachelor's or equivalent, population 25+, total (%) (cumulative)",SE.TER.CUAT.BA.ZS,9.03849029541016
Nigeria,NGA,2023,"Educational attainment, Doctoral or equivalent, population 25+, female (%) (cumulative)",SE.TER.CUAT.DO.FE.ZS,0.215129504598206
Nigeria,NGA,2022,"Educational attainment, Doctoral or equivalent, population 25+, female (%) (cumulative)",SE.TER.CUAT.DO.FE.ZS,0.294188659711672
Nigeria,NGA,2023,"Educational attainment, Doctoral or equivalent, population 25+, male (%) (cumulative)",SE.TER.CUAT.DO.MA.ZS,1.01483296496459
Nigeria,NGA,2022,"Educational attainment, Doctoral or equivalent, population 25+, male (%) (cumulative)",SE.TER.CUAT.DO.MA.ZS,0.680396342158661
Nigeria,NGA,2019,"Educational attainment, Doctoral or equivalent, population 25+, male (%) (cumulative)",SE.TER.CUAT.DO.MA.ZS,0.163611627623401
Nigeria,NGA,2023,"Educational attainment, Doctoral or equivalent, population 25+, total (%) (cumulative)",SE.TER.CUAT.DO.ZS,0.600767894521955
Nigeria,NGA,2022,"Educational attainment, Doctoral or equivalent, population 25+, total (%) (cumulative)",SE.TER.CUAT.DO.ZS,0.481629749404069
Nigeria,NGA,2019,"Educational attainment, Doctoral or equivalent, population 25+, total (%) (cumulative)",SE.TER.CUAT.DO.ZS,0.0925001820347383
Nigeria,NGA,2023,"Educational attainment, at least Master's or equivalent, population 25+, female (%) (cumulative)",SE.TER.CUAT.MS.FE.ZS,2.20577919076446
Nigeria,NGA,2022,"Educational attainment, at least Master's or equivalent, population 25+, female (%) (cumulative)",SE.TER.CUAT.MS.FE.ZS,2.1328816316624
Nigeria,NGA,2019,"Educational attainment, at least Master's or equivalent, population 25+, female (%) (cumulative)",SE.TER.CUAT.MS.FE.ZS,0.276469049506174
Nigeria,NGA,2006,"Educational attainment, at least Master's or equivalent, population 25+, female (%) (cumulative)",SE.TER.CUAT.MS.FE.ZS,1.05497002601623
Nigeria,NGA,2023,"Educational attainment, at least Master's or equivalent, population 25+, male (%) (cumulative)",SE.TER.CUAT.MS.MA.ZS,4.20514876076605
Nigeria,NGA,2022,"Educational attainment, at least Master's or equivalent, population 25+, male (%) (cumulative)",SE.TER.CUAT.MS.MA.ZS,3.61605159514668
Nigeria,NGA,2019,"Educational attainment, at least Master's or equivalent, population 25+, male (%) (cumulative)",SE.TER.CUAT.MS.MA.ZS,1.1340840140407
Nigeria,NGA,2016,"Educational attainment, at least Master's or equivalent, population 25+, male (%) (cumulative)",SE.TER.CUAT.MS.MA.ZS,1.17271908949357
Nigeria,NGA,2006,"Educational attainment, at least Master's or equivalent, population 25+, male (%) (cumulative)",SE.TER.CUAT.MS.MA.ZS,2.21388006210327
Nigeria,NGA,2023,"Educational attainment, at least Master's or equivalent, population 25+, total (%) (cumulative)",SE.TER.CUAT.MS.ZS,3.1699286537225
Nigeria,NGA,2022,"Educational attainment, at least Master's or equivalent, population 25+, total (%) (cumulative)",SE.TER.CUAT.MS.ZS,2.85271970529442
Nigeria,NGA,2019,"Educational attainment, at least Master's or equivalent, population 25+, total (%) (cumulative)",SE.TER.CUAT.MS.ZS,0.697962296212471
Nigeria,NGA,2016,"Educational attainment, at least Master's or equivalent, population 25+, total (%) (cumulative)",SE.TER.CUAT.MS.ZS,0.679012585742592
Nigeria,NGA,2006,"Educational attainment, at least Master's or equivalent, population 25+, total (%) (cumulative)",SE.TER.CUAT.MS.ZS,1.64274001121521
Nigeria,NGA,2023,"Educational attainment, at least completed short-cycle tertiary, population 25+, female (%) (cumulative)",SE.TER.CUAT.ST.FE.ZS,6.22347713267052
Nigeria,NGA,2022,"Educational attainment, at least completed short-cycle tertiary, population 25+, female (%) (cumulative)",SE.TER.CUAT.ST.FE.ZS,5.95343708730272
Nigeria,NGA,2019,"Educational attainment, at least completed short-cycle tertiary, population 25+, female (%) (cumulative)",SE.TER.CUAT.ST.FE.ZS,12.5416257420367
Nigeria,NGA,2016,"Educational attainment, at least completed short-cycle tertiary, population 25+, female (%) (cumulative)",SE.TER.CUAT.ST.FE.ZS,10.2992380118547
Nigeria,NGA,2006,"Educational attainment, at least completed short-cycle tertiary, population 25+, female (%) (cumulative)",SE.TER.CUAT.ST.FE.ZS,13.8314599990845
Nigeria,NGA,2023,"Educational attainment, at least completed short-cycle tertiary, population 25+, male (%) (cumulative)",SE.TER.CUAT.ST.MA.ZS,12.115643182261
Nigeria,NGA,2022,"Educational attainment, at least completed short-cycle tertiary, population 25+, male (%) (cumulative)",SE.TER.CUAT.ST.MA.ZS,10.9345958699519
Nigeria,NGA,2019,"Educational attainment, at least completed short-cycle tertiary, population 25+, male (%) (cumulative)",SE.TER.CUAT.ST.MA.ZS,19.9863121382302
Nigeria,NGA,2016,"Educational attainment, at least completed short-cycle tertiary, population 25+, male (%) (cumulative)",SE.TER.CUAT.ST.MA.ZS,18.4356269659031
Nigeria,NGA,2006,"Educational attainment, at least completed short-cycle tertiary, population 25+, male (%) (cumulative)",SE.TER.CUAT.ST.MA.ZS,20.7593193054199
Nigeria,NGA,2023,"Educational attainment, at least completed short-cycle tertiary, population 25+, total (%) (cumulative)",SE.TER.CUAT.ST.ZS,9.06483713814857
Nigeria,NGA,2022,"Educational attainment, at least completed short-cycle tertiary, population 25+, total (%) (cumulative)",SE.TER.CUAT.ST.ZS,8.37098047803728
Nigeria,NGA,2019,"Educational attainment, at least completed short-cycle tertiary, population 25+, total (%) (cumulative)",SE.TER.CUAT.ST.ZS,16.2004763563621
Nigeria,NGA,2016,"Educational attainment, at least completed short-cycle tertiary, population 25+, total (%) (cumulative)",SE.TER.CUAT.ST.ZS,13.987517976139
Nigeria,NGA,2006,"Educational attainment, at least completed short-cycle tertiary, population 25+, total (%) (cumulative)",SE.TER.CUAT.ST.ZS,17.3451099395752
Nigeria,NGA,2011,"Pupil-teacher ratio, tertiary",SE.TER.ENRL.TC.ZS,22.59606
Nigeria,NGA,2010,"Pupil-teacher ratio, tertiary",SE.TER.ENRL.TC.ZS,24.61626
Nigeria,NGA,2004,"Pupil-teacher ratio, tertiary",SE.TER.ENRL.TC.ZS,34.82639
Nigeria,NGA,1999,"Pupil-teacher ratio, tertiary",SE.TER.ENRL.TC.ZS,13.34534
Nigeria,NGA,1989,"Pupil-teacher ratio, tertiary",SE.TER.ENRL.TC.ZS,17.133
Nigeria,NGA,1986,"Pupil-teacher ratio, tertiary",SE.TER.ENRL.TC.ZS,14.80727
Nigeria,NGA,1982,"Pupil-teacher ratio, tertiary",SE.TER.ENRL.TC.ZS,12.27051
Nigeria,NGA,1981,"Pupil-teacher ratio, tertiary",SE.TER.ENRL.TC.ZS,13.97058
Nigeria,NGA,2011,"School enrollment, tertiary (% gross)",SE.TER.ENRR,9.74153350922586
Nigeria,NGA,2010,"School enrollment, tertiary (% gross)",SE.TER.ENRR,9.21187548100134
Nigeria,NGA,2005,"School enrollment, tertiary (% gross)",SE.TER.ENRR,10.0968999862671
Nigeria,NGA,2004,"School enrollment, tertiary (% gross)",SE.TER.ENRR,9.52007961273193
Nigeria,NGA,2003,"School enrollment, tertiary (% gross)",SE.TER.ENRR,9.28291988372803
Nigeria,NGA,1999,"School enrollment, tertiary (% gross)",SE.TER.ENRR,5.80225992202759
Nigeria,NGA,1989,"School enrollment, tertiary (% gross)",SE.TER.ENRR,4.0863299369812
Nigeria,NGA,1988,"School enrollment, tertiary (% gross)",SE.TER.ENRR,3.82961988449097
Nigeria,NGA,1987,"School enrollment, tertiary (% gross)",SE.TER.ENRR,3.47396993637085
Nigeria,NGA,1986,"School enrollment, tertiary (% gross)",SE.TER.ENRR,3.56057000160217
Nigeria,NGA,1985,"School enrollment, tertiary (% gross)",SE.TER.ENRR,3.41904997825623
Nigeria,NGA,1984,"School enrollment, tertiary (% gross)",SE.TER.ENRR,3.03946995735169
Nigeria,NGA,1983,"School enrollment, tertiary (% gross)",SE.TER.ENRR,2.88541007041931
Nigeria,NGA,1982,"School enrollment, tertiary (% gross)",SE.TER.ENRR,2.708899974823
Nigeria,NGA,1981,"School enrollment, tertiary (% gross)",SE.TER.ENRR,2.36316990852356
Nigeria,NGA,1980,"School enrollment, tertiary (% gross)",SE.TER.ENRR,1.86968994140625
Nigeria,NGA,1979,"School enrollment, tertiary (% gross)",SE.TER.ENRR,1.63014996051788
Nigeria,NGA,1978,"School enrollment, tertiary (% gross)",SE.TER.ENRR,1.1761599779129
Nigeria,NGA,1977,"School enrollment, tertiary (% gross)",SE.TER.ENRR,1.04461002349853
Nigeria,NGA,1976,"School enrollment, tertiary (% gross)",SE.TER.ENRR,0.819750010967255
Nigeria,NGA,1975,"School enrollment, tertiary (% gross)",SE.TER.ENRR,0.741649985313416
Nigeria,NGA,2011,"School enrollment, tertiary, female (% gross)",SE.TER.ENRR.FE,7.95963251582982
Nigeria,NGA,2010,"School enrollment, tertiary, female (% gross)",SE.TER.ENRR.FE,7.82234701118863
Nigeria,NGA,2005,"School enrollment, tertiary, female (% gross)",SE.TER.ENRR.FE,8.32108974456787
Nigeria,NGA,2004,"School enrollment, tertiary, female (% gross)",SE.TER.ENRR.FE,7.84289979934692
Nigeria,NGA,2003,"School enrollment, tertiary, female (% gross)",SE.TER.ENRR.FE,7.51090002059937
Nigeria,NGA,1999,"School enrollment, tertiary, female (% gross)",SE.TER.ENRR.FE,5.05866003036499
Nigeria,NGA,1989,"School enrollment, tertiary, female (% gross)",SE.TER.ENRR.FE,1.97748994827271
Nigeria,NGA,1988,"School enrollment, tertiary, female (% gross)",SE.TER.ENRR.FE,1.91918003559113
Nigeria,NGA,1987,"School enrollment, tertiary, female (% gross)",SE.TER.ENRR.FE,1.95281994342804
Nigeria,NGA,1986,"School enrollment, tertiary, female (% gross)",SE.TER.ENRR.FE,1.87554001808167
Nigeria,NGA,1985,"School enrollment, tertiary, female (% gross)",SE.TER.ENRR.FE,1.74040997028351
Nigeria,NGA,2011,"School enrollment, tertiary, male (% gross)",SE.TER.ENRR.MA,11.4680780413121
Nigeria,NGA,2010,"School enrollment, tertiary, male (% gross)",SE.TER.ENRR.MA,10.5607828603244
Nigeria,NGA,2005,"School enrollment, tertiary, male (% gross)",SE.TER.ENRR.MA,11.8305501937866
Nigeria,NGA,2004,"School enrollment, tertiary, male (% gross)",SE.TER.ENRR.MA,11.1586103439331
Nigeria,NGA,2003,"School enrollment, tertiary, male (% gross)",SE.TER.ENRR.MA,11.0154600143433
Nigeria,NGA,1999,"School enrollment, tertiary, male (% gross)",SE.TER.ENRR.MA,6.53259992599487
Nigeria,NGA,1989,"School enrollment, tertiary, male (% gross)",SE.TER.ENRR.MA,6.19818019866943
Nigeria,NGA,1988,"School enrollment, tertiary, male (% gross)",SE.TER.ENRR.MA,5.75006008148193
Nigeria,NGA,1987,"School enrollment, tertiary, male (% gross)",SE.TER.ENRR.MA,5.0097599029541
Nigeria,NGA,1986,"School enrollment, tertiary, male (% gross)",SE.TER.ENRR.MA,5.26913022994995
Nigeria,NGA,1985,"School enrollment, tertiary, male (% gross)",SE.TER.ENRR.MA,5.13773012161255
Nigeria,NGA,2011,"Tertiary education, academic staff (% female)",SE.TER.TCHR.FE.ZS,27.4684583799925
Nigeria,NGA,2010,"Tertiary education, academic staff (% female)",SE.TER.TCHR.FE.ZS,11.6251566554287
Nigeria,NGA,2004,"Tertiary education, academic staff (% female)",SE.TER.TCHR.FE.ZS,17.1396903991699
Nigeria,NGA,1999,"Tertiary education, academic staff (% female)",SE.TER.TCHR.FE.ZS,31.4206104278564
Nigeria,NGA,1986,"Tertiary education, academic staff (% female)",SE.TER.TCHR.FE.ZS,12.9150495529175
Nigeria,NGA,1975,Expenditure on primary education (% of government expenditure on education),SE.XPD.PRIM.ZS,16.35251
Nigeria,NGA,1974,Expenditure on primary education (% of government expenditure on education),SE.XPD.PRIM.ZS,23.97476
Nigeria,NGA,1975,Expenditure on secondary education (% of government expenditure on education),SE.XPD.SECO.ZS,28.49893
Nigeria,NGA,1974,Expenditure on secondary education (% of government expenditure on education),SE.XPD.SECO.ZS,26.9519
Nigeria,NGA,1975,Expenditure on tertiary education (% of government expenditure on education),SE.XPD.TERT.ZS,43.06125
Nigeria,NGA,1974,Expenditure on tertiary education (% of government expenditure on education),SE.XPD.TERT.ZS,32.88228
Nigeria,NGA,2024,"Government expenditure on education, total (% of government expenditure)",SE.XPD.TOTL.GB.ZS,2.97849705324029
Nigeria,NGA,2023,"Government expenditure on education, total (% of government expenditure)",SE.XPD.TOTL.GB.ZS,3.64727250236162
Nigeria,NGA,2022,"Government expenditure on education, total (% of government expenditure)",SE.XPD.TOTL.GB.ZS,4.30281801083668
Nigeria,NGA,2021,"Government expenditure on education, total (% of government expenditure)",SE.XPD.TOTL.GB.ZS,5.14022597192675
Nigeria,NGA,2020,"Government expenditure on education, total (% of government expenditure)",SE.XPD.TOTL.GB.ZS,5.13143662120452
Nigeria,NGA,2019,"Government expenditure on education, total (% of government expenditure)",SE.XPD.TOTL.GB.ZS,5.85497185166093
Nigeria,NGA,2018,"Government expenditure on education, total (% of government expenditure)",SE.XPD.TOTL.GB.ZS,5.94455212092506
Nigeria,NGA,2017,"Government expenditure on education, total (% of government expenditure)",SE.XPD.TOTL.GB.ZS,6.12010547762816
Nigeria,NGA,2016,"Government expenditure on education, total (% of government expenditure)",SE.XPD.TOTL.GB.ZS,6.65219728520483
Nigeria,NGA,2015,"Government expenditure on education, total (% of government expenditure)",SE.XPD.TOTL.GB.ZS,9.25551076252104
Nigeria,NGA,2014,"Government expenditure on education, total (% of government expenditure)",SE.XPD.TOTL.GB.ZS,9.03718763815735
Nigeria,NGA,2013,"Government expenditure on education, total (% of government expenditure)",SE.XPD.TOTL.GB.ZS,8.67739295298641
Nigeria,NGA,2012,"Government expenditure on education, total (% of government expenditure)",SE.XPD.TOTL.GB.ZS,8.54788143094428
Nigeria,NGA,2023,"Government expenditure on education, total (% of GDP)",SE.XPD.TOTL.GD.ZS,0.319069049792343
Nigeria,NGA,2022,"Government expenditure on education, total (% of GDP)",SE.XPD.TOTL.GD.ZS,0.348516707890877
Nigeria,NGA,2021,"Government expenditure on education, total (% of GDP)",SE.XPD.TOTL.GD.ZS,0.381919104397325
Nigeria,NGA,2020,"Government expenditure on education, total (% of GDP)",SE.XPD.TOTL.GD.ZS,0.35963763718498
Nigeria,NGA,2019,"Government expenditure on education, total (% of GDP)",SE.XPD.TOTL.GD.ZS,0.358479005206684
Nigeria,NGA,2018,"Government expenditure on education, total (% of GDP)",SE.XPD.TOTL.GD.ZS,0.419998493796127
Nigeria,NGA,2017,"Government expenditure on education, total (% of GDP)",SE.XPD.TOTL.GD.ZS,0.396354013591345
Nigeria,NGA,2016,"Government expenditure on education, total (% of GDP)",SE.XPD.TOTL.GD.ZS,0.393045646249364
Nigeria,NGA,2015,"Government expenditure on education, total (% of GDP)",SE.XPD.TOTL.GD.ZS,0.436954905120644
Nigeria,NGA,2014,"Government expenditure on education, total (% of GDP)",SE.XPD.TOTL.GD.ZS,0.470742539133469
Nigeria,NGA,2013,"Government expenditure on education, total (% of GDP)",SE.XPD.TOTL.GD.ZS,0.534206768008091
Nigeria,NGA,2012,"Government expenditure on education, total (% of GDP)",SE.XPD.TOTL.GD.ZS,0.549233086121929
Nigeria,NGA,1975,"Government expenditure on education, total (% of GDP)",SE.XPD.TOTL.GD.ZS,3.0636899471283
Nigeria,NGA,1974,"Government expenditure on education, total (% of GDP)",SE.XPD.TOTL.GD.ZS,3.21017003059387
Nigeria,NGA,2024,Number of deaths ages 5-9 years,SH.DTH.0509,86235
Nigeria,NGA,2023,Number of deaths ages 5-9 years,SH.DTH.0509,86969
Nigeria,NGA,2022,Number of deaths ages 5-9 years,SH.DTH.0509,87044
Nigeria,NGA,2021,Number of deaths ages 5-9 years,SH.DTH.0509,86560
Nigeria,NGA,2020,Number of deaths ages 5-9 years,SH.DTH.0509,85710
Nigeria,NGA,2019,Number of deaths ages 5-9 years,SH.DTH.0509,84607
Nigeria,NGA,2018,Number of deaths ages 5-9 years,SH.DTH.0509,83360
Nigeria,NGA,2017,Number of deaths ages 5-9 years,SH.DTH.0509,82014
Nigeria,NGA,2016,Number of deaths ages 5-9 years,SH.DTH.0509,80726
Nigeria,NGA,2015,Number of deaths ages 5-9 years,SH.DTH.0509,79407
Nigeria,NGA,2014,Number of deaths ages 5-9 years,SH.DTH.0509,78276
Nigeria,NGA,2013,Number of deaths ages 5-9 years,SH.DTH.0509,77296
Nigeria,NGA,2012,Number of deaths ages 5-9 years,SH.DTH.0509,76429
Nigeria,NGA,2011,Number of deaths ages 5-9 years,SH.DTH.0509,75744
Nigeria,NGA,2010,Number of deaths ages 5-9 years,SH.DTH.0509,75229
Nigeria,NGA,2009,Number of deaths ages 5-9 years,SH.DTH.0509,74664
Nigeria,NGA,2008,Number of deaths ages 5-9 years,SH.DTH.0509,73904
Nigeria,NGA,2007,Number of deaths ages 5-9 years,SH.DTH.0509,73251
Nigeria,NGA,2006,Number of deaths ages 5-9 years,SH.DTH.0509,72715
Nigeria,NGA,2005,Number of deaths ages 5-9 years,SH.DTH.0509,72194
Nigeria,NGA,2004,Number of deaths ages 5-9 years,SH.DTH.0509,71858
Nigeria,NGA,2003,Number of deaths ages 5-9 years,SH.DTH.0509,71760
Nigeria,NGA,2002,Number of deaths ages 5-9 years,SH.DTH.0509,71784
Nigeria,NGA,2001,Number of deaths ages 5-9 years,SH.DTH.0509,71685
Nigeria,NGA,2000,Number of deaths ages 5-9 years,SH.DTH.0509,71683
Nigeria,NGA,1999,Number of deaths ages 5-9 years,SH.DTH.0509,71776
Nigeria,NGA,1998,Number of deaths ages 5-9 years,SH.DTH.0509,71829
Nigeria,NGA,1997,Number of deaths ages 5-9 years,SH.DTH.0509,71826
Nigeria,NGA,1996,Number of deaths ages 5-9 years,SH.DTH.0509,71851
Nigeria,NGA,1995,Number of deaths ages 5-9 years,SH.DTH.0509,71795
Nigeria,NGA,1994,Number of deaths ages 5-9 years,SH.DTH.0509,71757
Nigeria,NGA,1993,Number of deaths ages 5-9 years,SH.DTH.0509,71772
Nigeria,NGA,1992,Number of deaths ages 5-9 years,SH.DTH.0509,71835
Nigeria,NGA,1991,Number of deaths ages 5-9 years,SH.DTH.0509,71691
Nigeria,NGA,1990,Number of deaths ages 5-9 years,SH.DTH.0509,71487
Nigeria,NGA,2024,Number of deaths ages 10-14 years,SH.DTH.1014,52496
Nigeria,NGA,2023,Number of deaths ages 10-14 years,SH.DTH.1014,51714
Nigeria,NGA,2022,Number of deaths ages 10-14 years,SH.DTH.1014,50786
Nigeria,NGA,2021,Number of deaths ages 10-14 years,SH.DTH.1014,49539
Nigeria,NGA,2020,Number of deaths ages 10-14 years,SH.DTH.1014,48235
Nigeria,NGA,2019,Number of deaths ages 10-14 years,SH.DTH.1014,46930
Nigeria,NGA,2018,Number of deaths ages 10-14 years,SH.DTH.1014,45583
Nigeria,NGA,2017,Number of deaths ages 10-14 years,SH.DTH.1014,44358
Nigeria,NGA,2016,Number of deaths ages 10-14 years,SH.DTH.1014,43219
Nigeria,NGA,2015,Number of deaths ages 10-14 years,SH.DTH.1014,42078
Nigeria,NGA,2014,Number of deaths ages 10-14 years,SH.DTH.1014,40954
Nigeria,NGA,2013,Number of deaths ages 10-14 years,SH.DTH.1014,39857
Nigeria,NGA,2012,Number of deaths ages 10-14 years,SH.DTH.1014,38803
Nigeria,NGA,2011,Number of deaths ages 10-14 years,SH.DTH.1014,37855
Nigeria,NGA,2010,Number of deaths ages 10-14 years,SH.DTH.1014,37021
Nigeria,NGA,2009,Number of deaths ages 10-14 years,SH.DTH.1014,36332
Nigeria,NGA,2008,Number of deaths ages 10-14 years,SH.DTH.1014,35747
Nigeria,NGA,2007,Number of deaths ages 10-14 years,SH.DTH.1014,35230
Nigeria,NGA,2006,Number of deaths ages 10-14 years,SH.DTH.1014,34717
Nigeria,NGA,2005,Number of deaths ages 10-14 years,SH.DTH.1014,34248
Nigeria,NGA,2004,Number of deaths ages 10-14 years,SH.DTH.1014,33857
Nigeria,NGA,2003,Number of deaths ages 10-14 years,SH.DTH.1014,33539
Nigeria,NGA,2002,Number of deaths ages 10-14 years,SH.DTH.1014,33242
Nigeria,NGA,2001,Number of deaths ages 10-14 years,SH.DTH.1014,33033
Nigeria,NGA,2000,Number of deaths ages 10-14 years,SH.DTH.1014,32924
Nigeria,NGA,1999,Number of deaths ages 10-14 years,SH.DTH.1014,32911
Nigeria,NGA,1998,Number of deaths ages 10-14 years,SH.DTH.1014,32960
Nigeria,NGA,1997,Number of deaths ages 10-14 years,SH.DTH.1014,33069
Nigeria,NGA,1996,Number of deaths ages 10-14 years,SH.DTH.1014,33084
Nigeria,NGA,1995,Number of deaths ages 10-14 years,SH.DTH.1014,33048
Nigeria,NGA,1994,Number of deaths ages 10-14 years,SH.DTH.1014,32979
Nigeria,NGA,1993,Number of deaths ages 10-14 years,SH.DTH.1014,32743
Nigeria,NGA,1992,Number of deaths ages 10-14 years,SH.DTH.1014,32490
Nigeria,NGA,1991,Number of deaths ages 10-14 years,SH.DTH.1014,32112
Nigeria,NGA,1990,Number of deaths ages 10-14 years,SH.DTH.1014,31663
Nigeria,NGA,2024,Number of deaths ages 15-19 years,SH.DTH.1519,36104
Nigeria,NGA,2023,Number of deaths ages 15-19 years,SH.DTH.1519,35822
Nigeria,NGA,2022,Number of deaths ages 15-19 years,SH.DTH.1519,35566
Nigeria,NGA,2021,Number of deaths ages 15-19 years,SH.DTH.1519,35189
Nigeria,NGA,2020,Number of deaths ages 15-19 years,SH.DTH.1519,34740
Nigeria,NGA,2019,Number of deaths ages 15-19 years,SH.DTH.1519,34220
Nigeria,NGA,2018,Number of deaths ages 15-19 years,SH.DTH.1519,33664
Nigeria,NGA,2017,Number of deaths ages 15-19 years,SH.DTH.1519,33156
Nigeria,NGA,2016,Number of deaths ages 15-19 years,SH.DTH.1519,32623
Nigeria,NGA,2015,Number of deaths ages 15-19 years,SH.DTH.1519,32199
Nigeria,NGA,2014,Number of deaths ages 15-19 years,SH.DTH.1519,31892
Nigeria,NGA,2013,Number of deaths ages 15-19 years,SH.DTH.1519,31726
Nigeria,NGA,2012,Number of deaths ages 15-19 years,SH.DTH.1519,31600
Nigeria,NGA,2011,Number of deaths ages 15-19 years,SH.DTH.1519,31502
Nigeria,NGA,2010,Number of deaths ages 15-19 years,SH.DTH.1519,31418
Nigeria,NGA,2009,Number of deaths ages 15-19 years,SH.DTH.1519,31455
Nigeria,NGA,2008,Number of deaths ages 15-19 years,SH.DTH.1519,31524
Nigeria,NGA,2007,Number of deaths ages 15-19 years,SH.DTH.1519,31659
Nigeria,NGA,2006,Number of deaths ages 15-19 years,SH.DTH.1519,31887
Nigeria,NGA,2005,Number of deaths ages 15-19 years,SH.DTH.1519,32087
Nigeria,NGA,2004,Number of deaths ages 15-19 years,SH.DTH.1519,32344
Nigeria,NGA,2003,Number of deaths ages 15-19 years,SH.DTH.1519,32669
Nigeria,NGA,2002,Number of deaths ages 15-19 years,SH.DTH.1519,33040
Nigeria,NGA,2001,Number of deaths ages 15-19 years,SH.DTH.1519,33453
Nigeria,NGA,2000,Number of deaths ages 15-19 years,SH.DTH.1519,33852
Nigeria,NGA,1999,Number of deaths ages 15-19 years,SH.DTH.1519,34206
Nigeria,NGA,1998,Number of deaths ages 15-19 years,SH.DTH.1519,34512
Nigeria,NGA,1997,Number of deaths ages 15-19 years,SH.DTH.1519,34864
Nigeria,NGA,1996,Number of deaths ages 15-19 years,SH.DTH.1519,35065
Nigeria,NGA,1995,Number of deaths ages 15-19 years,SH.DTH.1519,35198
Nigeria,NGA,1994,Number of deaths ages 15-19 years,SH.DTH.1519,35167
Nigeria,NGA,1993,Number of deaths ages 15-19 years,SH.DTH.1519,34994
Nigeria,NGA,1992,Number of deaths ages 15-19 years,SH.DTH.1519,34794
Nigeria,NGA,1991,Number of deaths ages 15-19 years,SH.DTH.1519,34514
Nigeria,NGA,1990,Number of deaths ages 15-19 years,SH.DTH.1519,34259
Nigeria,NGA,2024,Number of deaths ages 20-24 years,SH.DTH.2024,38113
Nigeria,NGA,2023,Number of deaths ages 20-24 years,SH.DTH.2024,37427
Nigeria,NGA,2022,Number of deaths ages 20-24 years,SH.DTH.2024,37022
Nigeria,NGA,2021,Number of deaths ages 20-24 years,SH.DTH.2024,36731
Nigeria,NGA,2020,Number of deaths ages 20-24 years,SH.DTH.2024,36458
Nigeria,NGA,2019,Number of deaths ages 20-24 years,SH.DTH.2024,36303
Nigeria,NGA,2018,Number of deaths ages 20-24 years,SH.DTH.2024,36302
Nigeria,NGA,2017,Number of deaths ages 20-24 years,SH.DTH.2024,36264
Nigeria,NGA,2016,Number of deaths ages 20-24 years,SH.DTH.2024,36182
Nigeria,NGA,2015,Number of deaths ages 20-24 years,SH.DTH.2024,36190
Nigeria,NGA,2014,Number of deaths ages 20-24 years,SH.DTH.2024,36263
Nigeria,NGA,2013,Number of deaths ages 20-24 years,SH.DTH.2024,36364
Nigeria,NGA,2012,Number of deaths ages 20-24 years,SH.DTH.2024,36479
Nigeria,NGA,2011,Number of deaths ages 20-24 years,SH.DTH.2024,36573
Nigeria,NGA,2010,Number of deaths ages 20-24 years,SH.DTH.2024,36712
Nigeria,NGA,2009,Number of deaths ages 20-24 years,SH.DTH.2024,36925
Nigeria,NGA,2008,Number of deaths ages 20-24 years,SH.DTH.2024,37260
Nigeria,NGA,2007,Number of deaths ages 20-24 years,SH.DTH.2024,37665
Nigeria,NGA,2006,Number of deaths ages 20-24 years,SH.DTH.2024,38016
Nigeria,NGA,2005,Number of deaths ages 20-24 years,SH.DTH.2024,38344
Nigeria,NGA,2004,Number of deaths ages 20-24 years,SH.DTH.2024,38541
Nigeria,NGA,2003,Number of deaths ages 20-24 years,SH.DTH.2024,38675
Nigeria,NGA,2002,Number of deaths ages 20-24 years,SH.DTH.2024,38698
Nigeria,NGA,2001,Number of deaths ages 20-24 years,SH.DTH.2024,38616
Nigeria,NGA,2000,Number of deaths ages 20-24 years,SH.DTH.2024,38380
Nigeria,NGA,1999,Number of deaths ages 20-24 years,SH.DTH.2024,37975
Nigeria,NGA,1998,Number of deaths ages 20-24 years,SH.DTH.2024,37419
Nigeria,NGA,1997,Number of deaths ages 20-24 years,SH.DTH.2024,36820
Nigeria,NGA,1996,Number of deaths ages 20-24 years,SH.DTH.2024,36185
Nigeria,NGA,1995,Number of deaths ages 20-24 years,SH.DTH.2024,35573
Nigeria,NGA,1994,Number of deaths ages 20-24 years,SH.DTH.2024,34915
Nigeria,NGA,1993,Number of deaths ages 20-24 years,SH.DTH.2024,34332
Nigeria,NGA,1992,Number of deaths ages 20-24 years,SH.DTH.2024,33863
Nigeria,NGA,1991,Number of deaths ages 20-24 years,SH.DTH.2024,33447
Nigeria,NGA,1990,Number of deaths ages 20-24 years,SH.DTH.2024,33097
Nigeria,NGA,2024,"Probability of dying among children ages 5-9 years (per 1,000)",SH.DYN.0509,13.5
Nigeria,NGA,2023,"Probability of dying among children ages 5-9 years (per 1,000)",SH.DYN.0509,13.6
Nigeria,NGA,2022,"Probability of dying among children ages 5-9 years (per 1,000)",SH.DYN.0509,13.7
Nigeria,NGA,2021,"Probability of dying among children ages 5-9 years (per 1,000)",SH.DYN.0509,13.7
Nigeria,NGA,2020,"Probability of dying among children ages 5-9 years (per 1,000)",SH.DYN.0509,13.7
Nigeria,NGA,2019,"Probability of dying among children ages 5-9 years (per 1,000)",SH.DYN.0509,13.7
Nigeria,NGA,2018,"Probability of dying among children ages 5-9 years (per 1,000)",SH.DYN.0509,13.8
Nigeria,NGA,2017,"Probability of dying among children ages 5-9 years (per 1,000)",SH.DYN.0509,13.8
Nigeria,NGA,2016,"Probability of dying among children ages 5-9 years (per 1,000)",SH.DYN.0509,13.9
Nigeria,NGA,2015,"Probability of dying among children ages 5-9 years (per 1,000)",SH.DYN.0509,14.1
Nigeria,NGA,2014,"Probability of dying among children ages 5-9 years (per 1,000)",SH.DYN.0509,14.2
Nigeria,NGA,2013,"Probability of dying among children ages 5-9 years (per 1,000)",SH.DYN.0509,14.4
Nigeria,NGA,2012,"Probability of dying among children ages 5-9 years (per 1,000)",SH.DYN.0509,14.7
Nigeria,NGA,2011,"Probability of dying among children ages 5-9 years (per 1,000)",SH.DYN.0509,15
Nigeria,NGA,2010,"Probability of dying among children ages 5-9 years (per 1,000)",SH.DYN.0509,15.3
Nigeria,NGA,2009,"Probability of dying among children ages 5-9 years (per 1,000)",SH.DYN.0509,15.7
Nigeria,NGA,2008,"Probability of dying among children ages 5-9 years (per 1,000)",SH.DYN.0509,16.1
Nigeria,NGA,2007,"Probability of dying among children ages 5-9 years (per 1,000)",SH.DYN.0509,16.5
Nigeria,NGA,2006,"Probability of dying among children ages 5-9 years (per 1,000)",SH.DYN.0509,17
Nigeria,NGA,2005,"Probability of dying among children ages 5-9 years (per 1,000)",SH.DYN.0509,17.4
Nigeria,NGA,2004,"Probability of dying among children ages 5-9 years (per 1,000)",SH.DYN.0509,17.9
Nigeria,NGA,2003,"Probability of dying among children ages 5-9 years (per 1,000)",SH.DYN.0509,18.4
Nigeria,NGA,2002,"Probability of dying among children ages 5-9 years (per 1,000)",SH.DYN.0509,18.9
Nigeria,NGA,2001,"Probability of dying among children ages 5-9 years (per 1,000)",SH.DYN.0509,19.4
Nigeria,NGA,2000,"Probability of dying among children ages 5-9 years (per 1,000)",SH.DYN.0509,19.9
Nigeria,NGA,1999,"Probability of dying among children ages 5-9 years (per 1,000)",SH.DYN.0509,20.5
Nigeria,NGA,1998,"Probability of dying among children ages 5-9 years (per 1,000)",SH.DYN.0509,21
Nigeria,NGA,1997,"Probability of dying among children ages 5-9 years (per 1,000)",SH.DYN.0509,21.5
Nigeria,NGA,1996,"Probability of dying among children ages 5-9 years (per 1,000)",SH.DYN.0509,22.1
Nigeria,NGA,1995,"Probability of dying among children ages 5-9 years (per 1,000)",SH.DYN.0509,22.5
Nigeria,NGA,1994,"Probability of dying among children ages 5-9 years (per 1,000)",SH.DYN.0509,23
Nigeria,NGA,1993,"Probability of dying among children ages 5-9 years (per 1,000)",SH.DYN.0509,23.4
Nigeria,NGA,1992,"Probability of dying among children ages 5-9 years (per 1,000)",SH.DYN.0509,23.8
Nigeria,NGA,1991,"Probability of dying among children ages 5-9 years (per 1,000)",SH.DYN.0509,24.1
Nigeria,NGA,1990,"Probability of dying among children ages 5-9 years (per 1,000)",SH.DYN.0509,24.5
Nigeria,NGA,2024,"Probability of dying among adolescents ages 10-14 years (per 1,000)",SH.DYN.1014,8.8
Nigeria,NGA,2023,"Probability of dying among adolescents ages 10-14 years (per 1,000)",SH.DYN.1014,8.8
Nigeria,NGA,2022,"Probability of dying among adolescents ages 10-14 years (per 1,000)",SH.DYN.1014,8.8
Nigeria,NGA,2021,"Probability of dying among adolescents ages 10-14 years (per 1,000)",SH.DYN.1014,8.8
Nigeria,NGA,2020,"Probability of dying among adolescents ages 10-14 years (per 1,000)",SH.DYN.1014,8.8
Nigeria,NGA,2019,"Probability of dying among adolescents ages 10-14 years (per 1,000)",SH.DYN.1014,8.8
Nigeria,NGA,2018,"Probability of dying among adolescents ages 10-14 years (per 1,000)",SH.DYN.1014,8.8
Nigeria,NGA,2017,"Probability of dying among adolescents ages 10-14 years (per 1,000)",SH.DYN.1014,8.8
Nigeria,NGA,2016,"Probability of dying among adolescents ages 10-14 years (per 1,000)",SH.DYN.1014,8.8
Nigeria,NGA,2015,"Probability of dying among adolescents ages 10-14 years (per 1,000)",SH.DYN.1014,8.9
Nigeria,NGA,2014,"Probability of dying among adolescents ages 10-14 years (per 1,000)",SH.DYN.1014,8.9
Nigeria,NGA,2013,"Probability of dying among adolescents ages 10-14 years (per 1,000)",SH.DYN.1014,9
Nigeria,NGA,2012,"Probability of dying among adolescents ages 10-14 years (per 1,000)",SH.DYN.1014,9.1
Nigeria,NGA,2011,"Probability of dying among adolescents ages 10-14 years (per 1,000)",SH.DYN.1014,9.1
Nigeria,NGA,2010,"Probability of dying among adolescents ages 10-14 years (per 1,000)",SH.DYN.1014,9.2
Nigeria,NGA,2009,"Probability of dying among adolescents ages 10-14 years (per 1,000)",SH.DYN.1014,9.4
Nigeria,NGA,2008,"Probability of dying among adolescents ages 10-14 years (per 1,000)",SH.DYN.1014,9.5
Nigeria,NGA,2007,"Probability of dying among adolescents ages 10-14 years (per 1,000)",SH.DYN.1014,9.6
Nigeria,NGA,2006,"Probability of dying among adolescents ages 10-14 years (per 1,000)",SH.DYN.1014,9.7
Nigeria,NGA,2005,"Probability of dying among adolescents ages 10-14 years (per 1,000)",SH.DYN.1014,9.9
Nigeria,NGA,2004,"Probability of dying among adolescents ages 10-14 years (per 1,000)",SH.DYN.1014,10
Nigeria,NGA,2003,"Probability of dying among adolescents ages 10-14 years (per 1,000)",SH.DYN.1014,10.2
Nigeria,NGA,2002,"Probability of dying among adolescents ages 10-14 years (per 1,000)",SH.DYN.1014,10.4
Nigeria,NGA,2001,"Probability of dying among adolescents ages 10-14 years (per 1,000)",SH.DYN.1014,10.5
Nigeria,NGA,2000,"Probability of dying among adolescents ages 10-14 years (per 1,000)",SH.DYN.1014,10.7
Nigeria,NGA,1999,"Probability of dying among adolescents ages 10-14 years (per 1,000)",SH.DYN.1014,11
Nigeria,NGA,1998,"Probability of dying among adolescents ages 10-14 years (per 1,000)",SH.DYN.1014,11.2
Nigeria,NGA,1997,"Probability of dying among adolescents ages 10-14 years (per 1,000)",SH.DYN.1014,11.4
Nigeria,NGA,1996,"Probability of dying among adolescents ages 10-14 years (per 1,000)",SH.DYN.1014,11.6
Nigeria,NGA,1995,"Probability of dying among adolescents ages 10-14 years (per 1,000)",SH.DYN.1014,11.8
Nigeria,NGA,1994,"Probability of dying among adolescents ages 10-14 years (per 1,000)",SH.DYN.1014,12
Nigeria,NGA,1993,"Probability of dying among adolescents ages 10-14 years (per 1,000)",SH.DYN.1014,12.2
Nigeria,NGA,1992,"Probability of dying among adolescents ages 10-14 years (per 1,000)",SH.DYN.1014,12.4
Nigeria,NGA,1991,"Probability of dying among adolescents ages 10-14 years (per 1,000)",SH.DYN.1014,12.6
Nigeria,NGA,1990,"Probability of dying among adolescents ages 10-14 years (per 1,000)",SH.DYN.1014,12.8
Nigeria,NGA,2024,"Probability of dying among adolescents ages 15-19 years (per 1,000)",SH.DYN.1519,6.9
Nigeria,NGA,2023,"Probability of dying among adolescents ages 15-19 years (per 1,000)",SH.DYN.1519,7.1
Nigeria,NGA,2022,"Probability of dying among adolescents ages 15-19 years (per 1,000)",SH.DYN.1519,7.2
Nigeria,NGA,2021,"Probability of dying among adolescents ages 15-19 years (per 1,000)",SH.DYN.1519,7.3
Nigeria,NGA,2020,"Probability of dying among adolescents ages 15-19 years (per 1,000)",SH.DYN.1519,7.5
Nigeria,NGA,2019,"Probability of dying among adolescents ages 15-19 years (per 1,000)",SH.DYN.1519,7.6
Nigeria,NGA,2018,"Probability of dying among adolescents ages 15-19 years (per 1,000)",SH.DYN.1519,7.7
Nigeria,NGA,2017,"Probability of dying among adolescents ages 15-19 years (per 1,000)",SH.DYN.1519,7.9
Nigeria,NGA,2016,"Probability of dying among adolescents ages 15-19 years (per 1,000)",SH.DYN.1519,8.1
Nigeria,NGA,2015,"Probability of dying among adolescents ages 15-19 years (per 1,000)",SH.DYN.1519,8.2
Nigeria,NGA,2014,"Probability of dying among adolescents ages 15-19 years (per 1,000)",SH.DYN.1519,8.4
Nigeria,NGA,2013,"Probability of dying among adolescents ages 15-19 years (per 1,000)",SH.DYN.1519,8.6
Nigeria,NGA,2012,"Probability of dying among adolescents ages 15-19 years (per 1,000)",SH.DYN.1519,8.8
Nigeria,NGA,2011,"Probability of dying among adolescents ages 15-19 years (per 1,000)",SH.DYN.1519,9
Nigeria,NGA,2010,"Probability of dying among adolescents ages 15-19 years (per 1,000)",SH.DYN.1519,9.3
Nigeria,NGA,2009,"Probability of dying among adolescents ages 15-19 years (per 1,000)",SH.DYN.1519,9.5
Nigeria,NGA,2008,"Probability of dying among adolescents ages 15-19 years (per 1,000)",SH.DYN.1519,9.8
Nigeria,NGA,2007,"Probability of dying among adolescents ages 15-19 years (per 1,000)",SH.DYN.1519,10.1
Nigeria,NGA,2006,"Probability of dying among adolescents ages 15-19 years (per 1,000)",SH.DYN.1519,10.4
Nigeria,NGA,2005,"Probability of dying among adolescents ages 15-19 years (per 1,000)",SH.DYN.1519,10.7
Nigeria,NGA,2004,"Probability of dying among adolescents ages 15-19 years (per 1,000)",SH.DYN.1519,11
Nigeria,NGA,2003,"Probability of dying among adolescents ages 15-19 years (per 1,000)",SH.DYN.1519,11.3
Nigeria,NGA,2002,"Probability of dying among adolescents ages 15-19 years (per 1,000)",SH.DYN.1519,11.6
Nigeria,NGA,2001,"Probability of dying among adolescents ages 15-19 years (per 1,000)",SH.DYN.1519,12
Nigeria,NGA,2000,"Probability of dying among adolescents ages 15-19 years (per 1,000)",SH.DYN.1519,12.3
Nigeria,NGA,1999,"Probability of dying among adolescents ages 15-19 years (per 1,000)",SH.DYN.1519,12.7
Nigeria,NGA,1998,"Probability of dying among adolescents ages 15-19 years (per 1,000)",SH.DYN.1519,13.1
Nigeria,NGA,1997,"Probability of dying among adolescents ages 15-19 years (per 1,000)",SH.DYN.1519,13.6
Nigeria,NGA,1996,"Probability of dying among adolescents ages 15-19 years (per 1,000)",SH.DYN.1519,14
Nigeria,NGA,1995,"Probability of dying among adolescents ages 15-19 years (per 1,000)",SH.DYN.1519,14.5
Nigeria,NGA,1994,"Probability of dying among adolescents ages 15-19 years (per 1,000)",SH.DYN.1519,15
Nigeria,NGA,1993,"Probability of dying among adolescents ages 15-19 years (per 1,000)",SH.DYN.1519,15.5
Nigeria,NGA,1992,"Probability of dying among adolescents ages 15-19 years (per 1,000)",SH.DYN.1519,16.1
Nigeria,NGA,1991,"Probability of dying among adolescents ages 15-19 years (per 1,000)",SH.DYN.1519,16.6
Nigeria,NGA,1990,"Probability of dying among adolescents ages 15-19 years (per 1,000)",SH.DYN.1519,17.2
Nigeria,NGA,2024,"Probability of dying among youth ages 20-24 years (per 1,000)",SH.DYN.2024,8.7
Nigeria,NGA,2023,"Probability of dying among youth ages 20-24 years (per 1,000)",SH.DYN.2024,8.9
Nigeria,NGA,2022,"Probability of dying among youth ages 20-24 years (per 1,000)",SH.DYN.2024,9.1
Nigeria,NGA,2021,"Probability of dying among youth ages 20-24 years (per 1,000)",SH.DYN.2024,9.3
Nigeria,NGA,2020,"Probability of dying among youth ages 20-24 years (per 1,000)",SH.DYN.2024,9.6
Nigeria,NGA,2019,"Probability of dying among youth ages 20-24 years (per 1,000)",SH.DYN.2024,9.8
Nigeria,NGA,2018,"Probability of dying among youth ages 20-24 years (per 1,000)",SH.DYN.2024,10.1
Nigeria,NGA,2017,"Probability of dying among youth ages 20-24 years (per 1,000)",SH.DYN.2024,10.4
Nigeria,NGA,2016,"Probability of dying among youth ages 20-24 years (per 1,000)",SH.DYN.2024,10.7
Nigeria,NGA,2015,"Probability of dying among youth ages 20-24 years (per 1,000)",SH.DYN.2024,11
Nigeria,NGA,2014,"Probability of dying among youth ages 20-24 years (per 1,000)",SH.DYN.2024,11.3
Nigeria,NGA,2013,"Probability of dying among youth ages 20-24 years (per 1,000)",SH.DYN.2024,11.6
Nigeria,NGA,2012,"Probability of dying among youth ages 20-24 years (per 1,000)",SH.DYN.2024,11.9
Nigeria,NGA,2011,"Probability of dying among youth ages 20-24 years (per 1,000)",SH.DYN.2024,12.3
Nigeria,NGA,2010,"Probability of dying among youth ages 20-24 years (per 1,000)",SH.DYN.2024,12.6
Nigeria,NGA,2009,"Probability of dying among youth ages 20-24 years (per 1,000)",SH.DYN.2024,12.9
Nigeria,NGA,2008,"Probability of dying among youth ages 20-24 years (per 1,000)",SH.DYN.2024,13.3
Nigeria,NGA,2007,"Probability of dying among youth ages 20-24 years (per 1,000)",SH.DYN.2024,13.6
Nigeria,NGA,2006,"Probability of dying among youth ages 20-24 years (per 1,000)",SH.DYN.2024,14
Nigeria,NGA,2005,"Probability of dying among youth ages 20-24 years (per 1,000)",SH.DYN.2024,14.4
Nigeria,NGA,2004,"Probability of dying among youth ages 20-24 years (per 1,000)",SH.DYN.2024,14.7
Nigeria,NGA,2003,"Probability of dying among youth ages 20-24 years (per 1,000)",SH.DYN.2024,15.1
Nigeria,NGA,2002,"Probability of dying among youth ages 20-24 years (per 1,000)",SH.DYN.2024,15.5
Nigeria,NGA,2001,"Probability of dying among youth ages 20-24 years (per 1,000)",SH.DYN.2024,15.8
Nigeria,NGA,2000,"Probability of dying among youth ages 20-24 years (per 1,000)",SH.DYN.2024,16.2
Nigeria,NGA,1999,"Probability of dying among youth ages 20-24 years (per 1,000)",SH.DYN.2024,16.6
Nigeria,NGA,1998,"Probability of dying among youth ages 20-24 years (per 1,000)",SH.DYN.2024,17
Nigeria,NGA,1997,"Probability of dying among youth ages 20-24 years (per 1,000)",SH.DYN.2024,17.4
Nigeria,NGA,1996,"Probability of dying among youth ages 20-24 years (per 1,000)",SH.DYN.2024,17.8
Nigeria,NGA,1995,"Probability of dying among youth ages 20-24 years (per 1,000)",SH.DYN.2024,18.2
Nigeria,NGA,1994,"Probability of dying among youth ages 20-24 years (per 1,000)",SH.DYN.2024,18.7
Nigeria,NGA,1993,"Probability of dying among youth ages 20-24 years (per 1,000)",SH.DYN.2024,19.1
Nigeria,NGA,1992,"Probability of dying among youth ages 20-24 years (per 1,000)",SH.DYN.2024,19.5
Nigeria,NGA,1991,"Probability of dying among youth ages 20-24 years (per 1,000)",SH.DYN.2024,20
Nigeria,NGA,1990,"Probability of dying among youth ages 20-24 years (per 1,000)",SH.DYN.2024,20.4
Nigeria,NGA,2025,"Labor force, female (% of total labor force)",SL.TLF.TOTL.FE.ZS,48.4039998415533
Nigeria,NGA,2024,"Labor force, female (% of total labor force)",SL.TLF.TOTL.FE.ZS,48.4178554002056
Nigeria,NGA,2023,"Labor force, female (% of total labor force)",SL.TLF.TOTL.FE.ZS,48.438832511361
Nigeria,NGA,2022,"Labor force, female (% of total labor force)",SL.TLF.TOTL.FE.ZS,46.9337837509465
Nigeria,NGA,2021,"Labor force, female (% of total labor force)",SL.TLF.TOTL.FE.ZS,46.976021110865
Nigeria,NGA,2020,"Labor force, female (% of total labor force)",SL.TLF.TOTL.FE.ZS,46.8642763406595
Nigeria,NGA,2019,"Labor force, female (% of total labor force)",SL.TLF.TOTL.FE.ZS,46.9550842050872
Nigeria,NGA,2018,"Labor force, female (% of total labor force)",SL.TLF.TOTL.FE.ZS,46.8604251508921
Nigeria,NGA,2017,"Labor force, female (% of total labor force)",SL.TLF.TOTL.FE.ZS,46.8034278561117
Nigeria,NGA,2016,"Labor force, female (% of total labor force)",SL.TLF.TOTL.FE.ZS,46.6940074472793
Nigeria,NGA,2015,"Labor force, female (% of total labor force)",SL.TLF.TOTL.FE.ZS,46.6736871475046
Nigeria,NGA,2014,"Labor force, female (% of total labor force)",SL.TLF.TOTL.FE.ZS,46.6589116065856
Nigeria,NGA,2013,"Labor force, female (% of total labor force)",SL.TLF.TOTL.FE.ZS,46.7068111146855
Nigeria,NGA,2012,"Labor force, female (% of total labor force)",SL.TLF.TOTL.FE.ZS,46.709274215327
Nigeria,NGA,2011,"Labor force, female (% of total labor force)",SL.TLF.TOTL.FE.ZS,46.7187399441762
Nigeria,NGA,2010,"Labor force, female (% of total labor force)",SL.TLF.TOTL.FE.ZS,46.9165422357577
Nigeria,NGA,2009,"Labor force, female (% of total labor force)",SL.TLF.TOTL.FE.ZS,46.873472981195
Nigeria,NGA,2008,"Labor force, female (% of total labor force)",SL.TLF.TOTL.FE.ZS,46.9413936108999
Nigeria,NGA,2007,"Labor force, female (% of total labor force)",SL.TLF.TOTL.FE.ZS,46.9431813769579
Nigeria,NGA,2006,"Labor force, female (% of total labor force)",SL.TLF.TOTL.FE.ZS,46.8940529833522
Nigeria,NGA,2005,"Labor force, female (% of total labor force)",SL.TLF.TOTL.FE.ZS,46.823580897884
Nigeria,NGA,2004,"Labor force, female (% of total labor force)",SL.TLF.TOTL.FE.ZS,46.8600549298471
Nigeria,NGA,2003,"Labor force, female (% of total labor force)",SL.TLF.TOTL.FE.ZS,46.8603811279412
Nigeria,NGA,2002,"Labor force, female (% of total labor force)",SL.TLF.TOTL.FE.ZS,46.9053695782813
Nigeria,NGA,2001,"Labor force, female (% of total labor force)",SL.TLF.TOTL.FE.ZS,46.831141466818
Nigeria,NGA,2000,"Labor force, female (% of total labor force)",SL.TLF.TOTL.FE.ZS,46.8615802146059
Nigeria,NGA,1999,"Labor force, female (% of total labor force)",SL.TLF.TOTL.FE.ZS,46.8213591757493
Nigeria,NGA,1998,"Labor force, female (% of total labor force)",SL.TLF.TOTL.FE.ZS,46.7922022107381
Nigeria,NGA,1997,"Labor force, female (% of total labor force)",SL.TLF.TOTL.FE.ZS,46.8110038975578
Nigeria,NGA,1996,"Labor force, female (% of total labor force)",SL.TLF.TOTL.FE.ZS,46.7549657100493
Nigeria,NGA,1995,"Labor force, female (% of total labor force)",SL.TLF.TOTL.FE.ZS,46.7735894309366
Nigeria,NGA,1994,"Labor force, female (% of total labor force)",SL.TLF.TOTL.FE.ZS,46.7743020814064
Nigeria,NGA,1993,"Labor force, female (% of total labor force)",SL.TLF.TOTL.FE.ZS,46.6408462324119
Nigeria,NGA,1992,"Labor force, female (% of total labor force)",SL.TLF.TOTL.FE.ZS,46.6048067280225
Nigeria,NGA,1991,"Labor force, female (% of total labor force)",SL.TLF.TOTL.FE.ZS,46.4716004706473
Nigeria,NGA,1990,"Labor force, female (% of total labor force)",SL.TLF.TOTL.FE.ZS,46.3771609510308
Nigeria,NGA,2025,"Labor force, total",SL.TLF.TOTL.IN,116581818
Nigeria,NGA,2024,"Labor force, total",SL.TLF.TOTL.IN,113320742
Nigeria,NGA,2023,"Labor force, total",SL.TLF.TOTL.IN,110075281
Nigeria,NGA,2022,"Labor force, total",SL.TLF.TOTL.IN,105269418
Nigeria,NGA,2021,"Labor force, total",SL.TLF.TOTL.IN,100887576
Nigeria,NGA,2020,"Labor force, total",SL.TLF.TOTL.IN,97041268
Nigeria,NGA,2019,"Labor force, total",SL.TLF.TOTL.IN,96335866
Nigeria,NGA,2018,"Labor force, total",SL.TLF.TOTL.IN,93615892
Nigeria,NGA,2017,"Labor force, total",SL.TLF.TOTL.IN,90905566
Nigeria,NGA,2016,"Labor force, total",SL.TLF.TOTL.IN,88256929
Nigeria,NGA,2015,"Labor force, total",SL.TLF.TOTL.IN,85773802
Nigeria,NGA,2014,"Labor force, total",SL.TLF.TOTL.IN,83458627
Nigeria,NGA,2013,"Labor force, total",SL.TLF.TOTL.IN,81303065
Nigeria,NGA,2012,"Labor force, total",SL.TLF.TOTL.IN,79317244
Nigeria,NGA,2011,"Labor force, total",SL.TLF.TOTL.IN,77225150
Nigeria,NGA,2010,"Labor force, total",SL.TLF.TOTL.IN,75284751
Nigeria,NGA,2009,"Labor force, total",SL.TLF.TOTL.IN,73499013
Nigeria,NGA,2008,"Labor force, total",SL.TLF.TOTL.IN,71669029
Nigeria,NGA,2007,"Labor force, total",SL.TLF.TOTL.IN,69975807
Nigeria,NGA,2006,"Labor force, total",SL.TLF.TOTL.IN,68316893
Nigeria,NGA,2005,"Labor force, total",SL.TLF.TOTL.IN,66741004
Nigeria,NGA,2004,"Labor force, total",SL.TLF.TOTL.IN,65217367
Nigeria,NGA,2003,"Labor force, total",SL.TLF.TOTL.IN,63693782
Nigeria,NGA,2002,"Labor force, total",SL.TLF.TOTL.IN,62235800
Nigeria,NGA,2001,"Labor force, total",SL.TLF.TOTL.IN,60772025
Nigeria,NGA,2000,"Labor force, total",SL.TLF.TOTL.IN,59281872
Nigeria,NGA,1999,"Labor force, total",SL.TLF.TOTL.IN,57821632
Nigeria,NGA,1998,"Labor force, total",SL.TLF.TOTL.IN,56231989
Nigeria,NGA,1997,"Labor force, total",SL.TLF.TOTL.IN,54708361
Nigeria,NGA,1996,"Labor force, total",SL.TLF.TOTL.IN,53211071
Nigeria,NGA,1995,"Labor force, total",SL.TLF.TOTL.IN,51813787
Nigeria,NGA,1994,"Labor force, total",SL.TLF.TOTL.IN,50215133
Nigeria,NGA,1993,"Labor force, total",SL.TLF.TOTL.IN,48405331
Nigeria,NGA,1992,"Labor force, total",SL.TLF.TOTL.IN,46738488
Nigeria,NGA,1991,"Labor force, total",SL.TLF.TOTL.IN,45040095
Nigeria,NGA,1990,"Labor force, total",SL.TLF.TOTL.IN,43425556
Nigeria,NGA,2025,"Unemployment, female (% of female labor force) (modeled ILO estimate)",SL.UEM.TOTL.FE.ZS,3.881
Nigeria,NGA,2024,"Unemployment, female (% of female labor force) (modeled ILO estimate)",SL.UEM.TOTL.FE.ZS,4.076
Nigeria,NGA,2023,"Unemployment, female (% of female labor force) (modeled ILO estimate)",SL.UEM.TOTL.FE.ZS,4.113
Nigeria,NGA,2022,"Unemployment, female (% of female labor force) (modeled ILO estimate)",SL.UEM.TOTL.FE.ZS,5.382
Nigeria,NGA,2021,"Unemployment, female (% of female labor force) (modeled ILO estimate)",SL.UEM.TOTL.FE.ZS,6.551
Nigeria,NGA,2020,"Unemployment, female (% of female labor force) (modeled ILO estimate)",SL.UEM.TOTL.FE.ZS,6.025
Nigeria,NGA,2019,"Unemployment, female (% of female labor force) (modeled ILO estimate)",SL.UEM.TOTL.FE.ZS,4.911
Nigeria,NGA,2018,"Unemployment, female (% of female labor force) (modeled ILO estimate)",SL.UEM.TOTL.FE.ZS,4.753
Nigeria,NGA,2017,"Unemployment, female (% of female labor force) (modeled ILO estimate)",SL.UEM.TOTL.FE.ZS,4.503
Nigeria,NGA,2016,"Unemployment, female (% of female labor force) (modeled ILO estimate)",SL.UEM.TOTL.FE.ZS,4.173
Nigeria,NGA,2015,"Unemployment, female (% of female labor force) (modeled ILO estimate)",SL.UEM.TOTL.FE.ZS,3.815
Nigeria,NGA,2014,"Unemployment, female (% of female labor force) (modeled ILO estimate)",SL.UEM.TOTL.FE.ZS,3.573
Nigeria,NGA,2013,"Unemployment, female (% of female labor force) (modeled ILO estimate)",SL.UEM.TOTL.FE.ZS,3.37
Nigeria,NGA,2012,"Unemployment, female (% of female labor force) (modeled ILO estimate)",SL.UEM.TOTL.FE.ZS,3.549
Nigeria,NGA,2011,"Unemployment, female (% of female labor force) (modeled ILO estimate)",SL.UEM.TOTL.FE.ZS,3.689
Nigeria,NGA,2010,"Unemployment, female (% of female labor force) (modeled ILO estimate)",SL.UEM.TOTL.FE.ZS,3.665
Nigeria,NGA,2009,"Unemployment, female (% of female labor force) (modeled ILO estimate)",SL.UEM.TOTL.FE.ZS,3.682
Nigeria,NGA,2008,"Unemployment, female (% of female labor force) (modeled ILO estimate)",SL.UEM.TOTL.FE.ZS,3.709
Nigeria,NGA,2007,"Unemployment, female (% of female labor force) (modeled ILO estimate)",SL.UEM.TOTL.FE.ZS,3.711
Nigeria,NGA,2006,"Unemployment, female (% of female labor force) (modeled ILO estimate)",SL.UEM.TOTL.FE.ZS,3.67
Nigeria,NGA,2005,"Unemployment, female (% of female labor force) (modeled ILO estimate)",SL.UEM.TOTL.FE.ZS,3.648
Nigeria,NGA,2004,"Unemployment, female (% of female labor force) (modeled ILO estimate)",SL.UEM.TOTL.FE.ZS,3.521
Nigeria,NGA,2003,"Unemployment, female (% of female labor force) (modeled ILO estimate)",SL.UEM.TOTL.FE.ZS,3.565
Nigeria,NGA,2002,"Unemployment, female (% of female labor force) (modeled ILO estimate)",SL.UEM.TOTL.FE.ZS,3.595
Nigeria,NGA,2001,"Unemployment, female (% of female labor force) (modeled ILO estimate)",SL.UEM.TOTL.FE.ZS,3.809
Nigeria,NGA,2000,"Unemployment, female (% of female labor force) (modeled ILO estimate)",SL.UEM.TOTL.FE.ZS,3.858
Nigeria,NGA,1999,"Unemployment, female (% of female labor force) (modeled ILO estimate)",SL.UEM.TOTL.FE.ZS,3.889
Nigeria,NGA,1998,"Unemployment, female (% of female labor force) (modeled ILO estimate)",SL.UEM.TOTL.FE.ZS,3.83
Nigeria,NGA,1997,"Unemployment, female (% of female labor force) (modeled ILO estimate)",SL.UEM.TOTL.FE.ZS,3.869
Nigeria,NGA,1996,"Unemployment, female (% of female labor force) (modeled ILO estimate)",SL.UEM.TOTL.FE.ZS,3.942
Nigeria,NGA,1995,"Unemployment, female (% of female labor force) (modeled ILO estimate)",SL.UEM.TOTL.FE.ZS,4.041
Nigeria,NGA,1994,"Unemployment, female (% of female labor force) (modeled ILO estimate)",SL.UEM.TOTL.FE.ZS,3.961
Nigeria,NGA,1993,"Unemployment, female (% of female labor force) (modeled ILO estimate)",SL.UEM.TOTL.FE.ZS,3.923
Nigeria,NGA,1992,"Unemployment, female (% of female labor force) (modeled ILO estimate)",SL.UEM.TOTL.FE.ZS,3.707
Nigeria,NGA,1991,"Unemployment, female (% of female labor force) (modeled ILO estimate)",SL.UEM.TOTL.FE.ZS,3.745
Nigeria,NGA,2025,"Unemployment, male (% of male labor force) (modeled ILO estimate)",SL.UEM.TOTL.MA.ZS,2.299
Nigeria,NGA,2024,"Unemployment, male (% of male labor force) (modeled ILO estimate)",SL.UEM.TOTL.MA.ZS,2.076
Nigeria,NGA,2023,"Unemployment, male (% of male labor force) (modeled ILO estimate)",SL.UEM.TOTL.MA.ZS,2.098
Nigeria,NGA,2022,"Unemployment, male (% of male labor force) (modeled ILO estimate)",SL.UEM.TOTL.MA.ZS,2.452
Nigeria,NGA,2021,"Unemployment, male (% of male labor force) (modeled ILO estimate)",SL.UEM.TOTL.MA.ZS,4.388
Nigeria,NGA,2020,"Unemployment, male (% of male labor force) (modeled ILO estimate)",SL.UEM.TOTL.MA.ZS,5.44
Nigeria,NGA,2019,"Unemployment, male (% of male labor force) (modeled ILO estimate)",SL.UEM.TOTL.MA.ZS,5.466
Nigeria,NGA,2018,"Unemployment, male (% of male labor force) (modeled ILO estimate)",SL.UEM.TOTL.MA.ZS,5.348
Nigeria,NGA,2017,"Unemployment, male (% of male labor force) (modeled ILO estimate)",SL.UEM.TOTL.MA.ZS,5.118
Nigeria,NGA,2016,"Unemployment, male (% of male labor force) (modeled ILO estimate)",SL.UEM.TOTL.MA.ZS,4.785
Nigeria,NGA,2015,"Unemployment, male (% of male labor force) (modeled ILO estimate)",SL.UEM.TOTL.MA.ZS,4.412
Nigeria,NGA,2014,"Unemployment, male (% of male labor force) (modeled ILO estimate)",SL.UEM.TOTL.MA.ZS,4.186
Nigeria,NGA,2013,"Unemployment, male (% of male labor force) (modeled ILO estimate)",SL.UEM.TOTL.MA.ZS,4.01
Nigeria,NGA,2012,"Unemployment, male (% of male labor force) (modeled ILO estimate)",SL.UEM.TOTL.MA.ZS,3.946
Nigeria,NGA,2011,"Unemployment, male (% of male labor force) (modeled ILO estimate)",SL.UEM.TOTL.MA.ZS,3.841
Nigeria,NGA,2010,"Unemployment, male (% of male labor force) (modeled ILO estimate)",SL.UEM.TOTL.MA.ZS,3.814
Nigeria,NGA,2009,"Unemployment, male (% of male labor force) (modeled ILO estimate)",SL.UEM.TOTL.MA.ZS,3.834
Nigeria,NGA,2008,"Unemployment, male (% of male labor force) (modeled ILO estimate)",SL.UEM.TOTL.MA.ZS,3.865
Nigeria,NGA,2007,"Unemployment, male (% of male labor force) (modeled ILO estimate)",SL.UEM.TOTL.MA.ZS,3.867
Nigeria,NGA,2006,"Unemployment, male (% of male labor force) (modeled ILO estimate)",SL.UEM.TOTL.MA.ZS,3.82
Nigeria,NGA,2005,"Unemployment, male (% of male labor force) (modeled ILO estimate)",SL.UEM.TOTL.MA.ZS,3.795
Nigeria,NGA,2004,"Unemployment, male (% of male labor force) (modeled ILO estimate)",SL.UEM.TOTL.MA.ZS,3.651
Nigeria,NGA,2003,"Unemployment, male (% of male labor force) (modeled ILO estimate)",SL.UEM.TOTL.MA.ZS,3.7
Nigeria,NGA,2002,"Unemployment, male (% of male labor force) (modeled ILO estimate)",SL.UEM.TOTL.MA.ZS,3.734
Nigeria,NGA,2001,"Unemployment, male (% of male labor force) (modeled ILO estimate)",SL.UEM.TOTL.MA.ZS,3.98
Nigeria,NGA,2000,"Unemployment, male (% of male labor force) (modeled ILO estimate)",SL.UEM.TOTL.MA.ZS,4.037
Nigeria,NGA,1999,"Unemployment, male (% of male labor force) (modeled ILO estimate)",SL.UEM.TOTL.MA.ZS,4.072
Nigeria,NGA,1998,"Unemployment, male (% of male labor force) (modeled ILO estimate)",SL.UEM.TOTL.MA.ZS,4.004
Nigeria,NGA,1997,"Unemployment, male (% of male labor force) (modeled ILO estimate)",SL.UEM.TOTL.MA.ZS,4.048
Nigeria,NGA,1996,"Unemployment, male (% of male labor force) (modeled ILO estimate)",SL.UEM.TOTL.MA.ZS,4.133
Nigeria,NGA,1995,"Unemployment, male (% of male labor force) (modeled ILO estimate)",SL.UEM.TOTL.MA.ZS,4.248
Nigeria,NGA,1994,"Unemployment, male (% of male labor force) (modeled ILO estimate)",SL.UEM.TOTL.MA.ZS,4.155
Nigeria,NGA,1993,"Unemployment, male (% of male labor force) (modeled ILO estimate)",SL.UEM.TOTL.MA.ZS,4.111
Nigeria,NGA,1992,"Unemployment, male (% of male labor force) (modeled ILO estimate)",SL.UEM.TOTL.MA.ZS,3.862
Nigeria,NGA,1991,"Unemployment, male (% of male labor force) (modeled ILO estimate)",SL.UEM.TOTL.MA.ZS,3.906
Nigeria,NGA,2025,"Unemployment, total (% of total labor force) (modeled ILO estimate)",SL.UEM.TOTL.ZS,3.064
Nigeria,NGA,2024,"Unemployment, total (% of total labor force) (modeled ILO estimate)",SL.UEM.TOTL.ZS,3.045
Nigeria,NGA,2023,"Unemployment, total (% of total labor force) (modeled ILO estimate)",SL.UEM.TOTL.ZS,3.074
Nigeria,NGA,2022,"Unemployment, total (% of total labor force) (modeled ILO estimate)",SL.UEM.TOTL.ZS,3.827
Nigeria,NGA,2021,"Unemployment, total (% of total labor force) (modeled ILO estimate)",SL.UEM.TOTL.ZS,5.404
Nigeria,NGA,2020,"Unemployment, total (% of total labor force) (modeled ILO estimate)",SL.UEM.TOTL.ZS,5.714
Nigeria,NGA,2019,"Unemployment, total (% of total labor force) (modeled ILO estimate)",SL.UEM.TOTL.ZS,5.206
Nigeria,NGA,2018,"Unemployment, total (% of total labor force) (modeled ILO estimate)",SL.UEM.TOTL.ZS,5.069
Nigeria,NGA,2017,"Unemployment, total (% of total labor force) (modeled ILO estimate)",SL.UEM.TOTL.ZS,4.83
Nigeria,NGA,2016,"Unemployment, total (% of total labor force) (modeled ILO estimate)",SL.UEM.TOTL.ZS,4.499
Nigeria,NGA,2015,"Unemployment, total (% of total labor force) (modeled ILO estimate)",SL.UEM.TOTL.ZS,4.134
Nigeria,NGA,2014,"Unemployment, total (% of total labor force) (modeled ILO estimate)",SL.UEM.TOTL.ZS,3.9
Nigeria,NGA,2013,"Unemployment, total (% of total labor force) (modeled ILO estimate)",SL.UEM.TOTL.ZS,3.711
Nigeria,NGA,2012,"Unemployment, total (% of total labor force) (modeled ILO estimate)",SL.UEM.TOTL.ZS,3.761
Nigeria,NGA,2011,"Unemployment, total (% of total labor force) (modeled ILO estimate)",SL.UEM.TOTL.ZS,3.77
Nigeria,NGA,2010,"Unemployment, total (% of total labor force) (modeled ILO estimate)",SL.UEM.TOTL.ZS,3.744
Nigeria,NGA,2009,"Unemployment, total (% of total labor force) (modeled ILO estimate)",SL.UEM.TOTL.ZS,3.763
Nigeria,NGA,2008,"Unemployment, total (% of total labor force) (modeled ILO estimate)",SL.UEM.TOTL.ZS,3.792
Nigeria,NGA,2007,"Unemployment, total (% of total labor force) (modeled ILO estimate)",SL.UEM.TOTL.ZS,3.794
Nigeria,NGA,2006,"Unemployment, total (% of total labor force) (modeled ILO estimate)",SL.UEM.TOTL.ZS,3.749
Nigeria,NGA,2005,"Unemployment, total (% of total labor force) (modeled ILO estimate)",SL.UEM.TOTL.ZS,3.727
Nigeria,NGA,2004,"Unemployment, total (% of total labor force) (modeled ILO estimate)",SL.UEM.TOTL.ZS,3.59
Nigeria,NGA,2003,"Unemployment, total (% of total labor force) (modeled ILO estimate)",SL.UEM.TOTL.ZS,3.637
Nigeria,NGA,2002,"Unemployment, total (% of total labor force) (modeled ILO estimate)",SL.UEM.TOTL.ZS,3.669
Nigeria,NGA,2001,"Unemployment, total (% of total labor force) (modeled ILO estimate)",SL.UEM.TOTL.ZS,3.9
Nigeria,NGA,2000,"Unemployment, total (% of total labor force) (modeled ILO estimate)",SL.UEM.TOTL.ZS,3.953
Nigeria,NGA,1999,"Unemployment, total (% of total labor force) (modeled ILO estimate)",SL.UEM.TOTL.ZS,3.986
Nigeria,NGA,1998,"Unemployment, total (% of total labor force) (modeled ILO estimate)",SL.UEM.TOTL.ZS,3.922
Nigeria,NGA,1997,"Unemployment, total (% of total labor force) (modeled ILO estimate)",SL.UEM.TOTL.ZS,3.964
Nigeria,NGA,1996,"Unemployment, total (% of total labor force) (modeled ILO estimate)",SL.UEM.TOTL.ZS,4.043
Nigeria,NGA,1995,"Unemployment, total (% of total labor force) (modeled ILO estimate)",SL.UEM.TOTL.ZS,4.152
Nigeria,NGA,1994,"Unemployment, total (% of total labor force) (modeled ILO estimate)",SL.UEM.TOTL.ZS,4.064
Nigeria,NGA,1993,"Unemployment, total (% of total labor force) (modeled ILO estimate)",SL.UEM.TOTL.ZS,4.023
Nigeria,NGA,1992,"Unemployment, total (% of total labor force) (modeled ILO estimate)",SL.UEM.TOTL.ZS,3.79
Nigeria,NGA,1991,"Unemployment, total (% of total labor force) (modeled ILO estimate)",SL.UEM.TOTL.ZS,3.831
Nigeria,NGA,2025,Population ages 0-14 (% of total population),SP.POP.0014.TO.ZS,40.5197233739162
Nigeria,NGA,2024,Population ages 0-14 (% of total population),SP.POP.0014.TO.ZS,41.0138455377957
Nigeria,NGA,2023,Population ages 0-14 (% of total population),SP.POP.0014.TO.ZS,41.4922288282697
Nigeria,NGA,2022,Population ages 0-14 (% of total population),SP.POP.0014.TO.ZS,41.9524339305195
Nigeria,NGA,2021,Population ages 0-14 (% of total population),SP.POP.0014.TO.ZS,42.3946991196532
Nigeria,NGA,2020,Population ages 0-14 (% of total population),SP.POP.0014.TO.ZS,42.8257357546021
Nigeria,NGA,2019,Population ages 0-14 (% of total population),SP.POP.0014.TO.ZS,43.2268011629494
Nigeria,NGA,2018,Population ages 0-14 (% of total population),SP.POP.0014.TO.ZS,43.5736689811882
Nigeria,NGA,2017,Population ages 0-14 (% of total population),SP.POP.0014.TO.ZS,43.8805787404257
Nigeria,NGA,2016,Population ages 0-14 (% of total population),SP.POP.0014.TO.ZS,44.1420861864568
Nigeria,NGA,2015,Population ages 0-14 (% of total population),SP.POP.0014.TO.ZS,44.3206336384855
Nigeria,NGA,2014,Population ages 0-14 (% of total population),SP.POP.0014.TO.ZS,44.4126646749356
Nigeria,NGA,2013,Population ages 0-14 (% of total population),SP.POP.0014.TO.ZS,44.4528313185697
Nigeria,NGA,2012,Population ages 0-14 (% of total population),SP.POP.0014.TO.ZS,44.4632626713534
Nigeria,NGA,2011,Population ages 0-14 (% of total population),SP.POP.0014.TO.ZS,44.4508967877579
Nigeria,NGA,2010,Population ages 0-14 (% of total population),SP.POP.0014.TO.ZS,44.4190640229883
Nigeria,NGA,2009,Population ages 0-14 (% of total population),SP.POP.0014.TO.ZS,44.3601791240729
Nigeria,NGA,2008,Population ages 0-14 (% of total population),SP.POP.0014.TO.ZS,44.274882643178
Nigeria,NGA,2007,Population ages 0-14 (% of total population),SP.POP.0014.TO.ZS,44.1836870823965
Nigeria,NGA,2006,Population ages 0-14 (% of total population),SP.POP.0014.TO.ZS,44.0888218596961
Nigeria,NGA,2005,Population ages 0-14 (% of total population),SP.POP.0014.TO.ZS,43.9921105663472
Nigeria,NGA,2004,Population ages 0-14 (% of total population),SP.POP.0014.TO.ZS,43.9136942787934
Nigeria,NGA,2003,Population ages 0-14 (% of total population),SP.POP.0014.TO.ZS,43.8459139903823
Nigeria,NGA,2002,Population ages 0-14 (% of total population),SP.POP.0014.TO.ZS,43.7819674050934
Nigeria,NGA,2001,Population ages 0-14 (% of total population),SP.POP.0014.TO.ZS,43.741225268682
Nigeria,NGA,2000,Population ages 0-14 (% of total population),SP.POP.0014.TO.ZS,43.7373767129489
Nigeria,NGA,1999,Population ages 0-14 (% of total population),SP.POP.0014.TO.ZS,43.7929054448321
Nigeria,NGA,1998,Population ages 0-14 (% of total population),SP.POP.0014.TO.ZS,43.9224264618132
Nigeria,NGA,1997,Population ages 0-14 (% of total population),SP.POP.0014.TO.ZS,44.0848121423779
Nigeria,NGA,1996,Population ages 0-14 (% of total population),SP.POP.0014.TO.ZS,44.2414087246454
Nigeria,NGA,1995,Population ages 0-14 (% of total population),SP.POP.0014.TO.ZS,44.4019887920735
Nigeria,NGA,1994,Population ages 0-14 (% of total population),SP.POP.0014.TO.ZS,44.5888698156015
Nigeria,NGA,1993,Population ages 0-14 (% of total population),SP.POP.0014.TO.ZS,44.7986205218306
Nigeria,NGA,1992,Population ages 0-14 (% of total population),SP.POP.0014.TO.ZS,45.0056668144973
Nigeria,NGA,1991,Population ages 0-14 (% of total population),SP.POP.0014.TO.ZS,45.1809782718814
Nigeria,NGA,1990,Population ages 0-14 (% of total population),SP.POP.0014.TO.ZS,45.3314344977666
Nigeria,NGA,1989,Population ages 0-14 (% of total population),SP.POP.0014.TO.ZS,45.4572469729353
Nigeria,NGA,1988,Population ages 0-14 (% of total population),SP.POP.0014.TO.ZS,45.5336682457059
Nigeria,NGA,1987,Population ages 0-14 (% of total population),SP.POP.0014.TO.ZS,45.5690152511925
Nigeria,NGA,1986,Population ages 0-14 (% of total population),SP.POP.0014.TO.ZS,45.5524169031546
Nigeria,NGA,1985,Population ages 0-14 (% of total population),SP.POP.0014.TO.ZS,45.4842952816099
Nigeria,NGA,1984,Population ages 0-14 (% of total population),SP.POP.0014.TO.ZS,45.3833857833907
Nigeria,NGA,1983,Population ages 0-14 (% of total population),SP.POP.0014.TO.ZS,45.2187056259049
Nigeria,NGA,1982,Population ages 0-14 (% of total population),SP.POP.0014.TO.ZS,45.0140759541294
Nigeria,NGA,1981,Population ages 0-14 (% of total population),SP.POP.0014.TO.ZS,44.8143563878913
Nigeria,NGA,1980,Population ages 0-14 (% of total population),SP.POP.0014.TO.ZS,44.6159282154174
Nigeria,NGA,1979,Population ages 0-14 (% of total population),SP.POP.0014.TO.ZS,44.4054466710206
Nigeria,NGA,1978,Population ages 0-14 (% of total population),SP.POP.0014.TO.ZS,44.1574165284945
Nigeria,NGA,1977,Population ages 0-14 (% of total population),SP.POP.0014.TO.ZS,43.907202705536
Nigeria,NGA,1976,Population ages 0-14 (% of total population),SP.POP.0014.TO.ZS,43.6612860806097
Nigeria,NGA,1975,Population ages 0-14 (% of total population),SP.POP.0014.TO.ZS,43.4164965123339
Nigeria,NGA,1974,Population ages 0-14 (% of total population),SP.POP.0014.TO.ZS,43.1859916862659
Nigeria,NGA,1973,Population ages 0-14 (% of total population),SP.POP.0014.TO.ZS,42.9632877837182
Nigeria,NGA,1972,Population ages 0-14 (% of total population),SP.POP.0014.TO.ZS,42.7508937105426
Nigeria,NGA,1971,Population ages 0-14 (% of total population),SP.POP.0014.TO.ZS,42.543722691888
Nigeria,NGA,1970,Population ages 0-14 (% of total population),SP.POP.0014.TO.ZS,42.3554949148017
Nigeria,NGA,1969,Population ages 0-14 (% of total population),SP.POP.0014.TO.ZS,42.1801526318495
Nigeria,NGA,1968,Population ages 0-14 (% of total population),SP.POP.0014.TO.ZS,42.0006651908748
Nigeria,NGA,1967,Population ages 0-14 (% of total population),SP.POP.0014.TO.ZS,41.8305586202545
Nigeria,NGA,1966,Population ages 0-14 (% of total population),SP.POP.0014.TO.ZS,41.6766482086161
Nigeria,NGA,1965,Population ages 0-14 (% of total population),SP.POP.0014.TO.ZS,41.5411468940292
Nigeria,NGA,1964,Population ages 0-14 (% of total population),SP.POP.0014.TO.ZS,41.3893019480233
Nigeria,NGA,1963,Population ages 0-14 (% of total population),SP.POP.0014.TO.ZS,41.2265840228353
Nigeria,NGA,1962,Population ages 0-14 (% of total population),SP.POP.0014.TO.ZS,41.126465262901
Nigeria,NGA,1961,Population ages 0-14 (% of total population),SP.POP.0014.TO.ZS,41.10790964248
Nigeria,NGA,1960,Population ages 0-14 (% of total population),SP.POP.0014.TO.ZS,41.1343780195856
Nigeria,NGA,2025,Population ages 15-64 (% of total population),SP.POP.1564.TO.ZS,56.4107403158649
Nigeria,NGA,2024,Population ages 15-64 (% of total population),SP.POP.1564.TO.ZS,55.9374923815531
Nigeria,NGA,2023,Population ages 15-64 (% of total population),SP.POP.1564.TO.ZS,55.4796081821744
Nigeria,NGA,2022,Population ages 15-64 (% of total population),SP.POP.1564.TO.ZS,55.0396238495041
Nigeria,NGA,2021,Population ages 15-64 (% of total population),SP.POP.1564.TO.ZS,54.6149618714835
Nigeria,NGA,2020,Population ages 15-64 (% of total population),SP.POP.1564.TO.ZS,54.1929528639579
Nigeria,NGA,2019,Population ages 15-64 (% of total population),SP.POP.1564.TO.ZS,53.7983137946911
Nigeria,NGA,2018,Population ages 15-64 (% of total population),SP.POP.1564.TO.ZS,53.4598457316183
Nigeria,NGA,2017,Population ages 15-64 (% of total population),SP.POP.1564.TO.ZS,53.1559836470855
Nigeria,NGA,2016,Population ages 15-64 (% of total population),SP.POP.1564.TO.ZS,52.8926220185148
Nigeria,NGA,2015,Population ages 15-64 (% of total population),SP.POP.1564.TO.ZS,52.709081986385
Nigeria,NGA,2014,Population ages 15-64 (% of total population),SP.POP.1564.TO.ZS,52.6058463638302
Nigeria,NGA,2013,Population ages 15-64 (% of total population),SP.POP.1564.TO.ZS,52.549360231945
Nigeria,NGA,2012,Population ages 15-64 (% of total population),SP.POP.1564.TO.ZS,52.5270788696892
Nigeria,NGA,2011,Population ages 15-64 (% of total population),SP.POP.1564.TO.ZS,52.534972840043
Nigeria,NGA,2010,Population ages 15-64 (% of total population),SP.POP.1564.TO.ZS,52.5665654655266
Nigeria,NGA,2009,Population ages 15-64 (% of total population),SP.POP.1564.TO.ZS,52.6273888199963
Nigeria,NGA,2008,Population ages 15-64 (% of total population),SP.POP.1564.TO.ZS,52.7145113233087
Nigeria,NGA,2007,Population ages 15-64 (% of total population),SP.POP.1564.TO.ZS,52.8061876828346
Nigeria,NGA,2006,Population ages 15-64 (% of total population),SP.POP.1564.TO.ZS,52.8996874632185
Nigeria,NGA,2005,Population ages 15-64 (% of total population),SP.POP.1564.TO.ZS,52.99378842532
Nigeria,NGA,2004,Population ages 15-64 (% of total population),SP.POP.1564.TO.ZS,53.0694560487922
Nigeria,NGA,2003,Population ages 15-64 (% of total population),SP.POP.1564.TO.ZS,53.1344977100642
Nigeria,NGA,2002,Population ages 15-64 (% of total population),SP.POP.1564.TO.ZS,53.1946708803248
Nigeria,NGA,2001,Population ages 15-64 (% of total population),SP.POP.1564.TO.ZS,53.2294016349719
Nigeria,NGA,2000,Population ages 15-64 (% of total population),SP.POP.1564.TO.ZS,53.2253628417872
Nigeria,NGA,1999,Population ages 15-64 (% of total population),SP.POP.1564.TO.ZS,53.1605576618816
Nigeria,NGA,1998,Population ages 15-64 (% of total population),SP.POP.1564.TO.ZS,53.0199523256691
Nigeria,NGA,1997,Population ages 15-64 (% of total population),SP.POP.1564.TO.ZS,52.8454937114936
Nigeria,NGA,1996,Population ages 15-64 (% of total population),SP.POP.1564.TO.ZS,52.677238081915
Nigeria,NGA,1995,Population ages 15-64 (% of total population),SP.POP.1564.TO.ZS,52.5059346994644
Nigeria,NGA,1994,Population ages 15-64 (% of total population),SP.POP.1564.TO.ZS,52.3089405792044
Nigeria,NGA,1993,Population ages 15-64 (% of total population),SP.POP.1564.TO.ZS,52.0899895335489
Nigeria,NGA,1992,Population ages 15-64 (% of total population),SP.POP.1564.TO.ZS,51.8738603445337
Nigeria,NGA,1991,Population ages 15-64 (% of total population),SP.POP.1564.TO.ZS,51.6897046942709
Nigeria,NGA,1990,Population ages 15-64 (% of total population),SP.POP.1564.TO.ZS,51.5318480543714
Nigeria,NGA,1989,Population ages 15-64 (% of total population),SP.POP.1564.TO.ZS,51.399677676154
Nigeria,NGA,1988,Population ages 15-64 (% of total population),SP.POP.1564.TO.ZS,51.318579997042
Nigeria,NGA,1987,Population ages 15-64 (% of total population),SP.POP.1564.TO.ZS,51.2799858152063
Nigeria,NGA,1986,Population ages 15-64 (% of total population),SP.POP.1564.TO.ZS,51.2945648682258
Nigeria,NGA,1985,Population ages 15-64 (% of total population),SP.POP.1564.TO.ZS,51.3614845160171
Nigeria,NGA,1984,Population ages 15-64 (% of total population),SP.POP.1564.TO.ZS,51.4612655727813
Nigeria,NGA,1983,Population ages 15-64 (% of total population),SP.POP.1564.TO.ZS,51.6261608592727
Nigeria,NGA,1982,Population ages 15-64 (% of total population),SP.POP.1564.TO.ZS,51.8315466851128
Nigeria,NGA,1981,Population ages 15-64 (% of total population),SP.POP.1564.TO.ZS,52.0299194786682
Nigeria,NGA,1980,Population ages 15-64 (% of total population),SP.POP.1564.TO.ZS,52.2229949426379
Nigeria,NGA,1979,Population ages 15-64 (% of total population),SP.POP.1564.TO.ZS,52.4247278165576
Nigeria,NGA,1978,Population ages 15-64 (% of total population),SP.POP.1564.TO.ZS,52.6623537147365
Nigeria,NGA,1977,Population ages 15-64 (% of total population),SP.POP.1564.TO.ZS,52.8997644880393
Nigeria,NGA,1976,Population ages 15-64 (% of total population),SP.POP.1564.TO.ZS,53.1323634161134
Nigeria,NGA,1975,Population ages 15-64 (% of total population),SP.POP.1564.TO.ZS,53.3636757912379
Nigeria,NGA,1974,Population ages 15-64 (% of total population),SP.POP.1564.TO.ZS,53.5805539065198
Nigeria,NGA,1973,Population ages 15-64 (% of total population),SP.POP.1564.TO.ZS,53.7912077848027
Nigeria,NGA,1972,Population ages 15-64 (% of total population),SP.POP.1564.TO.ZS,53.9925634982765
Nigeria,NGA,1971,Population ages 15-64 (% of total population),SP.POP.1564.TO.ZS,54.1877081764534
Nigeria,NGA,1970,Population ages 15-64 (% of total population),SP.POP.1564.TO.ZS,54.3610769255197
Nigeria,NGA,1969,Population ages 15-64 (% of total population),SP.POP.1564.TO.ZS,54.5186422950388
Nigeria,NGA,1968,Population ages 15-64 (% of total population),SP.POP.1564.TO.ZS,54.6785429959867
Nigeria,NGA,1967,Population ages 15-64 (% of total population),SP.POP.1564.TO.ZS,54.8255199310417
Nigeria,NGA,1966,Population ages 15-64 (% of total population),SP.POP.1564.TO.ZS,54.9584964677478
Nigeria,NGA,1965,Population ages 15-64 (% of total population),SP.POP.1564.TO.ZS,55.0821845376374
Nigeria,NGA,1964,Population ages 15-64 (% of total population),SP.POP.1564.TO.ZS,55.2295884418467
Nigeria,NGA,1963,Population ages 15-64 (% of total population),SP.POP.1564.TO.ZS,55.3961150007698
Nigeria,NGA,1962,Population ages 15-64 (% of total population),SP.POP.1564.TO.ZS,55.5081228921136
Nigeria,NGA,1961,Population ages 15-64 (% of total population),SP.POP.1564.TO.ZS,55.5433632294114
Nigeria,NGA,1960,Population ages 15-64 (% of total population),SP.POP.1564.TO.ZS,55.5362178029804
Nigeria,NGA,2009,"Gross graduation ratio, primary, female (%)",SE.PRM.CMPL.FE.ZS,66.03316
Nigeria,NGA,2008,"Gross graduation ratio, primary, female (%)",SE.PRM.CMPL.FE.ZS,64.37463
Nigeria,NGA,2007,"Gross graduation ratio, primary, female (%)",SE.PRM.CMPL.FE.ZS,72.0248
Nigeria,NGA,2006,"Gross graduation ratio, primary, female (%)",SE.PRM.CMPL.FE.ZS,78.3401
Nigeria,NGA,2004,"Gross graduation ratio, primary, female (%)",SE.PRM.CMPL.FE.ZS,72.25132
Nigeria,NGA,2003,"Gross graduation ratio, primary, female (%)",SE.PRM.CMPL.FE.ZS,86.109
Nigeria,NGA,2002,"Gross graduation ratio, primary, female (%)",SE.PRM.CMPL.FE.ZS,71.82246
Nigeria,NGA,2001,"Gross graduation ratio, primary, female (%)",SE.PRM.CMPL.FE.ZS,70.10917
Nigeria,NGA,2000,"Gross graduation ratio, primary, female (%)",SE.PRM.CMPL.FE.ZS,74.09571
Nigeria,NGA,1999,"Gross graduation ratio, primary, female (%)",SE.PRM.CMPL.FE.ZS,72.45622
Nigeria,NGA,2009,"Gross graduation ratio, primary, male (%)",SE.PRM.CMPL.MA.ZS,76.42976
Nigeria,NGA,2008,"Gross graduation ratio, primary, male (%)",SE.PRM.CMPL.MA.ZS,75.66812
Nigeria,NGA,2007,"Gross graduation ratio, primary, male (%)",SE.PRM.CMPL.MA.ZS,85.70673
Nigeria,NGA,2006,"Gross graduation ratio, primary, male (%)",SE.PRM.CMPL.MA.ZS,99.18805
Nigeria,NGA,2004,"Gross graduation ratio, primary, male (%)",SE.PRM.CMPL.MA.ZS,88.34287
Nigeria,NGA,2003,"Gross graduation ratio, primary, male (%)",SE.PRM.CMPL.MA.ZS,104.18583
Nigeria,NGA,2002,"Gross graduation ratio, primary, male (%)",SE.PRM.CMPL.MA.ZS,85.67774
Nigeria,NGA,2001,"Gross graduation ratio, primary, male (%)",SE.PRM.CMPL.MA.ZS,85.69283
Nigeria,NGA,2000,"Gross graduation ratio, primary, male (%)",SE.PRM.CMPL.MA.ZS,90.81906
Nigeria,NGA,1999,"Gross graduation ratio, primary, male (%)",SE.PRM.CMPL.MA.ZS,89.44276
Nigeria,NGA,2009,"Gross graduation ratio, primary, total (%)",SE.PRM.CMPL.ZS,71.31937
Nigeria,NGA,2008,"Gross graduation ratio, primary, total (%)",SE.PRM.CMPL.ZS,70.11512
Nigeria,NGA,2007,"Gross graduation ratio, primary, total (%)",SE.PRM.CMPL.ZS,78.97786
Nigeria,NGA,2006,"Gross graduation ratio, primary, total (%)",SE.PRM.CMPL.ZS,88.93408
Nigeria,NGA,2004,"Gross graduation ratio, primary, total (%)",SE.PRM.CMPL.ZS,80.42691
Nigeria,NGA,2003,"Gross graduation ratio, primary, total (%)",SE.PRM.CMPL.ZS,95.29181
Nigeria,NGA,2002,"Gross graduation ratio, primary, total (%)",SE.PRM.CMPL.ZS,78.86049
Nigeria,NGA,2001,"Gross graduation ratio, primary, total (%)",SE.PRM.CMPL.ZS,78.02571
Nigeria,NGA,2000,"Gross graduation ratio, primary, total (%)",SE.PRM.CMPL.ZS,82.59261
Nigeria,NGA,1999,"Gross graduation ratio, primary, total (%)",SE.PRM.CMPL.ZS,81.08661
Nigeria,NGA,1990,"Vocational and Technical enrolment (% of total secondary enrolment), female",SE.SEC.ENRL.FE.VO.ZS,7.19013023376465
Nigeria,NGA,1989,"Vocational and Technical enrolment (% of total secondary enrolment), female",SE.SEC.ENRL.FE.VO.ZS,7.95705986022949
Nigeria,NGA,1984,"Vocational and Technical enrolment (% of total secondary enrolment), female",SE.SEC.ENRL.FE.VO.ZS,7.92199993133545
Nigeria,NGA,1983,"Vocational and Technical enrolment (% of total secondary enrolment), female",SE.SEC.ENRL.FE.VO.ZS,12.0427198410034
Nigeria,NGA,1982,"Vocational and Technical enrolment (% of total secondary enrolment), female",SE.SEC.ENRL.FE.VO.ZS,13.7447299957275
Nigeria,NGA,1981,"Vocational and Technical enrolment (% of total secondary enrolment), female",SE.SEC.ENRL.FE.VO.ZS,12.7865400314331
Nigeria,NGA,1980,"Vocational and Technical enrolment (% of total secondary enrolment), female",SE.SEC.ENRL.FE.VO.ZS,12.8766298294067
Nigeria,NGA,1979,"Vocational and Technical enrolment (% of total secondary enrolment), female",SE.SEC.ENRL.FE.VO.ZS,14.4316501617432
Nigeria,NGA,1978,"Vocational and Technical enrolment (% of total secondary enrolment), female",SE.SEC.ENRL.FE.VO.ZS,13.0094804763794
Nigeria,NGA,1977,"Vocational and Technical enrolment (% of total secondary enrolment), female",SE.SEC.ENRL.FE.VO.ZS,13.5711402893066
Nigeria,NGA,1973,"Vocational and Technical enrolment (% of total secondary enrolment), female",SE.SEC.ENRL.FE.VO.ZS,12.7331399917603
Nigeria,NGA,1972,"Vocational and Technical enrolment (% of total secondary enrolment), female",SE.SEC.ENRL.FE.VO.ZS,7.57425022125244
Nigeria,NGA,1971,"Vocational and Technical enrolment (% of total secondary enrolment), female",SE.SEC.ENRL.FE.VO.ZS,15.2380399703979
Nigeria,NGA,1970,"Vocational and Technical enrolment (% of total secondary enrolment), female",SE.SEC.ENRL.FE.VO.ZS,15.2915802001953
Nigeria,NGA,1990,Share of male students in secondary education enrolled in vocational programmes (%),SE.SEC.ENRL.MA.VO.ZS,6.74315
Nigeria,NGA,1989,Share of male students in secondary education enrolled in vocational programmes (%),SE.SEC.ENRL.MA.VO.ZS,7.45567
Nigeria,NGA,1984,Share of male students in secondary education enrolled in vocational programmes (%),SE.SEC.ENRL.MA.VO.ZS,12.4598
Nigeria,NGA,1983,Share of male students in secondary education enrolled in vocational programmes (%),SE.SEC.ENRL.MA.VO.ZS,13.48172
Nigeria,NGA,1982,Share of male students in secondary education enrolled in vocational programmes (%),SE.SEC.ENRL.MA.VO.ZS,15.56844
Nigeria,NGA,1981,Share of male students in secondary education enrolled in vocational programmes (%),SE.SEC.ENRL.MA.VO.ZS,18.66156
Nigeria,NGA,1980,Share of male students in secondary education enrolled in vocational programmes (%),SE.SEC.ENRL.MA.VO.ZS,19.90426
Nigeria,NGA,1979,Share of male students in secondary education enrolled in vocational programmes (%),SE.SEC.ENRL.MA.VO.ZS,21.65104
Nigeria,NGA,1978,Share of male students in secondary education enrolled in vocational programmes (%),SE.SEC.ENRL.MA.VO.ZS,22.49233
Nigeria,NGA,1977,Share of male students in secondary education enrolled in vocational programmes (%),SE.SEC.ENRL.MA.VO.ZS,22.04952
Nigeria,NGA,1973,Share of male students in secondary education enrolled in vocational programmes (%),SE.SEC.ENRL.MA.VO.ZS,18.23003
Nigeria,NGA,1972,Share of male students in secondary education enrolled in vocational programmes (%),SE.SEC.ENRL.MA.VO.ZS,13.19544
Nigeria,NGA,1971,Share of male students in secondary education enrolled in vocational programmes (%),SE.SEC.ENRL.MA.VO.ZS,19.63129
Nigeria,NGA,1970,Share of male students in secondary education enrolled in vocational programmes (%),SE.SEC.ENRL.MA.VO.ZS,18.8173
Nigeria,NGA,2024,"Number of infant deaths, female",SH.DTH.IMRT.FE,231292
Nigeria,NGA,2023,"Number of infant deaths, female",SH.DTH.IMRT.FE,230037
Nigeria,NGA,2022,"Number of infant deaths, female",SH.DTH.IMRT.FE,227364
Nigeria,NGA,2021,"Number of infant deaths, female",SH.DTH.IMRT.FE,223726
Nigeria,NGA,2020,"Number of infant deaths, female",SH.DTH.IMRT.FE,221412
Nigeria,NGA,2019,"Number of infant deaths, female",SH.DTH.IMRT.FE,221452
Nigeria,NGA,2018,"Number of infant deaths, female",SH.DTH.IMRT.FE,221294
Nigeria,NGA,2017,"Number of infant deaths, female",SH.DTH.IMRT.FE,221224
Nigeria,NGA,2016,"Number of infant deaths, female",SH.DTH.IMRT.FE,221551
Nigeria,NGA,2015,"Number of infant deaths, female",SH.DTH.IMRT.FE,222000
Nigeria,NGA,2014,"Number of infant deaths, female",SH.DTH.IMRT.FE,220241
Nigeria,NGA,2013,"Number of infant deaths, female",SH.DTH.IMRT.FE,218067
Nigeria,NGA,2012,"Number of infant deaths, female",SH.DTH.IMRT.FE,217607
Nigeria,NGA,2011,"Number of infant deaths, female",SH.DTH.IMRT.FE,216765
Nigeria,NGA,2010,"Number of infant deaths, female",SH.DTH.IMRT.FE,215665
Nigeria,NGA,2009,"Number of infant deaths, female",SH.DTH.IMRT.FE,214431
Nigeria,NGA,2008,"Number of infant deaths, female",SH.DTH.IMRT.FE,213343
Nigeria,NGA,2007,"Number of infant deaths, female",SH.DTH.IMRT.FE,213773
Nigeria,NGA,2006,"Number of infant deaths, female",SH.DTH.IMRT.FE,214801
Nigeria,NGA,2005,"Number of infant deaths, female",SH.DTH.IMRT.FE,216761
Nigeria,NGA,2004,"Number of infant deaths, female",SH.DTH.IMRT.FE,219291
Nigeria,NGA,2003,"Number of infant deaths, female",SH.DTH.IMRT.FE,222790
Nigeria,NGA,2002,"Number of infant deaths, female",SH.DTH.IMRT.FE,225535
Nigeria,NGA,2001,"Number of infant deaths, female",SH.DTH.IMRT.FE,227794
Nigeria,NGA,2000,"Number of infant deaths, female",SH.DTH.IMRT.FE,228468
Nigeria,NGA,1999,"Number of infant deaths, female",SH.DTH.IMRT.FE,227170
Nigeria,NGA,1998,"Number of infant deaths, female",SH.DTH.IMRT.FE,226507
Nigeria,NGA,1997,"Number of infant deaths, female",SH.DTH.IMRT.FE,226998
Nigeria,NGA,1996,"Number of infant deaths, female",SH.DTH.IMRT.FE,225345
Nigeria,NGA,1995,"Number of infant deaths, female",SH.DTH.IMRT.FE,221325
Nigeria,NGA,1994,"Number of infant deaths, female",SH.DTH.IMRT.FE,216409
Nigeria,NGA,1993,"Number of infant deaths, female",SH.DTH.IMRT.FE,211519
Nigeria,NGA,1992,"Number of infant deaths, female",SH.DTH.IMRT.FE,205956
Nigeria,NGA,1991,"Number of infant deaths, female",SH.DTH.IMRT.FE,200982
Nigeria,NGA,1990,"Number of infant deaths, female",SH.DTH.IMRT.FE,196637
Nigeria,NGA,1989,"Number of infant deaths, female",SH.DTH.IMRT.FE,191813
Nigeria,NGA,1988,"Number of infant deaths, female",SH.DTH.IMRT.FE,186634
Nigeria,NGA,1987,"Number of infant deaths, female",SH.DTH.IMRT.FE,182405
Nigeria,NGA,1986,"Number of infant deaths, female",SH.DTH.IMRT.FE,179150
Nigeria,NGA,1985,"Number of infant deaths, female",SH.DTH.IMRT.FE,176111
Nigeria,NGA,1984,"Number of infant deaths, female",SH.DTH.IMRT.FE,174338
Nigeria,NGA,1983,"Number of infant deaths, female",SH.DTH.IMRT.FE,172237
Nigeria,NGA,1982,"Number of infant deaths, female",SH.DTH.IMRT.FE,169305
Nigeria,NGA,1981,"Number of infant deaths, female",SH.DTH.IMRT.FE,167608
Nigeria,NGA,1980,"Number of infant deaths, female",SH.DTH.IMRT.FE,166874
Nigeria,NGA,1979,"Number of infant deaths, female",SH.DTH.IMRT.FE,166996
Nigeria,NGA,1978,"Number of infant deaths, female",SH.DTH.IMRT.FE,167019
Nigeria,NGA,1977,"Number of infant deaths, female",SH.DTH.IMRT.FE,166578
Nigeria,NGA,1976,"Number of infant deaths, female",SH.DTH.IMRT.FE,167114
Nigeria,NGA,1975,"Number of infant deaths, female",SH.DTH.IMRT.FE,167738
Nigeria,NGA,1974,"Number of infant deaths, female",SH.DTH.IMRT.FE,167940
Nigeria,NGA,1973,"Number of infant deaths, female",SH.DTH.IMRT.FE,168388
Nigeria,NGA,1972,"Number of infant deaths, female",SH.DTH.IMRT.FE,169440
Nigeria,NGA,1971,"Number of infant deaths, female",SH.DTH.IMRT.FE,168515
Nigeria,NGA,1970,"Number of infant deaths, female",SH.DTH.IMRT.FE,242667
Nigeria,NGA,1969,"Number of infant deaths, female",SH.DTH.IMRT.FE,243170
Nigeria,NGA,1968,"Number of infant deaths, female",SH.DTH.IMRT.FE,246381
Nigeria,NGA,1967,"Number of infant deaths, female",SH.DTH.IMRT.FE,172415
Nigeria,NGA,1966,"Number of infant deaths, female",SH.DTH.IMRT.FE,172675
Nigeria,NGA,1965,"Number of infant deaths, female",SH.DTH.IMRT.FE,172856
Nigeria,NGA,2024,"Number of infant deaths, male",SH.DTH.IMRT.MA,288352
Nigeria,NGA,2023,"Number of infant deaths, male",SH.DTH.IMRT.MA,287012
Nigeria,NGA,2022,"Number of infant deaths, male",SH.DTH.IMRT.MA,283720
Nigeria,NGA,2021,"Number of infant deaths, male",SH.DTH.IMRT.MA,278996
Nigeria,NGA,2020,"Number of infant deaths, male",SH.DTH.IMRT.MA,276013
Nigeria,NGA,2019,"Number of infant deaths, male",SH.DTH.IMRT.MA,276599
Nigeria,NGA,2018,"Number of infant deaths, male",SH.DTH.IMRT.MA,276386
Nigeria,NGA,2017,"Number of infant deaths, male",SH.DTH.IMRT.MA,276208
Nigeria,NGA,2016,"Number of infant deaths, male",SH.DTH.IMRT.MA,276736
Nigeria,NGA,2015,"Number of infant deaths, male",SH.DTH.IMRT.MA,276939
Nigeria,NGA,2014,"Number of infant deaths, male",SH.DTH.IMRT.MA,276254
Nigeria,NGA,2013,"Number of infant deaths, male",SH.DTH.IMRT.MA,275107
Nigeria,NGA,2012,"Number of infant deaths, male",SH.DTH.IMRT.MA,274539
Nigeria,NGA,2011,"Number of infant deaths, male",SH.DTH.IMRT.MA,273814
Nigeria,NGA,2010,"Number of infant deaths, male",SH.DTH.IMRT.MA,272779
Nigeria,NGA,2009,"Number of infant deaths, male",SH.DTH.IMRT.MA,272649
Nigeria,NGA,2008,"Number of infant deaths, male",SH.DTH.IMRT.MA,272151
Nigeria,NGA,2007,"Number of infant deaths, male",SH.DTH.IMRT.MA,271805
Nigeria,NGA,2006,"Number of infant deaths, male",SH.DTH.IMRT.MA,273061
Nigeria,NGA,2005,"Number of infant deaths, male",SH.DTH.IMRT.MA,273641
Nigeria,NGA,2004,"Number of infant deaths, male",SH.DTH.IMRT.MA,275238
Nigeria,NGA,2003,"Number of infant deaths, male",SH.DTH.IMRT.MA,276893
Nigeria,NGA,2002,"Number of infant deaths, male",SH.DTH.IMRT.MA,278981
Nigeria,NGA,2001,"Number of infant deaths, male",SH.DTH.IMRT.MA,280752
Nigeria,NGA,2000,"Number of infant deaths, male",SH.DTH.IMRT.MA,280352
Nigeria,NGA,1999,"Number of infant deaths, male",SH.DTH.IMRT.MA,278680
Nigeria,NGA,1998,"Number of infant deaths, male",SH.DTH.IMRT.MA,278782
Nigeria,NGA,1997,"Number of infant deaths, male",SH.DTH.IMRT.MA,278107
Nigeria,NGA,1996,"Number of infant deaths, male",SH.DTH.IMRT.MA,276325
Nigeria,NGA,1995,"Number of infant deaths, male",SH.DTH.IMRT.MA,271934
Nigeria,NGA,1994,"Number of infant deaths, male",SH.DTH.IMRT.MA,265924
Nigeria,NGA,1993,"Number of infant deaths, male",SH.DTH.IMRT.MA,260024
Nigeria,NGA,1992,"Number of infant deaths, male",SH.DTH.IMRT.MA,254392
Nigeria,NGA,1991,"Number of infant deaths, male",SH.DTH.IMRT.MA,249017
Nigeria,NGA,1990,"Number of infant deaths, male",SH.DTH.IMRT.MA,243545
Nigeria,NGA,1989,"Number of infant deaths, male",SH.DTH.IMRT.MA,236779
Nigeria,NGA,1988,"Number of infant deaths, male",SH.DTH.IMRT.MA,229913
Nigeria,NGA,1987,"Number of infant deaths, male",SH.DTH.IMRT.MA,224276
Nigeria,NGA,1986,"Number of infant deaths, male",SH.DTH.IMRT.MA,219768
Nigeria,NGA,1985,"Number of infant deaths, male",SH.DTH.IMRT.MA,215646
Nigeria,NGA,1984,"Number of infant deaths, male",SH.DTH.IMRT.MA,212897
Nigeria,NGA,1983,"Number of infant deaths, male",SH.DTH.IMRT.MA,209623
Nigeria,NGA,1982,"Number of infant deaths, male",SH.DTH.IMRT.MA,205364
Nigeria,NGA,1981,"Number of infant deaths, male",SH.DTH.IMRT.MA,202936
Nigeria,NGA,1980,"Number of infant deaths, male",SH.DTH.IMRT.MA,201948
Nigeria,NGA,1979,"Number of infant deaths, male",SH.DTH.IMRT.MA,201940
Nigeria,NGA,1978,"Number of infant deaths, male",SH.DTH.IMRT.MA,201932
Nigeria,NGA,1977,"Number of infant deaths, male",SH.DTH.IMRT.MA,201267
Nigeria,NGA,1976,"Number of infant deaths, male",SH.DTH.IMRT.MA,201593
Nigeria,NGA,1975,"Number of infant deaths, male",SH.DTH.IMRT.MA,202000
Nigeria,NGA,1974,"Number of infant deaths, male",SH.DTH.IMRT.MA,202121
Nigeria,NGA,1973,"Number of infant deaths, male",SH.DTH.IMRT.MA,202369
Nigeria,NGA,1972,"Number of infant deaths, male",SH.DTH.IMRT.MA,203322
Nigeria,NGA,1971,"Number of infant deaths, male",SH.DTH.IMRT.MA,201906
Nigeria,NGA,1970,"Number of infant deaths, male",SH.DTH.IMRT.MA,278849
Nigeria,NGA,1969,"Number of infant deaths, male",SH.DTH.IMRT.MA,279189
Nigeria,NGA,1968,"Number of infant deaths, male",SH.DTH.IMRT.MA,282258
Nigeria,NGA,1967,"Number of infant deaths, male",SH.DTH.IMRT.MA,205405
Nigeria,NGA,1966,"Number of infant deaths, male",SH.DTH.IMRT.MA,205348
Nigeria,NGA,1965,"Number of infant deaths, male",SH.DTH.IMRT.MA,205452
Nigeria,NGA,2024,"Number of under-five deaths, female",SH.DTH.MORT.FE,397831
Nigeria,NGA,2023,"Number of under-five deaths, female",SH.DTH.MORT.FE,398904
Nigeria,NGA,2022,"Number of under-five deaths, female",SH.DTH.MORT.FE,398385
Nigeria,NGA,2021,"Number of under-five deaths, female",SH.DTH.MORT.FE,396551
Nigeria,NGA,2020,"Number of under-five deaths, female",SH.DTH.MORT.FE,395850
Nigeria,NGA,2019,"Number of under-five deaths, female",SH.DTH.MORT.FE,397706
Nigeria,NGA,2018,"Number of under-five deaths, female",SH.DTH.MORT.FE,398130
Nigeria,NGA,2017,"Number of under-five deaths, female",SH.DTH.MORT.FE,398453
Nigeria,NGA,2016,"Number of under-five deaths, female",SH.DTH.MORT.FE,398897
Nigeria,NGA,2015,"Number of under-five deaths, female",SH.DTH.MORT.FE,398754
Nigeria,NGA,2014,"Number of under-five deaths, female",SH.DTH.MORT.FE,396577
Nigeria,NGA,2013,"Number of under-five deaths, female",SH.DTH.MORT.FE,394190
Nigeria,NGA,2012,"Number of under-five deaths, female",SH.DTH.MORT.FE,393721
Nigeria,NGA,2011,"Number of under-five deaths, female",SH.DTH.MORT.FE,393337
Nigeria,NGA,2010,"Number of under-five deaths, female",SH.DTH.MORT.FE,392663
Nigeria,NGA,2009,"Number of under-five deaths, female",SH.DTH.MORT.FE,391792
Nigeria,NGA,2008,"Number of under-five deaths, female",SH.DTH.MORT.FE,391898
Nigeria,NGA,2007,"Number of under-five deaths, female",SH.DTH.MORT.FE,394338
Nigeria,NGA,2006,"Number of under-five deaths, female",SH.DTH.MORT.FE,397515
Nigeria,NGA,2005,"Number of under-five deaths, female",SH.DTH.MORT.FE,402558
Nigeria,NGA,2004,"Number of under-five deaths, female",SH.DTH.MORT.FE,407835
Nigeria,NGA,2003,"Number of under-five deaths, female",SH.DTH.MORT.FE,414106
Nigeria,NGA,2002,"Number of under-five deaths, female",SH.DTH.MORT.FE,419944
Nigeria,NGA,2001,"Number of under-five deaths, female",SH.DTH.MORT.FE,425387
Nigeria,NGA,2000,"Number of under-five deaths, female",SH.DTH.MORT.FE,430205
Nigeria,NGA,1999,"Number of under-five deaths, female",SH.DTH.MORT.FE,432949
Nigeria,NGA,1998,"Number of under-five deaths, female",SH.DTH.MORT.FE,435669
Nigeria,NGA,1997,"Number of under-five deaths, female",SH.DTH.MORT.FE,438521
Nigeria,NGA,1996,"Number of under-five deaths, female",SH.DTH.MORT.FE,437849
Nigeria,NGA,1995,"Number of under-five deaths, female",SH.DTH.MORT.FE,433815
Nigeria,NGA,1994,"Number of under-five deaths, female",SH.DTH.MORT.FE,427497
Nigeria,NGA,1993,"Number of under-five deaths, female",SH.DTH.MORT.FE,420444
Nigeria,NGA,1992,"Number of under-five deaths, female",SH.DTH.MORT.FE,411940
Nigeria,NGA,1991,"Number of under-five deaths, female",SH.DTH.MORT.FE,404108
Nigeria,NGA,1990,"Number of under-five deaths, female",SH.DTH.MORT.FE,397093
Nigeria,NGA,1989,"Number of under-five deaths, female",SH.DTH.MORT.FE,389798
Nigeria,NGA,1988,"Number of under-five deaths, female",SH.DTH.MORT.FE,382544
Nigeria,NGA,1987,"Number of under-five deaths, female",SH.DTH.MORT.FE,376060
Nigeria,NGA,1986,"Number of under-five deaths, female",SH.DTH.MORT.FE,369785
Nigeria,NGA,1985,"Number of under-five deaths, female",SH.DTH.MORT.FE,363038
Nigeria,NGA,1984,"Number of under-five deaths, female",SH.DTH.MORT.FE,356767
Nigeria,NGA,1983,"Number of under-five deaths, female",SH.DTH.MORT.FE,350461
Nigeria,NGA,1982,"Number of under-five deaths, female",SH.DTH.MORT.FE,343663
Nigeria,NGA,1981,"Number of under-five deaths, female",SH.DTH.MORT.FE,338372
Nigeria,NGA,1980,"Number of under-five deaths, female",SH.DTH.MORT.FE,334953
Nigeria,NGA,1979,"Number of under-five deaths, female",SH.DTH.MORT.FE,332554
Nigeria,NGA,1978,"Number of under-five deaths, female",SH.DTH.MORT.FE,330927
Nigeria,NGA,1977,"Number of under-five deaths, female",SH.DTH.MORT.FE,328749
Nigeria,NGA,1976,"Number of under-five deaths, female",SH.DTH.MORT.FE,328485
Nigeria,NGA,1975,"Number of under-five deaths, female",SH.DTH.MORT.FE,328111
Nigeria,NGA,1974,"Number of under-five deaths, female",SH.DTH.MORT.FE,326289
Nigeria,NGA,1973,"Number of under-five deaths, female",SH.DTH.MORT.FE,323638
Nigeria,NGA,1972,"Number of under-five deaths, female",SH.DTH.MORT.FE,321186
Nigeria,NGA,1971,"Number of under-five deaths, female",SH.DTH.MORT.FE,318301
Nigeria,NGA,1970,"Number of under-five deaths, female",SH.DTH.MORT.FE,464892
Nigeria,NGA,1969,"Number of under-five deaths, female",SH.DTH.MORT.FE,472465
Nigeria,NGA,2024,"Number of under-five deaths, male",SH.DTH.MORT.MA,457845
Nigeria,NGA,2023,"Number of under-five deaths, male",SH.DTH.MORT.MA,458340
Nigeria,NGA,2022,"Number of under-five deaths, male",SH.DTH.MORT.MA,456987
Nigeria,NGA,2021,"Number of under-five deaths, male",SH.DTH.MORT.MA,454211
Nigeria,NGA,2020,"Number of under-five deaths, male",SH.DTH.MORT.MA,453530
Nigeria,NGA,2019,"Number of under-five deaths, male",SH.DTH.MORT.MA,456185
Nigeria,NGA,2018,"Number of under-five deaths, male",SH.DTH.MORT.MA,457683
Nigeria,NGA,2017,"Number of under-five deaths, male",SH.DTH.MORT.MA,458493
Nigeria,NGA,2016,"Number of under-five deaths, male",SH.DTH.MORT.MA,459378
Nigeria,NGA,2015,"Number of under-five deaths, male",SH.DTH.MORT.MA,459783
Nigeria,NGA,2014,"Number of under-five deaths, male",SH.DTH.MORT.MA,459244
Nigeria,NGA,2013,"Number of under-five deaths, male",SH.DTH.MORT.MA,458466
Nigeria,NGA,2012,"Number of under-five deaths, male",SH.DTH.MORT.MA,458171
Nigeria,NGA,2011,"Number of under-five deaths, male",SH.DTH.MORT.MA,457737
Nigeria,NGA,2010,"Number of under-five deaths, male",SH.DTH.MORT.MA,457553
Nigeria,NGA,2009,"Number of under-five deaths, male",SH.DTH.MORT.MA,458836
Nigeria,NGA,2008,"Number of under-five deaths, male",SH.DTH.MORT.MA,459949
Nigeria,NGA,2007,"Number of under-five deaths, male",SH.DTH.MORT.MA,461626
Nigeria,NGA,2006,"Number of under-five deaths, male",SH.DTH.MORT.MA,465405
Nigeria,NGA,2005,"Number of under-five deaths, male",SH.DTH.MORT.MA,468582
Nigeria,NGA,2004,"Number of under-five deaths, male",SH.DTH.MORT.MA,473385
Nigeria,NGA,2003,"Number of under-five deaths, male",SH.DTH.MORT.MA,478169
Nigeria,NGA,2002,"Number of under-five deaths, male",SH.DTH.MORT.MA,483631
Nigeria,NGA,2001,"Number of under-five deaths, male",SH.DTH.MORT.MA,489578
Nigeria,NGA,2000,"Number of under-five deaths, male",SH.DTH.MORT.MA,493723
Nigeria,NGA,1999,"Number of under-five deaths, male",SH.DTH.MORT.MA,496928
Nigeria,NGA,1998,"Number of under-five deaths, male",SH.DTH.MORT.MA,501157
Nigeria,NGA,1997,"Number of under-five deaths, male",SH.DTH.MORT.MA,502851
Nigeria,NGA,1996,"Number of under-five deaths, male",SH.DTH.MORT.MA,501773
Nigeria,NGA,1995,"Number of under-five deaths, male",SH.DTH.MORT.MA,496661
Nigeria,NGA,1994,"Number of under-five deaths, male",SH.DTH.MORT.MA,489678
Nigeria,NGA,1993,"Number of under-five deaths, male",SH.DTH.MORT.MA,481952
Nigeria,NGA,1992,"Number of under-five deaths, male",SH.DTH.MORT.MA,473985
Nigeria,NGA,1991,"Number of under-five deaths, male",SH.DTH.MORT.MA,465916
Nigeria,NGA,1990,"Number of under-five deaths, male",SH.DTH.MORT.MA,457974
Nigeria,NGA,1989,"Number of under-five deaths, male",SH.DTH.MORT.MA,448549
Nigeria,NGA,1988,"Number of under-five deaths, male",SH.DTH.MORT.MA,439542
Nigeria,NGA,1987,"Number of under-five deaths, male",SH.DTH.MORT.MA,431296
Nigeria,NGA,1986,"Number of under-five deaths, male",SH.DTH.MORT.MA,423117
Nigeria,NGA,1985,"Number of under-five deaths, male",SH.DTH.MORT.MA,414607
Nigeria,NGA,1984,"Number of under-five deaths, male",SH.DTH.MORT.MA,407374
Nigeria,NGA,1983,"Number of under-five deaths, male",SH.DTH.MORT.MA,399447
Nigeria,NGA,1982,"Number of under-five deaths, male",SH.DTH.MORT.MA,391355
Nigeria,NGA,1981,"Number of under-five deaths, male",SH.DTH.MORT.MA,385548
Nigeria,NGA,1980,"Number of under-five deaths, male",SH.DTH.MORT.MA,381585
Nigeria,NGA,1979,"Number of under-five deaths, male",SH.DTH.MORT.MA,378893
Nigeria,NGA,1978,"Number of under-five deaths, male",SH.DTH.MORT.MA,376613
Nigeria,NGA,1977,"Number of under-five deaths, male",SH.DTH.MORT.MA,374311
Nigeria,NGA,1976,"Number of under-five deaths, male",SH.DTH.MORT.MA,373392
Nigeria,NGA,1975,"Number of under-five deaths, male",SH.DTH.MORT.MA,372363
Nigeria,NGA,1974,"Number of under-five deaths, male",SH.DTH.MORT.MA,369876
Nigeria,NGA,1973,"Number of under-five deaths, male",SH.DTH.MORT.MA,366621
Nigeria,NGA,1972,"Number of under-five deaths, male",SH.DTH.MORT.MA,363193
Nigeria,NGA,1971,"Number of under-five deaths, male",SH.DTH.MORT.MA,358818
Nigeria,NGA,1970,"Number of under-five deaths, male",SH.DTH.MORT.MA,511629
Nigeria,NGA,1969,"Number of under-five deaths, male",SH.DTH.MORT.MA,518629
